ISO-10303-21;
HEADER;
FILE_DESCRIPTION(('KiCad electronic assembly'),'2;1');
FILE_NAME('rencoder-debouncer.step','2025-07-09T00:12:41',('Pcbnew'),(
    'Kicad'),'Open CASCADE STEP processor 7.9','KiCad to STEP converter'
  ,'Unknown');
FILE_SCHEMA(('AUTOMOTIVE_DESIGN { 1 0 10303 214 1 1 1 1 }'));
ENDSEC;
DATA;
#1 = APPLICATION_PROTOCOL_DEFINITION('international standard',
  'automotive_design',2000,#2);
#2 = APPLICATION_CONTEXT(
  'core data for automotive mechanical design processes');
#3 = SHAPE_DEFINITION_REPRESENTATION(#4,#10);
#4 = PRODUCT_DEFINITION_SHAPE('','',#5);
#5 = PRODUCT_DEFINITION('design','',#6,#9);
#6 = PRODUCT_DEFINITION_FORMATION('','',#7);
#7 = PRODUCT('rencoder-debouncer 1','rencoder-debouncer 1','',(#8));
#8 = PRODUCT_CONTEXT('',#2,'mechanical');
#9 = PRODUCT_DEFINITION_CONTEXT('part definition',#2,'design');
#10 = SHAPE_REPRESENTATION('',(#11,#15,#19,#23,#27,#31,#35,#39,#43,#47,
    #51,#55,#59,#63,#67,#71,#75,#79,#83,#87,#91,#95,#99,#103,#107),#111
  );
#11 = AXIS2_PLACEMENT_3D('',#12,#13,#14);
#12 = CARTESIAN_POINT('',(0.,0.,0.));
#13 = DIRECTION('',(0.,0.,1.));
#14 = DIRECTION('',(1.,0.,-0.));
#15 = AXIS2_PLACEMENT_3D('',#16,#17,#18);
#16 = CARTESIAN_POINT('',(-11.7475,1.5875,1.595));
#17 = DIRECTION('',(0.,-0.,1.));
#18 = DIRECTION('',(1.110223024625E-16,1.,0.));
#19 = AXIS2_PLACEMENT_3D('',#20,#21,#22);
#20 = CARTESIAN_POINT('',(6.0325,14.2875,1.595));
#21 = DIRECTION('',(-0.,0.,1.));
#22 = DIRECTION('',(1.110223024625E-16,-1.,0.));
#23 = AXIS2_PLACEMENT_3D('',#24,#25,#26);
#24 = CARTESIAN_POINT('',(-0.3175,1.5875,1.595));
#25 = DIRECTION('',(0.,-0.,1.));
#26 = DIRECTION('',(1.110223024625E-16,1.,0.));
#27 = AXIS2_PLACEMENT_3D('',#28,#29,#30);
#28 = CARTESIAN_POINT('',(-16.8275,-14.9225,1.595));
#29 = DIRECTION('',(0.,-0.,1.));
#30 = DIRECTION('',(1.110223024625E-16,1.,0.));
#31 = AXIS2_PLACEMENT_3D('',#32,#33,#34);
#32 = CARTESIAN_POINT('',(9.8425,-13.0175,1.595));
#33 = DIRECTION('',(0.,-0.,1.));
#34 = DIRECTION('',(1.110223024625E-16,1.,0.));
#35 = AXIS2_PLACEMENT_3D('',#36,#37,#38);
#36 = CARTESIAN_POINT('',(21.2725,-14.9225,1.595));
#37 = DIRECTION('',(0.,-0.,1.));
#38 = DIRECTION('',(1.110223024625E-16,1.,0.));
#39 = AXIS2_PLACEMENT_3D('',#40,#41,#42);
#40 = CARTESIAN_POINT('',(-21.2725,-2.2225,1.595));
#41 = DIRECTION('',(-0.,0.,1.));
#42 = DIRECTION('',(1.110223024625E-16,-1.,0.));
#43 = AXIS2_PLACEMENT_3D('',#44,#45,#46);
#44 = CARTESIAN_POINT('',(-0.3175,-14.9225,1.595));
#45 = DIRECTION('',(0.,-0.,1.));
#46 = DIRECTION('',(1.110223024625E-16,1.,0.));
#47 = AXIS2_PLACEMENT_3D('',#48,#49,#50);
#48 = CARTESIAN_POINT('',(26.3525,-4.0675,1.595));
#49 = DIRECTION('',(0.,-0.,1.));
#50 = DIRECTION('',(1.110223024625E-16,1.,0.));
#51 = AXIS2_PLACEMENT_3D('',#52,#53,#54);
#52 = CARTESIAN_POINT('',(32.0675,12.3625,1.595));
#53 = DIRECTION('',(-0.,0.,1.));
#54 = DIRECTION('',(1.110223024625E-16,-1.,0.));
#55 = AXIS2_PLACEMENT_3D('',#56,#57,#58);
#56 = CARTESIAN_POINT('',(9.8425,14.2875,1.595));
#57 = DIRECTION('',(0.,0.,1.));
#58 = DIRECTION('',(1.,0.,0.));
#59 = AXIS2_PLACEMENT_3D('',#60,#61,#62);
#60 = CARTESIAN_POINT('',(9.8425,3.4925,1.595));
#61 = DIRECTION('',(0.,-0.,1.));
#62 = DIRECTION('',(1.110223024625E-16,1.,0.));
#63 = AXIS2_PLACEMENT_3D('',#64,#65,#66);
#64 = CARTESIAN_POINT('',(-25.0825,14.2875,1.595));
#65 = DIRECTION('',(0.,0.,1.));
#66 = DIRECTION('',(1.,0.,0.));
#67 = AXIS2_PLACEMENT_3D('',#68,#69,#70);
#68 = CARTESIAN_POINT('',(26.3525,9.8425,1.595));
#69 = DIRECTION('',(0.,0.,1.));
#70 = DIRECTION('',(1.,0.,0.));
#71 = AXIS2_PLACEMENT_3D('',#72,#73,#74);
#72 = CARTESIAN_POINT('',(-15.5575,14.2875,1.595));
#73 = DIRECTION('',(0.,0.,1.));
#74 = DIRECTION('',(-1.,1.224646799147E-16,0.));
#75 = AXIS2_PLACEMENT_3D('',#76,#77,#78);
#76 = CARTESIAN_POINT('',(6.0325,-2.2225,1.595));
#77 = DIRECTION('',(-0.,0.,1.));
#78 = DIRECTION('',(1.110223024625E-16,-1.,0.));
#79 = AXIS2_PLACEMENT_3D('',#80,#81,#82);
#80 = CARTESIAN_POINT('',(-11.7475,-14.9225,1.595));
#81 = DIRECTION('',(0.,-0.,1.));
#82 = DIRECTION('',(1.110223024625E-16,1.,0.));
#83 = AXIS2_PLACEMENT_3D('',#84,#85,#86);
#84 = CARTESIAN_POINT('',(24.4475,-12.4225,1.595));
#85 = DIRECTION('',(-0.,0.,1.));
#86 = DIRECTION('',(1.110223024625E-16,-1.,0.));
#87 = AXIS2_PLACEMENT_3D('',#88,#89,#90);
#88 = CARTESIAN_POINT('',(-4.1275,14.2875,1.595));
#89 = DIRECTION('',(-0.,0.,1.));
#90 = DIRECTION('',(1.110223024625E-16,-1.,0.));
#91 = AXIS2_PLACEMENT_3D('',#92,#93,#94);
#92 = CARTESIAN_POINT('',(21.2725,1.5875,1.595));
#93 = DIRECTION('',(0.,-0.,1.));
#94 = DIRECTION('',(1.110223024625E-16,1.,0.));
#95 = AXIS2_PLACEMENT_3D('',#96,#97,#98);
#96 = CARTESIAN_POINT('',(-4.1275,-2.2225,1.595));
#97 = DIRECTION('',(-0.,0.,1.));
#98 = DIRECTION('',(1.110223024625E-16,-1.,0.));
#99 = AXIS2_PLACEMENT_3D('',#100,#101,#102);
#100 = CARTESIAN_POINT('',(9.8425,-2.2225,1.595));
#101 = DIRECTION('',(0.,0.,1.));
#102 = DIRECTION('',(1.,0.,0.));
#103 = AXIS2_PLACEMENT_3D('',#104,#105,#106);
#104 = CARTESIAN_POINT('',(-23.1775,11.1125,1.595));
#105 = DIRECTION('',(0.,0.,1.));
#106 = DIRECTION('',(1.,0.,0.));
#107 = AXIS2_PLACEMENT_3D('',#108,#109,#110);
#108 = CARTESIAN_POINT('',(0.,0.,0.));
#109 = DIRECTION('',(0.,0.,1.));
#110 = DIRECTION('',(1.,0.,-0.));
#111 = ( GEOMETRIC_REPRESENTATION_CONTEXT(3) 
GLOBAL_UNCERTAINTY_ASSIGNED_CONTEXT((#115)) GLOBAL_UNIT_ASSIGNED_CONTEXT
((#112,#113,#114)) REPRESENTATION_CONTEXT('Context #1',
  '3D Context with UNIT and UNCERTAINTY') );
#112 = ( LENGTH_UNIT() NAMED_UNIT(*) SI_UNIT(.MILLI.,.METRE.) );
#113 = ( NAMED_UNIT(*) PLANE_ANGLE_UNIT() SI_UNIT($,.RADIAN.) );
#114 = ( NAMED_UNIT(*) SI_UNIT($,.STERADIAN.) SOLID_ANGLE_UNIT() );
#115 = UNCERTAINTY_MEASURE_WITH_UNIT(LENGTH_MEASURE(5.E-07),#112,
  'distance_accuracy_value','confusion accuracy');
#116 = PRODUCT_RELATED_PRODUCT_CATEGORY('part',$,(#7));
#117 = SHAPE_DEFINITION_REPRESENTATION(#118,#124);
#118 = PRODUCT_DEFINITION_SHAPE('','',#119);
#119 = PRODUCT_DEFINITION('design','',#120,#123);
#120 = PRODUCT_DEFINITION_FORMATION('','',#121);
#121 = PRODUCT('R_Axial_DIN0309_L9.0mm_D3.2mm_P12.70mm_Horizontal',
  'R_Axial_DIN0309_L9.0mm_D3.2mm_P12.70mm_Horizontal','',(#122));
#122 = PRODUCT_CONTEXT('',#2,'mechanical');
#123 = PRODUCT_DEFINITION_CONTEXT('part definition',#2,'design');
#124 = ADVANCED_BREP_SHAPE_REPRESENTATION('',(#11,#125),#512);
#125 = MANIFOLD_SOLID_BREP('',#126);
#126 = CLOSED_SHELL('',(#127,#160,#186,#206,#226,#251,#276,#296,#322,
    #347,#372,#398,#407,#427,#452,#478,#503));
#127 = ADVANCED_FACE('',(#128),#155,.T.);
#128 = FACE_BOUND('',#129,.T.);
#129 = EDGE_LOOP('',(#130,#139,#147,#154));
#130 = ORIENTED_EDGE('',*,*,#131,.T.);
#131 = EDGE_CURVE('',#132,#132,#134,.T.);
#132 = VERTEX_POINT('',#133);
#133 = CARTESIAN_POINT('',(2.65,1.6,1.6));
#134 = CIRCLE('',#135,1.6);
#135 = AXIS2_PLACEMENT_3D('',#136,#137,#138);
#136 = CARTESIAN_POINT('',(2.65,0.,1.6));
#137 = DIRECTION('',(1.,0.,0.));
#138 = DIRECTION('',(-0.,1.,0.));
#139 = ORIENTED_EDGE('',*,*,#140,.T.);
#140 = EDGE_CURVE('',#132,#141,#143,.T.);
#141 = VERTEX_POINT('',#142);
#142 = CARTESIAN_POINT('',(4.1,1.6,1.6));
#143 = LINE('',#144,#145);
#144 = CARTESIAN_POINT('',(1.85,1.6,1.6));
#145 = VECTOR('',#146,1.);
#146 = DIRECTION('',(1.,0.,0.));
#147 = ORIENTED_EDGE('',*,*,#148,.F.);
#148 = EDGE_CURVE('',#141,#141,#149,.T.);
#149 = CIRCLE('',#150,1.6);
#150 = AXIS2_PLACEMENT_3D('',#151,#152,#153);
#151 = CARTESIAN_POINT('',(4.1,0.,1.6));
#152 = DIRECTION('',(1.,0.,0.));
#153 = DIRECTION('',(-0.,1.,0.));
#154 = ORIENTED_EDGE('',*,*,#140,.F.);
#155 = CYLINDRICAL_SURFACE('',#156,1.6);
#156 = AXIS2_PLACEMENT_3D('',#157,#158,#159);
#157 = CARTESIAN_POINT('',(1.85,0.,1.6));
#158 = DIRECTION('',(-1.,-0.,-0.));
#159 = DIRECTION('',(0.,1.,0.));
#160 = ADVANCED_FACE('',(#161),#181,.T.);
#161 = FACE_BOUND('',#162,.T.);
#162 = EDGE_LOOP('',(#163,#172,#179,#180));
#163 = ORIENTED_EDGE('',*,*,#164,.T.);
#164 = EDGE_CURVE('',#165,#165,#167,.T.);
#165 = VERTEX_POINT('',#166);
#166 = CARTESIAN_POINT('',(1.85,0.8,1.6));
#167 = CIRCLE('',#168,0.8);
#168 = AXIS2_PLACEMENT_3D('',#169,#170,#171);
#169 = CARTESIAN_POINT('',(1.85,0.,1.6));
#170 = DIRECTION('',(1.,0.,0.));
#171 = DIRECTION('',(-0.,1.,0.));
#172 = ORIENTED_EDGE('',*,*,#173,.F.);
#173 = EDGE_CURVE('',#132,#165,#174,.T.);
#174 = CIRCLE('',#175,0.8);
#175 = AXIS2_PLACEMENT_3D('',#176,#177,#178);
#176 = CARTESIAN_POINT('',(2.65,0.8,1.6));
#177 = DIRECTION('',(0.,-0.,1.));
#178 = DIRECTION('',(0.,1.,0.));
#179 = ORIENTED_EDGE('',*,*,#131,.F.);
#180 = ORIENTED_EDGE('',*,*,#173,.T.);
#181 = TOROIDAL_SURFACE('',#182,0.8,0.8);
#182 = AXIS2_PLACEMENT_3D('',#183,#184,#185);
#183 = CARTESIAN_POINT('',(2.65,0.,1.6));
#184 = DIRECTION('',(-1.,0.,0.));
#185 = DIRECTION('',(0.,1.,0.));
#186 = ADVANCED_FACE('',(#187,#190),#201,.F.);
#187 = FACE_BOUND('',#188,.F.);
#188 = EDGE_LOOP('',(#189));
#189 = ORIENTED_EDGE('',*,*,#148,.F.);
#190 = FACE_BOUND('',#191,.F.);
#191 = EDGE_LOOP('',(#192));
#192 = ORIENTED_EDGE('',*,*,#193,.F.);
#193 = EDGE_CURVE('',#194,#194,#196,.T.);
#194 = VERTEX_POINT('',#195);
#195 = CARTESIAN_POINT('',(4.1,1.44,1.6));
#196 = CIRCLE('',#197,1.44);
#197 = AXIS2_PLACEMENT_3D('',#198,#199,#200);
#198 = CARTESIAN_POINT('',(4.1,0.,1.6));
#199 = DIRECTION('',(-1.,0.,0.));
#200 = DIRECTION('',(0.,1.,0.));
#201 = PLANE('',#202);
#202 = AXIS2_PLACEMENT_3D('',#203,#204,#205);
#203 = CARTESIAN_POINT('',(4.1,1.6,1.6));
#204 = DIRECTION('',(-1.,0.,0.));
#205 = DIRECTION('',(0.,0.,-1.));
#206 = ADVANCED_FACE('',(#207,#210),#221,.T.);
#207 = FACE_BOUND('',#208,.T.);
#208 = EDGE_LOOP('',(#209));
#209 = ORIENTED_EDGE('',*,*,#164,.F.);
#210 = FACE_BOUND('',#211,.T.);
#211 = EDGE_LOOP('',(#212));
#212 = ORIENTED_EDGE('',*,*,#213,.T.);
#213 = EDGE_CURVE('',#214,#214,#216,.T.);
#214 = VERTEX_POINT('',#215);
#215 = CARTESIAN_POINT('',(1.85,0.,1.25));
#216 = CIRCLE('',#217,0.35);
#217 = AXIS2_PLACEMENT_3D('',#218,#219,#220);
#218 = CARTESIAN_POINT('',(1.85,0.,1.6));
#219 = DIRECTION('',(1.,-0.,0.));
#220 = DIRECTION('',(0.,0.,-1.));
#221 = PLANE('',#222);
#222 = AXIS2_PLACEMENT_3D('',#223,#224,#225);
#223 = CARTESIAN_POINT('',(1.85,1.6,1.6));
#224 = DIRECTION('',(-1.,0.,0.));
#225 = DIRECTION('',(0.,0.,-1.));
#226 = ADVANCED_FACE('',(#227),#246,.T.);
#227 = FACE_BOUND('',#228,.T.);
#228 = EDGE_LOOP('',(#229,#238,#244,#245));
#229 = ORIENTED_EDGE('',*,*,#230,.T.);
#230 = EDGE_CURVE('',#231,#231,#233,.T.);
#231 = VERTEX_POINT('',#232);
#232 = CARTESIAN_POINT('',(8.6,1.44,1.6));
#233 = CIRCLE('',#234,1.44);
#234 = AXIS2_PLACEMENT_3D('',#235,#236,#237);
#235 = CARTESIAN_POINT('',(8.6,0.,1.6));
#236 = DIRECTION('',(-1.,0.,0.));
#237 = DIRECTION('',(0.,1.,0.));
#238 = ORIENTED_EDGE('',*,*,#239,.F.);
#239 = EDGE_CURVE('',#194,#231,#240,.T.);
#240 = LINE('',#241,#242);
#241 = CARTESIAN_POINT('',(1.85,1.44,1.6));
#242 = VECTOR('',#243,1.);
#243 = DIRECTION('',(1.,0.,0.));
#244 = ORIENTED_EDGE('',*,*,#193,.F.);
#245 = ORIENTED_EDGE('',*,*,#239,.T.);
#246 = CYLINDRICAL_SURFACE('',#247,1.44);
#247 = AXIS2_PLACEMENT_3D('',#248,#249,#250);
#248 = CARTESIAN_POINT('',(1.85,0.,1.6));
#249 = DIRECTION('',(-1.,-0.,-0.));
#250 = DIRECTION('',(0.,1.,0.));
#251 = ADVANCED_FACE('',(#252),#271,.T.);
#252 = FACE_BOUND('',#253,.T.);
#253 = EDGE_LOOP('',(#254,#263,#269,#270));
#254 = ORIENTED_EDGE('',*,*,#255,.F.);
#255 = EDGE_CURVE('',#256,#256,#258,.T.);
#256 = VERTEX_POINT('',#257);
#257 = CARTESIAN_POINT('',(1.05,0.,1.25));
#258 = CIRCLE('',#259,0.35);
#259 = AXIS2_PLACEMENT_3D('',#260,#261,#262);
#260 = CARTESIAN_POINT('',(1.05,0.,1.6));
#261 = DIRECTION('',(-1.,0.,6.049014748177E-16));
#262 = DIRECTION('',(6.049014748177E-16,0.,1.));
#263 = ORIENTED_EDGE('',*,*,#264,.T.);
#264 = EDGE_CURVE('',#256,#214,#265,.T.);
#265 = LINE('',#266,#267);
#266 = CARTESIAN_POINT('',(1.05,0.,1.25));
#267 = VECTOR('',#268,1.);
#268 = DIRECTION('',(1.,0.,0.));
#269 = ORIENTED_EDGE('',*,*,#213,.F.);
#270 = ORIENTED_EDGE('',*,*,#264,.F.);
#271 = CYLINDRICAL_SURFACE('',#272,0.35);
#272 = AXIS2_PLACEMENT_3D('',#273,#274,#275);
#273 = CARTESIAN_POINT('',(1.05,0.,1.6));
#274 = DIRECTION('',(1.,0.,0.));
#275 = DIRECTION('',(0.,0.,-1.));
#276 = ADVANCED_FACE('',(#277,#288),#291,.T.);
#277 = FACE_BOUND('',#278,.T.);
#278 = EDGE_LOOP('',(#279));
#279 = ORIENTED_EDGE('',*,*,#280,.F.);
#280 = EDGE_CURVE('',#281,#281,#283,.T.);
#281 = VERTEX_POINT('',#282);
#282 = CARTESIAN_POINT('',(8.6,1.6,1.6));
#283 = CIRCLE('',#284,1.6);
#284 = AXIS2_PLACEMENT_3D('',#285,#286,#287);
#285 = CARTESIAN_POINT('',(8.6,0.,1.6));
#286 = DIRECTION('',(1.,0.,0.));
#287 = DIRECTION('',(-0.,1.,0.));
#288 = FACE_BOUND('',#289,.T.);
#289 = EDGE_LOOP('',(#290));
#290 = ORIENTED_EDGE('',*,*,#230,.F.);
#291 = PLANE('',#292);
#292 = AXIS2_PLACEMENT_3D('',#293,#294,#295);
#293 = CARTESIAN_POINT('',(8.6,1.6,1.6));
#294 = DIRECTION('',(-1.,0.,0.));
#295 = DIRECTION('',(0.,0.,-1.));
#296 = ADVANCED_FACE('',(#297),#317,.T.);
#297 = FACE_BOUND('',#298,.T.);
#298 = EDGE_LOOP('',(#299,#308,#309,#310));
#299 = ORIENTED_EDGE('',*,*,#300,.T.);
#300 = EDGE_CURVE('',#301,#256,#303,.T.);
#301 = VERTEX_POINT('',#302);
#302 = CARTESIAN_POINT('',(0.35,0.,0.55));
#303 = CIRCLE('',#304,0.7);
#304 = AXIS2_PLACEMENT_3D('',#305,#306,#307);
#305 = CARTESIAN_POINT('',(1.05,1.285879139105E-16,0.55));
#306 = DIRECTION('',(0.,1.,-0.));
#307 = DIRECTION('',(-1.,0.,0.));
#308 = ORIENTED_EDGE('',*,*,#255,.T.);
#309 = ORIENTED_EDGE('',*,*,#300,.F.);
#310 = ORIENTED_EDGE('',*,*,#311,.T.);
#311 = EDGE_CURVE('',#301,#301,#312,.T.);
#312 = CIRCLE('',#313,0.35);
#313 = AXIS2_PLACEMENT_3D('',#314,#315,#316);
#314 = CARTESIAN_POINT('',(0.,0.,0.55));
#315 = DIRECTION('',(0.,0.,1.));
#316 = DIRECTION('',(1.,0.,-0.));
#317 = TOROIDAL_SURFACE('',#318,1.05,0.35);
#318 = AXIS2_PLACEMENT_3D('',#319,#320,#321);
#319 = CARTESIAN_POINT('',(1.05,0.,0.55));
#320 = DIRECTION('',(0.,1.,0.));
#321 = DIRECTION('',(-1.,0.,0.));
#322 = ADVANCED_FACE('',(#323),#342,.T.);
#323 = FACE_BOUND('',#324,.T.);
#324 = EDGE_LOOP('',(#325,#326,#334,#341));
#325 = ORIENTED_EDGE('',*,*,#280,.T.);
#326 = ORIENTED_EDGE('',*,*,#327,.T.);
#327 = EDGE_CURVE('',#281,#328,#330,.T.);
#328 = VERTEX_POINT('',#329);
#329 = CARTESIAN_POINT('',(10.05,1.6,1.6));
#330 = LINE('',#331,#332);
#331 = CARTESIAN_POINT('',(8.6,1.6,1.6));
#332 = VECTOR('',#333,1.);
#333 = DIRECTION('',(1.,0.,0.));
#334 = ORIENTED_EDGE('',*,*,#335,.F.);
#335 = EDGE_CURVE('',#328,#328,#336,.T.);
#336 = CIRCLE('',#337,1.6);
#337 = AXIS2_PLACEMENT_3D('',#338,#339,#340);
#338 = CARTESIAN_POINT('',(10.05,0.,1.6));
#339 = DIRECTION('',(1.,0.,0.));
#340 = DIRECTION('',(-0.,1.,0.));
#341 = ORIENTED_EDGE('',*,*,#327,.F.);
#342 = CYLINDRICAL_SURFACE('',#343,1.6);
#343 = AXIS2_PLACEMENT_3D('',#344,#345,#346);
#344 = CARTESIAN_POINT('',(8.6,0.,1.6));
#345 = DIRECTION('',(-1.,-0.,-0.));
#346 = DIRECTION('',(0.,1.,0.));
#347 = ADVANCED_FACE('',(#348),#367,.T.);
#348 = FACE_BOUND('',#349,.T.);
#349 = EDGE_LOOP('',(#350,#358,#359,#360));
#350 = ORIENTED_EDGE('',*,*,#351,.T.);
#351 = EDGE_CURVE('',#352,#301,#354,.T.);
#352 = VERTEX_POINT('',#353);
#353 = CARTESIAN_POINT('',(0.35,-8.572527594031E-17,-3.));
#354 = LINE('',#355,#356);
#355 = CARTESIAN_POINT('',(0.35,0.,-3.));
#356 = VECTOR('',#357,1.);
#357 = DIRECTION('',(0.,0.,1.));
#358 = ORIENTED_EDGE('',*,*,#311,.F.);
#359 = ORIENTED_EDGE('',*,*,#351,.F.);
#360 = ORIENTED_EDGE('',*,*,#361,.T.);
#361 = EDGE_CURVE('',#352,#352,#362,.T.);
#362 = CIRCLE('',#363,0.35);
#363 = AXIS2_PLACEMENT_3D('',#364,#365,#366);
#364 = CARTESIAN_POINT('',(0.,0.,-3.));
#365 = DIRECTION('',(0.,0.,1.));
#366 = DIRECTION('',(1.,0.,-0.));
#367 = CYLINDRICAL_SURFACE('',#368,0.35);
#368 = AXIS2_PLACEMENT_3D('',#369,#370,#371);
#369 = CARTESIAN_POINT('',(0.,0.,-3.));
#370 = DIRECTION('',(0.,0.,1.));
#371 = DIRECTION('',(1.,0.,-0.));
#372 = ADVANCED_FACE('',(#373),#393,.T.);
#373 = FACE_BOUND('',#374,.T.);
#374 = EDGE_LOOP('',(#375,#384,#385,#386));
#375 = ORIENTED_EDGE('',*,*,#376,.F.);
#376 = EDGE_CURVE('',#328,#377,#379,.T.);
#377 = VERTEX_POINT('',#378);
#378 = CARTESIAN_POINT('',(10.85,0.8,1.6));
#379 = CIRCLE('',#380,0.8);
#380 = AXIS2_PLACEMENT_3D('',#381,#382,#383);
#381 = CARTESIAN_POINT('',(10.05,0.8,1.6));
#382 = DIRECTION('',(0.,0.,-1.));
#383 = DIRECTION('',(0.,1.,0.));
#384 = ORIENTED_EDGE('',*,*,#335,.T.);
#385 = ORIENTED_EDGE('',*,*,#376,.T.);
#386 = ORIENTED_EDGE('',*,*,#387,.F.);
#387 = EDGE_CURVE('',#377,#377,#388,.T.);
#388 = CIRCLE('',#389,0.8);
#389 = AXIS2_PLACEMENT_3D('',#390,#391,#392);
#390 = CARTESIAN_POINT('',(10.85,0.,1.6));
#391 = DIRECTION('',(1.,0.,0.));
#392 = DIRECTION('',(-0.,1.,0.));
#393 = TOROIDAL_SURFACE('',#394,0.8,0.8);
#394 = AXIS2_PLACEMENT_3D('',#395,#396,#397);
#395 = CARTESIAN_POINT('',(10.05,0.,1.6));
#396 = DIRECTION('',(1.,0.,0.));
#397 = DIRECTION('',(-0.,1.,0.));
#398 = ADVANCED_FACE('',(#399),#402,.T.);
#399 = FACE_BOUND('',#400,.F.);
#400 = EDGE_LOOP('',(#401));
#401 = ORIENTED_EDGE('',*,*,#361,.T.);
#402 = PLANE('',#403);
#403 = AXIS2_PLACEMENT_3D('',#404,#405,#406);
#404 = CARTESIAN_POINT('',(0.35,0.,-3.));
#405 = DIRECTION('',(0.,0.,-1.));
#406 = DIRECTION('',(-1.,0.,0.));
#407 = ADVANCED_FACE('',(#408,#411),#422,.F.);
#408 = FACE_BOUND('',#409,.F.);
#409 = EDGE_LOOP('',(#410));
#410 = ORIENTED_EDGE('',*,*,#387,.F.);
#411 = FACE_BOUND('',#412,.F.);
#412 = EDGE_LOOP('',(#413));
#413 = ORIENTED_EDGE('',*,*,#414,.T.);
#414 = EDGE_CURVE('',#415,#415,#417,.T.);
#415 = VERTEX_POINT('',#416);
#416 = CARTESIAN_POINT('',(10.85,0.,1.25));
#417 = CIRCLE('',#418,0.35);
#418 = AXIS2_PLACEMENT_3D('',#419,#420,#421);
#419 = CARTESIAN_POINT('',(10.85,0.,1.6));
#420 = DIRECTION('',(1.,-0.,0.));
#421 = DIRECTION('',(0.,0.,-1.));
#422 = PLANE('',#423);
#423 = AXIS2_PLACEMENT_3D('',#424,#425,#426);
#424 = CARTESIAN_POINT('',(10.85,1.6,1.6));
#425 = DIRECTION('',(-1.,0.,0.));
#426 = DIRECTION('',(0.,0.,-1.));
#427 = ADVANCED_FACE('',(#428),#447,.T.);
#428 = FACE_BOUND('',#429,.T.);
#429 = EDGE_LOOP('',(#430,#431,#439,#446));
#430 = ORIENTED_EDGE('',*,*,#414,.T.);
#431 = ORIENTED_EDGE('',*,*,#432,.T.);
#432 = EDGE_CURVE('',#415,#433,#435,.T.);
#433 = VERTEX_POINT('',#434);
#434 = CARTESIAN_POINT('',(11.65,0.,1.25));
#435 = LINE('',#436,#437);
#436 = CARTESIAN_POINT('',(1.05,0.,1.25));
#437 = VECTOR('',#438,1.);
#438 = DIRECTION('',(1.,0.,0.));
#439 = ORIENTED_EDGE('',*,*,#440,.F.);
#440 = EDGE_CURVE('',#433,#433,#441,.T.);
#441 = CIRCLE('',#442,0.35);
#442 = AXIS2_PLACEMENT_3D('',#443,#444,#445);
#443 = CARTESIAN_POINT('',(11.65,0.,1.6));
#444 = DIRECTION('',(1.,-0.,0.));
#445 = DIRECTION('',(0.,0.,-1.));
#446 = ORIENTED_EDGE('',*,*,#432,.F.);
#447 = CYLINDRICAL_SURFACE('',#448,0.35);
#448 = AXIS2_PLACEMENT_3D('',#449,#450,#451);
#449 = CARTESIAN_POINT('',(1.05,0.,1.6));
#450 = DIRECTION('',(1.,0.,0.));
#451 = DIRECTION('',(0.,0.,-1.));
#452 = ADVANCED_FACE('',(#453),#473,.T.);
#453 = FACE_BOUND('',#454,.T.);
#454 = EDGE_LOOP('',(#455,#464,#471,#472));
#455 = ORIENTED_EDGE('',*,*,#456,.T.);
#456 = EDGE_CURVE('',#433,#457,#459,.T.);
#457 = VERTEX_POINT('',#458);
#458 = CARTESIAN_POINT('',(12.35,0.,0.55));
#459 = CIRCLE('',#460,0.7);
#460 = AXIS2_PLACEMENT_3D('',#461,#462,#463);
#461 = CARTESIAN_POINT('',(11.65,1.285879139105E-16,0.55));
#462 = DIRECTION('',(0.,1.,0.));
#463 = DIRECTION('',(0.,-0.,1.));
#464 = ORIENTED_EDGE('',*,*,#465,.T.);
#465 = EDGE_CURVE('',#457,#457,#466,.T.);
#466 = CIRCLE('',#467,0.35);
#467 = AXIS2_PLACEMENT_3D('',#468,#469,#470);
#468 = CARTESIAN_POINT('',(12.7,0.,0.55));
#469 = DIRECTION('',(-1.171455364583E-15,0.,1.));
#470 = DIRECTION('',(1.,0.,1.171455364583E-15));
#471 = ORIENTED_EDGE('',*,*,#456,.F.);
#472 = ORIENTED_EDGE('',*,*,#440,.T.);
#473 = TOROIDAL_SURFACE('',#474,1.05,0.35);
#474 = AXIS2_PLACEMENT_3D('',#475,#476,#477);
#475 = CARTESIAN_POINT('',(11.65,0.,0.55));
#476 = DIRECTION('',(0.,1.,0.));
#477 = DIRECTION('',(0.,-0.,1.));
#478 = ADVANCED_FACE('',(#479),#498,.T.);
#479 = FACE_BOUND('',#480,.T.);
#480 = EDGE_LOOP('',(#481,#489,#496,#497));
#481 = ORIENTED_EDGE('',*,*,#482,.T.);
#482 = EDGE_CURVE('',#457,#483,#485,.T.);
#483 = VERTEX_POINT('',#484);
#484 = CARTESIAN_POINT('',(12.35,-8.572527594031E-17,-3.));
#485 = LINE('',#486,#487);
#486 = CARTESIAN_POINT('',(12.35,0.,0.55));
#487 = VECTOR('',#488,1.);
#488 = DIRECTION('',(0.,0.,-1.));
#489 = ORIENTED_EDGE('',*,*,#490,.F.);
#490 = EDGE_CURVE('',#483,#483,#491,.T.);
#491 = CIRCLE('',#492,0.35);
#492 = AXIS2_PLACEMENT_3D('',#493,#494,#495);
#493 = CARTESIAN_POINT('',(12.7,0.,-3.));
#494 = DIRECTION('',(0.,0.,-1.));
#495 = DIRECTION('',(-1.,0.,0.));
#496 = ORIENTED_EDGE('',*,*,#482,.F.);
#497 = ORIENTED_EDGE('',*,*,#465,.F.);
#498 = CYLINDRICAL_SURFACE('',#499,0.35);
#499 = AXIS2_PLACEMENT_3D('',#500,#501,#502);
#500 = CARTESIAN_POINT('',(12.7,0.,0.55));
#501 = DIRECTION('',(0.,0.,-1.));
#502 = DIRECTION('',(-1.,0.,0.));
#503 = ADVANCED_FACE('',(#504),#507,.F.);
#504 = FACE_BOUND('',#505,.T.);
#505 = EDGE_LOOP('',(#506));
#506 = ORIENTED_EDGE('',*,*,#490,.T.);
#507 = PLANE('',#508);
#508 = AXIS2_PLACEMENT_3D('',#509,#510,#511);
#509 = CARTESIAN_POINT('',(12.35,0.,-3.));
#510 = DIRECTION('',(0.,0.,1.));
#511 = DIRECTION('',(1.,0.,-0.));
#512 = ( GEOMETRIC_REPRESENTATION_CONTEXT(3) 
GLOBAL_UNCERTAINTY_ASSIGNED_CONTEXT((#516)) GLOBAL_UNIT_ASSIGNED_CONTEXT
((#513,#514,#515)) REPRESENTATION_CONTEXT('Context #1',
  '3D Context with UNIT and UNCERTAINTY') );
#513 = ( LENGTH_UNIT() NAMED_UNIT(*) SI_UNIT(.MILLI.,.METRE.) );
#514 = ( NAMED_UNIT(*) PLANE_ANGLE_UNIT() SI_UNIT($,.RADIAN.) );
#515 = ( NAMED_UNIT(*) SI_UNIT($,.STERADIAN.) SOLID_ANGLE_UNIT() );
#516 = UNCERTAINTY_MEASURE_WITH_UNIT(LENGTH_MEASURE(1.E-07),#513,
  'distance_accuracy_value','confusion accuracy');
#517 = CONTEXT_DEPENDENT_SHAPE_REPRESENTATION(#518,#520);
#518 = ( REPRESENTATION_RELATIONSHIP('','',#124,#10) 
REPRESENTATION_RELATIONSHIP_WITH_TRANSFORMATION(#519) 
SHAPE_REPRESENTATION_RELATIONSHIP() );
#519 = ITEM_DEFINED_TRANSFORMATION('','',#11,#15);
#520 = PRODUCT_DEFINITION_SHAPE('Placement','Placement of an item',#521
  );
#521 = NEXT_ASSEMBLY_USAGE_OCCURRENCE('1','R7','',#5,#119,$);
#522 = PRODUCT_RELATED_PRODUCT_CATEGORY('part',$,(#121));
#523 = CONTEXT_DEPENDENT_SHAPE_REPRESENTATION(#524,#526);
#524 = ( REPRESENTATION_RELATIONSHIP('','',#124,#10) 
REPRESENTATION_RELATIONSHIP_WITH_TRANSFORMATION(#525) 
SHAPE_REPRESENTATION_RELATIONSHIP() );
#525 = ITEM_DEFINED_TRANSFORMATION('','',#11,#19);
#526 = PRODUCT_DEFINITION_SHAPE('Placement','Placement of an item',#527
  );
#527 = NEXT_ASSEMBLY_USAGE_OCCURRENCE('2','R3','',#5,#119,$);
#528 = SHAPE_DEFINITION_REPRESENTATION(#529,#535);
#529 = PRODUCT_DEFINITION_SHAPE('','',#530);
#530 = PRODUCT_DEFINITION('design','',#531,#534);
#531 = PRODUCT_DEFINITION_FORMATION('','',#532);
#532 = PRODUCT('C_Disc_D3.0mm_W2.0mm_P2.50mm',
  'C_Disc_D3.0mm_W2.0mm_P2.50mm','',(#533));
#533 = PRODUCT_CONTEXT('',#2,'mechanical');
#534 = PRODUCT_DEFINITION_CONTEXT('part definition',#2,'design');
#535 = ADVANCED_BREP_SHAPE_REPRESENTATION('',(#11,#536),#1100);
#536 = MANIFOLD_SOLID_BREP('',#537);
#537 = CLOSED_SHELL('',(#538,#555,#580,#657,#756,#874,#980,#991,#1038,
    #1054,#1066,#1091));
#538 = ADVANCED_FACE('',(#539),#550,.T.);
#539 = FACE_BOUND('',#540,.F.);
#540 = EDGE_LOOP('',(#541));
#541 = ORIENTED_EDGE('',*,*,#542,.T.);
#542 = EDGE_CURVE('',#543,#543,#545,.T.);
#543 = VERTEX_POINT('',#544);
#544 = CARTESIAN_POINT('',(2.5,0.25,-2.));
#545 = CIRCLE('',#546,0.25);
#546 = AXIS2_PLACEMENT_3D('',#547,#548,#549);
#547 = CARTESIAN_POINT('',(2.5,0.,-2.));
#548 = DIRECTION('',(0.,-0.,1.));
#549 = DIRECTION('',(1.144237745222E-17,1.,0.));
#550 = PLANE('',#551);
#551 = AXIS2_PLACEMENT_3D('',#552,#553,#554);
#552 = CARTESIAN_POINT('',(2.5,0.25,-2.));
#553 = DIRECTION('',(-0.,0.,-1.));
#554 = DIRECTION('',(-1.144237745222E-17,-1.,0.));
#555 = ADVANCED_FACE('',(#556),#575,.T.);
#556 = FACE_BOUND('',#557,.T.);
#557 = EDGE_LOOP('',(#558,#566,#573,#574));
#558 = ORIENTED_EDGE('',*,*,#559,.T.);
#559 = EDGE_CURVE('',#543,#560,#562,.T.);
#560 = VERTEX_POINT('',#561);
#561 = CARTESIAN_POINT('',(2.5,0.25,0.35));
#562 = LINE('',#563,#564);
#563 = CARTESIAN_POINT('',(2.5,0.25,-2.));
#564 = VECTOR('',#565,1.);
#565 = DIRECTION('',(0.,0.,1.));
#566 = ORIENTED_EDGE('',*,*,#567,.F.);
#567 = EDGE_CURVE('',#560,#560,#568,.T.);
#568 = CIRCLE('',#569,0.25);
#569 = AXIS2_PLACEMENT_3D('',#570,#571,#572);
#570 = CARTESIAN_POINT('',(2.5,0.,0.35));
#571 = DIRECTION('',(0.,-0.,1.));
#572 = DIRECTION('',(1.144237745222E-17,1.,0.));
#573 = ORIENTED_EDGE('',*,*,#559,.F.);
#574 = ORIENTED_EDGE('',*,*,#542,.T.);
#575 = CYLINDRICAL_SURFACE('',#576,0.25);
#576 = AXIS2_PLACEMENT_3D('',#577,#578,#579);
#577 = CARTESIAN_POINT('',(2.5,0.,-2.));
#578 = DIRECTION('',(0.,-0.,-1.));
#579 = DIRECTION('',(1.144237745222E-17,1.,0.));
#580 = ADVANCED_FACE('',(#581),#648,.F.);
#581 = FACE_BOUND('',#582,.F.);
#582 = EDGE_LOOP('',(#583,#592,#593,#594,#603,#622,#641));
#583 = ORIENTED_EDGE('',*,*,#584,.F.);
#584 = EDGE_CURVE('',#560,#585,#587,.T.);
#585 = VERTEX_POINT('',#586);
#586 = CARTESIAN_POINT('',(2.433012701892,0.25,0.6));
#587 = CIRCLE('',#588,0.5);
#588 = AXIS2_PLACEMENT_3D('',#589,#590,#591);
#589 = CARTESIAN_POINT('',(2.,0.25,0.35));
#590 = DIRECTION('',(-1.144237745222E-17,-1.,0.));
#591 = DIRECTION('',(1.,-1.144237745222E-17,0.));
#592 = ORIENTED_EDGE('',*,*,#567,.F.);
#593 = ORIENTED_EDGE('',*,*,#584,.T.);
#594 = ORIENTED_EDGE('',*,*,#595,.T.);
#595 = EDGE_CURVE('',#585,#596,#598,.T.);
#596 = VERTEX_POINT('',#597);
#597 = CARTESIAN_POINT('',(2.218993166147,3.77825059939E-02,
    0.476435763426));
#598 = CIRCLE('',#599,0.25);
#599 = AXIS2_PLACEMENT_3D('',#600,#601,#602);
#600 = CARTESIAN_POINT('',(2.433012701892,9.10220356247E-34,0.6));
#601 = DIRECTION('',(-0.5,5.721188726112E-18,0.866025403784));
#602 = DIRECTION('',(1.144237745222E-17,1.,0.));
#603 = ORIENTED_EDGE('',*,*,#604,.T.);
#604 = EDGE_CURVE('',#596,#605,#607,.T.);
#605 = VERTEX_POINT('',#606);
#606 = CARTESIAN_POINT('',(2.224613052181,2.22044604925E-16,
    0.459767831308));
#607 = B_SPLINE_CURVE_WITH_KNOTS('',4,(#608,#609,#610,#611,#612,#613,
    #614,#615,#616,#617,#618,#619,#620,#621),.UNSPECIFIED.,.F.,.F.,(5,3,
    3,3,5),(0.,0.245481561916,0.493158573582,0.744414139707,1.),
  .UNSPECIFIED.);
#608 = CARTESIAN_POINT('',(2.218993166147,3.77825059939E-02,
    0.476435763426));
#609 = CARTESIAN_POINT('',(2.219241064158,3.55187987893E-02,
    0.475314212928));
#610 = CARTESIAN_POINT('',(2.21950398597,3.324562984343E-02,
    0.474207684626));
#611 = CARTESIAN_POINT('',(2.219782194989,3.096315110414E-02,
    0.473116539778));
#612 = CARTESIAN_POINT('',(2.220372438708,2.635940839994E-02,
    0.470956217761));
#613 = CARTESIAN_POINT('',(2.220684753709,2.403798054021E-02,
    0.469887324613));
#614 = CARTESIAN_POINT('',(2.221013268539,2.17074125157E-02,
    0.468834928294));
#615 = CARTESIAN_POINT('',(2.221708426967,1.699457515957E-02,
    0.466749120039));
#616 = CARTESIAN_POINT('',(2.222075552821,1.461204591699E-02,
    0.465716202343));
#617 = CARTESIAN_POINT('',(2.222460120381,1.222050627212E-02,
    0.464701247681));
#618 = CARTESIAN_POINT('',(2.223271956976,7.378505159917E-03,
    0.462691211327));
#619 = CARTESIAN_POINT('',(2.223699847566,4.927739286975E-03,
    0.461696773849));
#620 = CARTESIAN_POINT('',(2.224146706813,2.468138187921E-03,
    0.460722093182));
#621 = CARTESIAN_POINT('',(2.224613052181,5.551115123126E-17,
    0.459767831308));
#622 = ORIENTED_EDGE('',*,*,#623,.T.);
#623 = EDGE_CURVE('',#605,#624,#626,.T.);
#624 = VERTEX_POINT('',#625);
#625 = CARTESIAN_POINT('',(2.218993166147,-3.77825059939E-02,
    0.476435763426));
#626 = B_SPLINE_CURVE_WITH_KNOTS('',4,(#627,#628,#629,#630,#631,#632,
    #633,#634,#635,#636,#637,#638,#639,#640),.UNSPECIFIED.,.F.,.F.,(5,3,
    3,3,5),(0.,0.252234035217,0.502642977331,0.751512170471,1.),
  .UNSPECIFIED.);
#627 = CARTESIAN_POINT('',(2.224613052181,2.22044604925E-16,
    0.459767831308));
#628 = CARTESIAN_POINT('',(2.224145087352,-2.476709204284E-03,
    0.460725407013));
#629 = CARTESIAN_POINT('',(2.223698051187,-4.937904615725E-03,
    0.46170086913));
#630 = CARTESIAN_POINT('',(2.223271178114,-7.383373215657E-03,
    0.462693282619));
#631 = CARTESIAN_POINT('',(2.222459320159,-1.222505853602E-02,
    0.464703087514));
#632 = CARTESIAN_POINT('',(2.222074054775,-1.462150188233E-02,
    0.465720245561));
#633 = CARTESIAN_POINT('',(2.221707301534,-1.700222843566E-02,
    0.466752511962));
#634 = CARTESIAN_POINT('',(2.221011758893,-2.171762394672E-02,
    0.468839442966));
#635 = CARTESIAN_POINT('',(2.220682749965,-2.405248483003E-02,
    0.46989393018));
#636 = CARTESIAN_POINT('',(2.220370839513,-2.637173897136E-02,
    0.470961978451));
#637 = CARTESIAN_POINT('',(2.219780629748,-3.097550230004E-02,
    0.473122361096));
#638 = CARTESIAN_POINT('',(2.219502279544,-3.326005840051E-02,
    0.474214655138));
#639 = CARTESIAN_POINT('',(2.219239941272,-3.552905253619E-02,
    0.475319293132));
#640 = CARTESIAN_POINT('',(2.218993166147,-3.77825059939E-02,
    0.476435763426));
#641 = ORIENTED_EDGE('',*,*,#642,.T.);
#642 = EDGE_CURVE('',#624,#585,#643,.T.);
#643 = CIRCLE('',#644,0.25);
#644 = AXIS2_PLACEMENT_3D('',#645,#646,#647);
#645 = CARTESIAN_POINT('',(2.433012701892,9.10220356247E-34,0.6));
#646 = DIRECTION('',(-0.5,5.721188726112E-18,0.866025403784));
#647 = DIRECTION('',(1.144237745222E-17,1.,0.));
#648 = SURFACE_OF_REVOLUTION('',#649,#654);
#649 = CIRCLE('',#650,0.25);
#650 = AXIS2_PLACEMENT_3D('',#651,#652,#653);
#651 = CARTESIAN_POINT('',(2.5,0.,0.35));
#652 = DIRECTION('',(0.,-0.,1.));
#653 = DIRECTION('',(1.144237745222E-17,1.,0.));
#654 = AXIS1_PLACEMENT('',#655,#656);
#655 = CARTESIAN_POINT('',(2.,-1.5,0.35));
#656 = DIRECTION('',(-1.144237745222E-17,-1.,0.));
#657 = ADVANCED_FACE('',(#658),#751,.T.);
#658 = FACE_BOUND('',#659,.T.);
#659 = EDGE_LOOP('',(#660,#697,#744,#745));
#660 = ORIENTED_EDGE('',*,*,#661,.F.);
#661 = EDGE_CURVE('',#662,#664,#666,.T.);
#662 = VERTEX_POINT('',#663);
#663 = CARTESIAN_POINT('',(2.563038205034,2.22044604925E-16,
    0.874789222279));
#664 = VERTEX_POINT('',#665);
#665 = CARTESIAN_POINT('',(2.336678592232,0.25,0.766855572434));
#666 = B_SPLINE_CURVE_WITH_KNOTS('',8,(#667,#668,#669,#670,#671,#672,
    #673,#674,#675,#676,#677,#678,#679,#680,#681,#682,#683,#684,#685,
    #686,#687,#688,#689,#690,#691,#692,#693,#694,#695,#696),
  .UNSPECIFIED.,.F.,.F.,(9,7,7,7,9),(0.,0.277209074825,0.627492746444,
    0.806283023632,1.),.UNSPECIFIED.);
#667 = CARTESIAN_POINT('',(2.563038205034,1.110223024625E-16,
    0.874789222279));
#668 = CARTESIAN_POINT('',(2.560504305734,1.041590775516E-02,
    0.879178064608));
#669 = CARTESIAN_POINT('',(2.557567892978,2.109014523693E-02,
    0.883272202075));
#670 = CARTESIAN_POINT('',(2.554196420912,3.204078949983E-02,
    0.887041661879));
#671 = CARTESIAN_POINT('',(2.550352789479,4.327411216819E-02,
    0.890441568528));
#672 = CARTESIAN_POINT('',(2.545996173563,5.478428227265E-02,
    0.893412379005));
#673 = CARTESIAN_POINT('',(2.541083914952,6.655282465479E-02,
    0.895881344143));
#674 = CARTESIAN_POINT('',(2.535571278094,7.854912637119E-02,
    0.897762154262));
#675 = CARTESIAN_POINT('',(2.521615210879,0.10612928493,0.900450353943)
  );
#676 = CARTESIAN_POINT('',(2.512807785837,0.12177464315,0.900839057813)
  );
#677 = CARTESIAN_POINT('',(2.502795740092,0.137771733359,0.899934826896)
  );
#678 = CARTESIAN_POINT('',(2.491497257035,0.153835413688,0.897399360193)
  );
#679 = CARTESIAN_POINT('',(2.479006803274,0.169439609386,0.892930086319)
  );
#680 = CARTESIAN_POINT('',(2.46565632544,0.183896722018,0.886409538838)
  );
#681 = CARTESIAN_POINT('',(2.452059856452,0.196585814715,0.878177386513)
  );
#682 = CARTESIAN_POINT('',(2.432694258709,0.212467152375,0.864744742472)
  );
#683 = CARTESIAN_POINT('',(2.426094918891,0.217478051234,0.859854776763)
  );
#684 = CARTESIAN_POINT('',(2.419463059869,0.222116754953,0.854632442705)
  );
#685 = CARTESIAN_POINT('',(2.412819370298,0.226371716431,0.849097757846)
  );
#686 = CARTESIAN_POINT('',(2.40618297583,0.230235458393,0.843272262107)
  );
#687 = CARTESIAN_POINT('',(2.39957177998,0.23370388628,0.837178818499));
#688 = CARTESIAN_POINT('',(2.393002805005,0.236775601145,0.830841413844)
  );
#689 = CARTESIAN_POINT('',(2.379438736159,0.242350203246,0.817181125133)
  );
#690 = CARTESIAN_POINT('',(2.372667268987,0.244696682672,0.810035219967)
  );
#691 = CARTESIAN_POINT('',(2.366147392915,0.24655885486,0.802861375649)
  );
#692 = CARTESIAN_POINT('',(2.359856950135,0.247985977732,0.795670140376)
  );
#693 = CARTESIAN_POINT('',(2.353778723223,0.249015658286,0.788469351467)
  );
#694 = CARTESIAN_POINT('',(2.347898072356,0.249678485246,0.781264646345)
  );
#695 = CARTESIAN_POINT('',(2.342201849879,0.24999999917,0.774059611929)
  );
#696 = CARTESIAN_POINT('',(2.336678592232,0.25,0.766855572434));
#697 = ORIENTED_EDGE('',*,*,#698,.F.);
#698 = EDGE_CURVE('',#624,#662,#699,.T.);
#699 = B_SPLINE_CURVE_WITH_KNOTS('',8,(#700,#701,#702,#703,#704,#705,
    #706,#707,#708,#709,#710,#711,#712,#713,#714,#715,#716,#717,#718,
    #719,#720,#721,#722,#723,#724,#725,#726,#727,#728,#729,#730,#731,
    #732,#733,#734,#735,#736,#737,#738,#739,#740,#741,#742,#743),
  .UNSPECIFIED.,.F.,.F.,(9,7,7,7,7,7,9),(0.,0.188245561777,
    0.365671761457,0.515730095327,0.651554601805,0.806742922997,1.),
  .UNSPECIFIED.);
#700 = CARTESIAN_POINT('',(2.218993256685,-3.778167924913E-02,
    0.476435353817));
#701 = CARTESIAN_POINT('',(2.217435947066,-5.200212582079E-02,
    0.483480813122));
#702 = CARTESIAN_POINT('',(2.216544262426,-6.597090978279E-02,
    0.49121053002));
#703 = CARTESIAN_POINT('',(2.216299700631,-7.967400737691E-02,
    0.499600980682));
#704 = CARTESIAN_POINT('',(2.216693896769,-9.309173525375E-02,
    0.508637036673));
#705 = CARTESIAN_POINT('',(2.217725542408,-0.106199846634,0.518308978822
    ));
#706 = CARTESIAN_POINT('',(2.219399469457,-0.118969844595,0.528611644462
    ));
#707 = CARTESIAN_POINT('',(2.221727898643,-0.131368512491,0.539545708024
    ));
#708 = CARTESIAN_POINT('',(2.227567040168,-0.154655794909,0.562031189786
    ));
#709 = CARTESIAN_POINT('',(2.230999266059,-0.165578971862,0.57350010609)
  );
#710 = CARTESIAN_POINT('',(2.235049984696,-0.176102108372,0.585541890243
    ));
#711 = CARTESIAN_POINT('',(2.239745827111,-0.186183509578,0.598167997891
    ));
#712 = CARTESIAN_POINT('',(2.245120602367,-0.195763795593,0.611386852677
    ));
#713 = CARTESIAN_POINT('',(2.251213065578,-0.204768083734,0.625201836228
    ));
#714 = CARTESIAN_POINT('',(2.258070233744,-0.213104511866,0.639613627785
    ));
#715 = CARTESIAN_POINT('',(2.272271064713,-0.227037485467,0.667335297387
    ));
#716 = CARTESIAN_POINT('',(2.27936594454,-0.232847793247,0.680451483415)
  );
#717 = CARTESIAN_POINT('',(2.287093914755,-0.238019846168,0.693995369508
    ));
#718 = CARTESIAN_POINT('',(2.295495401689,-0.242451840658,0.707947771885
    ));
#719 = CARTESIAN_POINT('',(2.304598931908,-0.246016167664,0.722253598185
    ));
#720 = CARTESIAN_POINT('',(2.31441811219,-0.248565708039,0.736819825291)
  );
#721 = CARTESIAN_POINT('',(2.324945707736,-0.249942757745,0.751512282417
    ));
#722 = CARTESIAN_POINT('',(2.346268368755,-0.250049241678,0.779397998377
    ));
#723 = CARTESIAN_POINT('',(2.356962872652,-0.249017613388,0.79262685551)
  );
#724 = CARTESIAN_POINT('',(2.368112974323,-0.246785835228,0.805597042897
    ));
#725 = CARTESIAN_POINT('',(2.379605961171,-0.243289403673,0.818096913033
    ));
#726 = CARTESIAN_POINT('',(2.391321986186,-0.238507246075,0.82993492522)
  );
#727 = CARTESIAN_POINT('',(2.403131482409,-0.232460680093,0.840939166841
    ));
#728 = CARTESIAN_POINT('',(2.414892806505,-0.225221328637,0.850963511771
    ));
#729 = CARTESIAN_POINT('',(2.439655083095,-0.207452312611,0.870111409442
    ));
#730 = CARTESIAN_POINT('',(2.45288117966,-0.196394419977,0.879125062553)
  );
#731 = CARTESIAN_POINT('',(2.465301383677,-0.184269991562,0.886229354839
    ));
#732 = CARTESIAN_POINT('',(2.476662758263,-0.171664966259,0.891536922356
    ));
#733 = CARTESIAN_POINT('',(2.48688877228,-0.158995825882,0.895284194034)
  );
#734 = CARTESIAN_POINT('',(2.496073431887,-0.146491048267,0.897779628995
    ));
#735 = CARTESIAN_POINT('',(2.504403188671,-0.134130424324,0.899261233157
    ));
#736 = CARTESIAN_POINT('',(2.52172032283,-0.106052991655,0.900536495695)
  );
#737 = CARTESIAN_POINT('',(2.530191793011,-9.054189177601E-02,
    0.899813918592));
#738 = CARTESIAN_POINT('',(2.537694086176,-7.512129093304E-02,
    0.897915137743));
#739 = CARTESIAN_POINT('',(2.544315475289,-5.981514525996E-02,
    0.894988084906));
#740 = CARTESIAN_POINT('',(2.550119273876,-4.464165185387E-02,
    0.891141540999));
#741 = CARTESIAN_POINT('',(2.555154901993,-2.961244896595E-02,
    0.886459516272));
#742 = CARTESIAN_POINT('',(2.559454246243,-1.473230769691E-02,
    0.880996820997));
#743 = CARTESIAN_POINT('',(2.563038205034,2.22044604925E-16,
    0.874789222279));
#744 = ORIENTED_EDGE('',*,*,#642,.T.);
#745 = ORIENTED_EDGE('',*,*,#746,.T.);
#746 = EDGE_CURVE('',#585,#664,#747,.T.);
#747 = LINE('',#748,#749);
#748 = CARTESIAN_POINT('',(2.433012701892,0.25,0.6));
#749 = VECTOR('',#750,1.);
#750 = DIRECTION('',(-0.5,5.721188726112E-18,0.866025403784));
#751 = CYLINDRICAL_SURFACE('',#752,0.25);
#752 = AXIS2_PLACEMENT_3D('',#753,#754,#755);
#753 = CARTESIAN_POINT('',(2.433012701892,0.,0.6));
#754 = DIRECTION('',(0.5,-5.721188726112E-18,-0.866025403784));
#755 = DIRECTION('',(1.144237745222E-17,1.,0.));
#756 = ADVANCED_FACE('',(#757),#869,.T.);
#757 = FACE_BOUND('',#758,.T.);
#758 = EDGE_LOOP('',(#759,#770,#779,#814,#833,#852,#859,#860,#861,#868)
  );
#759 = ORIENTED_EDGE('',*,*,#760,.F.);
#760 = EDGE_CURVE('',#761,#763,#765,.T.);
#761 = VERTEX_POINT('',#762);
#762 = CARTESIAN_POINT('',(-0.25,2.22044604925E-16,1.6));
#763 = VERTEX_POINT('',#764);
#764 = CARTESIAN_POINT('',(1.25,-1.,1.6));
#765 = CIRCLE('',#766,1.625);
#766 = AXIS2_PLACEMENT_3D('',#767,#768,#769);
#767 = CARTESIAN_POINT('',(1.25,0.625,1.6));
#768 = DIRECTION('',(0.,0.,1.));
#769 = DIRECTION('',(-0.923076923077,-0.384615384615,0.));
#770 = ORIENTED_EDGE('',*,*,#771,.T.);
#771 = EDGE_CURVE('',#761,#772,#774,.T.);
#772 = VERTEX_POINT('',#773);
#773 = CARTESIAN_POINT('',(-6.303820503361E-02,2.22044604925E-16,
    0.874789222279));
#774 = CIRCLE('',#775,1.5);
#775 = AXIS2_PLACEMENT_3D('',#776,#777,#778);
#776 = CARTESIAN_POINT('',(1.25,2.22044604925E-16,1.6));
#777 = DIRECTION('',(0.,-1.,0.));
#778 = DIRECTION('',(-1.,0.,0.));
#779 = ORIENTED_EDGE('',*,*,#780,.T.);
#780 = EDGE_CURVE('',#772,#781,#783,.T.);
#781 = VERTEX_POINT('',#782);
#782 = CARTESIAN_POINT('',(0.163321407768,-0.25,0.766855572434));
#783 = B_SPLINE_CURVE_WITH_KNOTS('',8,(#784,#785,#786,#787,#788,#789,
    #790,#791,#792,#793,#794,#795,#796,#797,#798,#799,#800,#801,#802,
    #803,#804,#805,#806,#807,#808,#809,#810,#811,#812,#813),
  .UNSPECIFIED.,.F.,.F.,(9,7,7,7,9),(0.,0.27720907484,0.627492746452,
    0.806283023644,1.),.UNSPECIFIED.);
#784 = CARTESIAN_POINT('',(-6.303820503361E-02,2.22044604925E-16,
    0.874789222279));
#785 = CARTESIAN_POINT('',(-6.050430573353E-02,-1.04159077559E-02,
    0.879178064608));
#786 = CARTESIAN_POINT('',(-5.756789297746E-02,-2.109014523844E-02,
    0.883272202075));
#787 = CARTESIAN_POINT('',(-5.419642091114E-02,-3.204078950216E-02,
    0.887041661879));
#788 = CARTESIAN_POINT('',(-5.03527894782E-02,-4.327411217136E-02,
    0.890441568529));
#789 = CARTESIAN_POINT('',(-4.599617356173E-02,-5.478428227671E-02,
    0.893412379006));
#790 = CARTESIAN_POINT('',(-4.108391495018E-02,-6.655282465981E-02,
    0.895881344144));
#791 = CARTESIAN_POINT('',(-3.557127809123E-02,-7.854912637713E-02,
    0.897762154263));
#792 = CARTESIAN_POINT('',(-2.16152108749E-02,-0.106129284936,
    0.900450353943));
#793 = CARTESIAN_POINT('',(-1.280778583311E-02,-0.121774643157,
    0.900839057813));
#794 = CARTESIAN_POINT('',(-2.795740086867E-03,-0.137771733366,
    0.899934826895));
#795 = CARTESIAN_POINT('',(8.502742970407E-03,-0.153835413695,
    0.897399360191));
#796 = CARTESIAN_POINT('',(2.099319673145E-02,-0.169439609393,
    0.892930086317));
#797 = CARTESIAN_POINT('',(3.434367456538E-02,-0.183896722024,
    0.886409538835));
#798 = CARTESIAN_POINT('',(4.794014355393E-02,-0.196585814721,
    0.878177386509));
#799 = CARTESIAN_POINT('',(6.730574129631E-02,-0.212467152379,
    0.864744742468));
#800 = CARTESIAN_POINT('',(7.390508111401E-02,-0.217478051238,
    0.859854776759));
#801 = CARTESIAN_POINT('',(8.053694013677E-02,-0.222116754957,
    0.854632442701));
#802 = CARTESIAN_POINT('',(8.718062970688E-02,-0.226371716434,
    0.849097757842));
#803 = CARTESIAN_POINT('',(9.381702417468E-02,-0.230235458396,
    0.843272262102));
#804 = CARTESIAN_POINT('',(0.100428220024,-0.233703886282,0.837178818495
    ));
#805 = CARTESIAN_POINT('',(0.106997195,-0.236775601147,0.83084141384));
#806 = CARTESIAN_POINT('',(0.120561263844,-0.242350203248,0.81718112513)
  );
#807 = CARTESIAN_POINT('',(0.127332731016,-0.244696682673,0.810035219963
    ));
#808 = CARTESIAN_POINT('',(0.133852607087,-0.246558854861,0.802861375646
    ));
#809 = CARTESIAN_POINT('',(0.140143049867,-0.247985977733,0.795670140374
    ));
#810 = CARTESIAN_POINT('',(0.146221276778,-0.249015658286,0.788469351466
    ));
#811 = CARTESIAN_POINT('',(0.152101927645,-0.249678485246,0.781264646344
    ));
#812 = CARTESIAN_POINT('',(0.157798150121,-0.24999999917,0.774059611929)
  );
#813 = CARTESIAN_POINT('',(0.163321407768,-0.25,0.766855572434));
#814 = ORIENTED_EDGE('',*,*,#815,.T.);
#815 = EDGE_CURVE('',#781,#816,#818,.T.);
#816 = VERTEX_POINT('',#817);
#817 = CARTESIAN_POINT('',(0.281006833853,-3.77825059939E-02,
    0.476435763426));
#818 = B_SPLINE_CURVE_WITH_KNOTS('',7,(#819,#820,#821,#822,#823,#824,
    #825,#826,#827,#828,#829,#830,#831,#832),.UNSPECIFIED.,.F.,.F.,(8,6,
    8),(0.,0.514535788781,1.),.UNSPECIFIED.);
#819 = CARTESIAN_POINT('',(0.163321407768,-0.25,0.766855572434));
#820 = CARTESIAN_POINT('',(0.18088990707,-0.249999997361,0.743940801605)
  );
#821 = CARTESIAN_POINT('',(0.197336148661,-0.246680265818,0.720170748072
    ));
#822 = CARTESIAN_POINT('',(0.212562311668,-0.240283546337,0.695927694963
    ));
#823 = CARTESIAN_POINT('',(0.226445266599,-0.230978932022,0.67155821961)
  );
#824 = CARTESIAN_POINT('',(0.238857716958,-0.218935942669,0.647392851786
    ));
#825 = CARTESIAN_POINT('',(0.249665457124,-0.204322747434,0.623745729809
    ));
#826 = CARTESIAN_POINT('',(0.267265429463,-0.171238054794,0.579383763663
    ));
#827 = CARTESIAN_POINT('',(0.274246228369,-0.153038159383,0.558588193539
    ));
#828 = CARTESIAN_POINT('',(0.279521874707,-0.132875308124,0.538837755683
    ));
#829 = CARTESIAN_POINT('',(0.282950581189,-0.110966033123,0.520443913434
    ));
#830 = CARTESIAN_POINT('',(0.284403571088,-8.758100995803E-02,
    0.503715825204));
#831 = CARTESIAN_POINT('',(0.283774079623,-6.305138646128E-02,
    0.48895512195));
#832 = CARTESIAN_POINT('',(0.281006743315,-3.778167924913E-02,
    0.476435353817));
#833 = ORIENTED_EDGE('',*,*,#834,.T.);
#834 = EDGE_CURVE('',#816,#835,#837,.T.);
#835 = VERTEX_POINT('',#836);
#836 = CARTESIAN_POINT('',(0.275386947819,2.22044604925E-16,
    0.459767831308));
#837 = B_SPLINE_CURVE_WITH_KNOTS('',4,(#838,#839,#840,#841,#842,#843,
    #844,#845,#846,#847,#848,#849,#850,#851),.UNSPECIFIED.,.F.,.F.,(5,3,
    3,3,5),(0.,0.245481561916,0.493158573582,0.744414139707,1.),
  .UNSPECIFIED.);
#838 = CARTESIAN_POINT('',(0.281006833853,-3.77825059939E-02,
    0.476435763426));
#839 = CARTESIAN_POINT('',(0.280758935842,-3.551879878929E-02,
    0.475314212928));
#840 = CARTESIAN_POINT('',(0.28049601403,-3.324562984343E-02,
    0.474207684626));
#841 = CARTESIAN_POINT('',(0.280217805011,-3.096315110414E-02,
    0.473116539778));
#842 = CARTESIAN_POINT('',(0.279627561292,-2.635940839994E-02,
    0.470956217761));
#843 = CARTESIAN_POINT('',(0.279315246291,-2.403798054021E-02,
    0.469887324613));
#844 = CARTESIAN_POINT('',(0.278986731461,-2.170741251569E-02,
    0.468834928294));
#845 = CARTESIAN_POINT('',(0.278291573033,-1.699457515957E-02,
    0.466749120039));
#846 = CARTESIAN_POINT('',(0.277924447179,-1.461204591699E-02,
    0.465716202343));
#847 = CARTESIAN_POINT('',(0.277539879619,-1.222050627211E-02,
    0.464701247681));
#848 = CARTESIAN_POINT('',(0.276728043024,-7.378505159915E-03,
    0.462691211327));
#849 = CARTESIAN_POINT('',(0.276300152434,-4.927739286975E-03,
    0.461696773849));
#850 = CARTESIAN_POINT('',(0.275853293187,-2.46813818792E-03,
    0.460722093182));
#851 = CARTESIAN_POINT('',(0.275386947819,2.22044604925E-16,
    0.459767831308));
#852 = ORIENTED_EDGE('',*,*,#853,.T.);
#853 = EDGE_CURVE('',#835,#605,#854,.T.);
#854 = CIRCLE('',#855,1.5);
#855 = AXIS2_PLACEMENT_3D('',#856,#857,#858);
#856 = CARTESIAN_POINT('',(1.25,2.22044604925E-16,1.6));
#857 = DIRECTION('',(0.,-1.,0.));
#858 = DIRECTION('',(-1.,0.,0.));
#859 = ORIENTED_EDGE('',*,*,#623,.T.);
#860 = ORIENTED_EDGE('',*,*,#698,.T.);
#861 = ORIENTED_EDGE('',*,*,#862,.T.);
#862 = EDGE_CURVE('',#662,#761,#863,.T.);
#863 = CIRCLE('',#864,1.5);
#864 = AXIS2_PLACEMENT_3D('',#865,#866,#867);
#865 = CARTESIAN_POINT('',(1.25,2.22044604925E-16,1.6));
#866 = DIRECTION('',(0.,-1.,0.));
#867 = DIRECTION('',(-1.,0.,0.));
#868 = ORIENTED_EDGE('',*,*,#760,.T.);
#869 = SPHERICAL_SURFACE('',#870,1.625);
#870 = AXIS2_PLACEMENT_3D('',#871,#872,#873);
#871 = CARTESIAN_POINT('',(1.25,0.625,1.6));
#872 = DIRECTION('',(0.,-1.,0.));
#873 = DIRECTION('',(-1.,0.,0.));
#874 = ADVANCED_FACE('',(#875),#975,.T.);
#875 = FACE_BOUND('',#876,.T.);
#876 = EDGE_LOOP('',(#877,#886,#887,#888,#889,#906,#907,#908,#927,#974)
  );
#877 = ORIENTED_EDGE('',*,*,#878,.F.);
#878 = EDGE_CURVE('',#879,#761,#881,.T.);
#879 = VERTEX_POINT('',#880);
#880 = CARTESIAN_POINT('',(1.25,1.,1.6));
#881 = CIRCLE('',#882,1.625);
#882 = AXIS2_PLACEMENT_3D('',#883,#884,#885);
#883 = CARTESIAN_POINT('',(1.25,-0.625,1.6));
#884 = DIRECTION('',(0.,0.,1.));
#885 = DIRECTION('',(-2.22044604925E-16,1.,0.));
#886 = ORIENTED_EDGE('',*,*,#878,.T.);
#887 = ORIENTED_EDGE('',*,*,#862,.F.);
#888 = ORIENTED_EDGE('',*,*,#661,.T.);
#889 = ORIENTED_EDGE('',*,*,#890,.T.);
#890 = EDGE_CURVE('',#664,#596,#891,.T.);
#891 = B_SPLINE_CURVE_WITH_KNOTS('',7,(#892,#893,#894,#895,#896,#897,
    #898,#899,#900,#901,#902,#903,#904,#905),.UNSPECIFIED.,.F.,.F.,(8,6,
    8),(0.,0.514535788771,1.),.UNSPECIFIED.);
#892 = CARTESIAN_POINT('',(2.336678592232,0.25,0.766855572434));
#893 = CARTESIAN_POINT('',(2.31911009293,0.249999997361,0.743940801605)
  );
#894 = CARTESIAN_POINT('',(2.30266385134,0.246680265818,0.720170748073)
  );
#895 = CARTESIAN_POINT('',(2.287437688333,0.240283546337,0.695927694964)
  );
#896 = CARTESIAN_POINT('',(2.273554733402,0.230978932023,0.671558219612)
  );
#897 = CARTESIAN_POINT('',(2.261142283043,0.21893594267,0.647392851788)
  );
#898 = CARTESIAN_POINT('',(2.250334542877,0.204322747435,0.623745729812)
  );
#899 = CARTESIAN_POINT('',(2.232734570538,0.171238054797,0.579383763665)
  );
#900 = CARTESIAN_POINT('',(2.225753771632,0.153038159385,0.558588193541)
  );
#901 = CARTESIAN_POINT('',(2.220478125293,0.132875308126,0.538837755684)
  );
#902 = CARTESIAN_POINT('',(2.217049418811,0.110966033125,0.520443913435)
  );
#903 = CARTESIAN_POINT('',(2.215596428912,8.758100995897E-02,
    0.503715825204));
#904 = CARTESIAN_POINT('',(2.216225920377,6.305138646179E-02,
    0.48895512195));
#905 = CARTESIAN_POINT('',(2.218993256685,3.778167924913E-02,
    0.476435353817));
#906 = ORIENTED_EDGE('',*,*,#604,.T.);
#907 = ORIENTED_EDGE('',*,*,#853,.F.);
#908 = ORIENTED_EDGE('',*,*,#909,.T.);
#909 = EDGE_CURVE('',#835,#910,#912,.T.);
#910 = VERTEX_POINT('',#911);
#911 = CARTESIAN_POINT('',(0.281006833853,3.77825059939E-02,
    0.476435763426));
#912 = B_SPLINE_CURVE_WITH_KNOTS('',4,(#913,#914,#915,#916,#917,#918,
    #919,#920,#921,#922,#923,#924,#925,#926),.UNSPECIFIED.,.F.,.F.,(5,3,
    3,3,5),(0.,0.252234035218,0.502642977332,0.751512170472,1.),
  .UNSPECIFIED.);
#913 = CARTESIAN_POINT('',(0.275386947819,1.665334536938E-16,
    0.459767831308));
#914 = CARTESIAN_POINT('',(0.275854912648,2.476709204296E-03,
    0.460725407013));
#915 = CARTESIAN_POINT('',(0.276301948813,4.937904615748E-03,
    0.46170086913));
#916 = CARTESIAN_POINT('',(0.276728821886,7.383373215692E-03,
    0.462693282619));
#917 = CARTESIAN_POINT('',(0.277540679841,1.222505853606E-02,
    0.464703087514));
#918 = CARTESIAN_POINT('',(0.277925945225,1.462150188238E-02,
    0.465720245561));
#919 = CARTESIAN_POINT('',(0.278292698466,1.70022284357E-02,
    0.466752511962));
#920 = CARTESIAN_POINT('',(0.278988241107,2.171762394676E-02,
    0.468839442966));
#921 = CARTESIAN_POINT('',(0.279317250035,2.405248483008E-02,
    0.46989393018));
#922 = CARTESIAN_POINT('',(0.279629160487,2.637173897141E-02,
    0.470961978451));
#923 = CARTESIAN_POINT('',(0.280219370252,3.097550230007E-02,
    0.473122361096));
#924 = CARTESIAN_POINT('',(0.280497720456,3.326005840053E-02,
    0.474214655138));
#925 = CARTESIAN_POINT('',(0.280760058728,3.55290525362E-02,
    0.475319293132));
#926 = CARTESIAN_POINT('',(0.281006833853,3.77825059939E-02,
    0.476435763426));
#927 = ORIENTED_EDGE('',*,*,#928,.T.);
#928 = EDGE_CURVE('',#910,#772,#929,.T.);
#929 = B_SPLINE_CURVE_WITH_KNOTS('',8,(#930,#931,#932,#933,#934,#935,
    #936,#937,#938,#939,#940,#941,#942,#943,#944,#945,#946,#947,#948,
    #949,#950,#951,#952,#953,#954,#955,#956,#957,#958,#959,#960,#961,
    #962,#963,#964,#965,#966,#967,#968,#969,#970,#971,#972,#973),
  .UNSPECIFIED.,.F.,.F.,(9,7,7,7,7,7,9),(0.,0.188245561781,
    0.365671761464,0.51573009533,0.651554601805,0.806742922997,1.),
  .UNSPECIFIED.);
#930 = CARTESIAN_POINT('',(0.281006743315,3.778167924913E-02,
    0.476435353817));
#931 = CARTESIAN_POINT('',(0.282564052934,5.200212582102E-02,
    0.483480813123));
#932 = CARTESIAN_POINT('',(0.283455737574,6.597090978325E-02,
    0.491210530021));
#933 = CARTESIAN_POINT('',(0.283700299369,7.967400737758E-02,
    0.499600980683));
#934 = CARTESIAN_POINT('',(0.283306103231,9.309173525464E-02,
    0.508637036674));
#935 = CARTESIAN_POINT('',(0.282274457592,0.106199846635,0.518308978823)
  );
#936 = CARTESIAN_POINT('',(0.280600530543,0.118969844597,0.528611644463)
  );
#937 = CARTESIAN_POINT('',(0.278272101357,0.131368512493,0.539545708025)
  );
#938 = CARTESIAN_POINT('',(0.272432959831,0.154655794911,0.562031189787)
  );
#939 = CARTESIAN_POINT('',(0.26900073394,0.165578971863,0.573500106092)
  );
#940 = CARTESIAN_POINT('',(0.264950015303,0.176102108374,0.585541890245)
  );
#941 = CARTESIAN_POINT('',(0.260254172888,0.18618350958,0.598167997894)
  );
#942 = CARTESIAN_POINT('',(0.254879397632,0.195763795595,0.611386852681)
  );
#943 = CARTESIAN_POINT('',(0.24878693442,0.204768083737,0.625201836231)
  );
#944 = CARTESIAN_POINT('',(0.241929766255,0.213104511868,0.639613627789)
  );
#945 = CARTESIAN_POINT('',(0.227728935285,0.227037485469,0.667335297391)
  );
#946 = CARTESIAN_POINT('',(0.220634055457,0.232847793249,0.680451483419)
  );
#947 = CARTESIAN_POINT('',(0.212906085242,0.238019846169,0.693995369512)
  );
#948 = CARTESIAN_POINT('',(0.204504598309,0.242451840659,0.707947771889)
  );
#949 = CARTESIAN_POINT('',(0.19540106809,0.246016167665,0.722253598188)
  );
#950 = CARTESIAN_POINT('',(0.185581887808,0.248565708039,0.736819825294)
  );
#951 = CARTESIAN_POINT('',(0.175054292262,0.249942757745,0.75151228242)
  );
#952 = CARTESIAN_POINT('',(0.153731631243,0.250049241678,0.779397998379)
  );
#953 = CARTESIAN_POINT('',(0.143037127346,0.249017613388,0.792626855512)
  );
#954 = CARTESIAN_POINT('',(0.131887025676,0.246785835228,0.805597042898)
  );
#955 = CARTESIAN_POINT('',(0.120394038828,0.243289403673,0.818096913034)
  );
#956 = CARTESIAN_POINT('',(0.108678013813,0.238507246075,0.82993492522)
  );
#957 = CARTESIAN_POINT('',(9.68685175911E-02,0.232460680093,
    0.840939166841));
#958 = CARTESIAN_POINT('',(8.510719349511E-02,0.225221328637,
    0.850963511771));
#959 = CARTESIAN_POINT('',(6.034491690515E-02,0.207452312611,
    0.870111409442));
#960 = CARTESIAN_POINT('',(4.711882034075E-02,0.196394419977,
    0.879125062553));
#961 = CARTESIAN_POINT('',(3.46986163236E-02,0.184269991563,
    0.886229354839));
#962 = CARTESIAN_POINT('',(2.333724173712E-02,0.17166496626,
    0.891536922356));
#963 = CARTESIAN_POINT('',(1.311122772068E-02,0.158995825882,
    0.895284194034));
#964 = CARTESIAN_POINT('',(3.926568113288E-03,0.146491048267,
    0.897779628995));
#965 = CARTESIAN_POINT('',(-4.403188671229E-03,0.134130424324,
    0.899261233157));
#966 = CARTESIAN_POINT('',(-2.172032282948E-02,0.106052991655,
    0.900536495695));
#967 = CARTESIAN_POINT('',(-3.019179301084E-02,9.054189177611E-02,
    0.899813918592));
#968 = CARTESIAN_POINT('',(-3.769408617572E-02,7.512129093317E-02,
    0.897915137743));
#969 = CARTESIAN_POINT('',(-4.43154752893E-02,5.981514526004E-02,
    0.894988084906));
#970 = CARTESIAN_POINT('',(-5.011927387566E-02,4.464165185391E-02,
    0.891141540999));
#971 = CARTESIAN_POINT('',(-5.51549019932E-02,2.961244896602E-02,
    0.886459516272));
#972 = CARTESIAN_POINT('',(-5.94542462432E-02,1.473230769692E-02,
    0.880996820997));
#973 = CARTESIAN_POINT('',(-6.303820503361E-02,1.110223024625E-16,
    0.874789222279));
#974 = ORIENTED_EDGE('',*,*,#771,.F.);
#975 = SPHERICAL_SURFACE('',#976,1.625);
#976 = AXIS2_PLACEMENT_3D('',#977,#978,#979);
#977 = CARTESIAN_POINT('',(1.25,-0.625,1.6));
#978 = DIRECTION('',(0.,-1.,0.));
#979 = DIRECTION('',(-1.,0.,0.));
#980 = ADVANCED_FACE('',(#981),#986,.T.);
#981 = FACE_BOUND('',#982,.T.);
#982 = EDGE_LOOP('',(#983,#984,#985));
#983 = ORIENTED_EDGE('',*,*,#890,.F.);
#984 = ORIENTED_EDGE('',*,*,#746,.F.);
#985 = ORIENTED_EDGE('',*,*,#595,.T.);
#986 = CYLINDRICAL_SURFACE('',#987,0.25);
#987 = AXIS2_PLACEMENT_3D('',#988,#989,#990);
#988 = CARTESIAN_POINT('',(2.433012701892,0.,0.6));
#989 = DIRECTION('',(0.5,-5.721188726112E-18,-0.866025403784));
#990 = DIRECTION('',(1.144237745222E-17,1.,0.));
#991 = ADVANCED_FACE('',(#992),#1029,.F.);
#992 = FACE_BOUND('',#993,.F.);
#993 = EDGE_LOOP('',(#994,#1005,#1012,#1013,#1020,#1021,#1022));
#994 = ORIENTED_EDGE('',*,*,#995,.F.);
#995 = EDGE_CURVE('',#996,#998,#1000,.T.);
#996 = VERTEX_POINT('',#997);
#997 = CARTESIAN_POINT('',(1.110223024625E-16,-0.25,0.35));
#998 = VERTEX_POINT('',#999);
#999 = CARTESIAN_POINT('',(6.698729810778E-02,-0.25,0.6));
#1000 = CIRCLE('',#1001,0.5);
#1001 = AXIS2_PLACEMENT_3D('',#1002,#1003,#1004);
#1002 = CARTESIAN_POINT('',(0.5,-0.25,0.35));
#1003 = DIRECTION('',(-1.110223024625E-16,1.,0.));
#1004 = DIRECTION('',(-1.,-1.110223024625E-16,0.));
#1005 = ORIENTED_EDGE('',*,*,#1006,.F.);
#1006 = EDGE_CURVE('',#996,#996,#1007,.T.);
#1007 = CIRCLE('',#1008,0.25);
#1008 = AXIS2_PLACEMENT_3D('',#1009,#1010,#1011);
#1009 = CARTESIAN_POINT('',(8.326672684689E-17,0.,0.35));
#1010 = DIRECTION('',(-0.,0.,1.));
#1011 = DIRECTION('',(1.110223024625E-16,-1.,0.));
#1012 = ORIENTED_EDGE('',*,*,#995,.T.);
#1013 = ORIENTED_EDGE('',*,*,#1014,.T.);
#1014 = EDGE_CURVE('',#998,#816,#1015,.T.);
#1015 = CIRCLE('',#1016,0.25);
#1016 = AXIS2_PLACEMENT_3D('',#1017,#1018,#1019);
#1017 = CARTESIAN_POINT('',(6.698729810778E-02,8.831622634437E-33,0.6));
#1018 = DIRECTION('',(0.5,5.551115123128E-17,0.866025403784));
#1019 = DIRECTION('',(1.110223024625E-16,-1.,8.646655078321E-30));
#1020 = ORIENTED_EDGE('',*,*,#834,.T.);
#1021 = ORIENTED_EDGE('',*,*,#909,.T.);
#1022 = ORIENTED_EDGE('',*,*,#1023,.T.);
#1023 = EDGE_CURVE('',#910,#998,#1024,.T.);
#1024 = CIRCLE('',#1025,0.25);
#1025 = AXIS2_PLACEMENT_3D('',#1026,#1027,#1028);
#1026 = CARTESIAN_POINT('',(6.698729810778E-02,8.831622634437E-33,0.6));
#1027 = DIRECTION('',(0.5,5.551115123128E-17,0.866025403784));
#1028 = DIRECTION('',(1.110223024625E-16,-1.,8.646655078321E-30));
#1029 = SURFACE_OF_REVOLUTION('',#1030,#1035);
#1030 = CIRCLE('',#1031,0.25);
#1031 = AXIS2_PLACEMENT_3D('',#1032,#1033,#1034);
#1032 = CARTESIAN_POINT('',(8.326672684689E-17,0.,0.35));
#1033 = DIRECTION('',(-0.,0.,1.));
#1034 = DIRECTION('',(1.110223024625E-16,-1.,0.));
#1035 = AXIS1_PLACEMENT('',#1036,#1037);
#1036 = CARTESIAN_POINT('',(0.5,1.5,0.35));
#1037 = DIRECTION('',(-1.110223024625E-16,1.,0.));
#1038 = ADVANCED_FACE('',(#1039),#1049,.T.);
#1039 = FACE_BOUND('',#1040,.T.);
#1040 = EDGE_LOOP('',(#1041,#1042,#1048));
#1041 = ORIENTED_EDGE('',*,*,#815,.F.);
#1042 = ORIENTED_EDGE('',*,*,#1043,.F.);
#1043 = EDGE_CURVE('',#998,#781,#1044,.T.);
#1044 = LINE('',#1045,#1046);
#1045 = CARTESIAN_POINT('',(6.698729810778E-02,-0.25,0.6));
#1046 = VECTOR('',#1047,1.);
#1047 = DIRECTION('',(0.5,5.551115123128E-17,0.866025403784));
#1048 = ORIENTED_EDGE('',*,*,#1014,.T.);
#1049 = CYLINDRICAL_SURFACE('',#1050,0.25);
#1050 = AXIS2_PLACEMENT_3D('',#1051,#1052,#1053);
#1051 = CARTESIAN_POINT('',(6.698729810778E-02,0.,0.6));
#1052 = DIRECTION('',(-0.5,-5.551115123128E-17,-0.866025403784));
#1053 = DIRECTION('',(1.110223024625E-16,-1.,8.646655078321E-30));
#1054 = ADVANCED_FACE('',(#1055),#1061,.T.);
#1055 = FACE_BOUND('',#1056,.T.);
#1056 = EDGE_LOOP('',(#1057,#1058,#1059,#1060));
#1057 = ORIENTED_EDGE('',*,*,#780,.F.);
#1058 = ORIENTED_EDGE('',*,*,#928,.F.);
#1059 = ORIENTED_EDGE('',*,*,#1023,.T.);
#1060 = ORIENTED_EDGE('',*,*,#1043,.T.);
#1061 = CYLINDRICAL_SURFACE('',#1062,0.25);
#1062 = AXIS2_PLACEMENT_3D('',#1063,#1064,#1065);
#1063 = CARTESIAN_POINT('',(6.698729810778E-02,0.,0.6));
#1064 = DIRECTION('',(-0.5,-5.551115123128E-17,-0.866025403784));
#1065 = DIRECTION('',(1.110223024625E-16,-1.,8.646655078321E-30));
#1066 = ADVANCED_FACE('',(#1067),#1086,.T.);
#1067 = FACE_BOUND('',#1068,.T.);
#1068 = EDGE_LOOP('',(#1069,#1077,#1078,#1079));
#1069 = ORIENTED_EDGE('',*,*,#1070,.T.);
#1070 = EDGE_CURVE('',#1071,#996,#1073,.T.);
#1071 = VERTEX_POINT('',#1072);
#1072 = CARTESIAN_POINT('',(1.110223024625E-16,-0.25,-2.));
#1073 = LINE('',#1074,#1075);
#1074 = CARTESIAN_POINT('',(1.110223024625E-16,-0.25,-2.));
#1075 = VECTOR('',#1076,1.);
#1076 = DIRECTION('',(0.,0.,1.));
#1077 = ORIENTED_EDGE('',*,*,#1006,.F.);
#1078 = ORIENTED_EDGE('',*,*,#1070,.F.);
#1079 = ORIENTED_EDGE('',*,*,#1080,.T.);
#1080 = EDGE_CURVE('',#1071,#1071,#1081,.T.);
#1081 = CIRCLE('',#1082,0.25);
#1082 = AXIS2_PLACEMENT_3D('',#1083,#1084,#1085);
#1083 = CARTESIAN_POINT('',(8.326672684689E-17,0.,-2.));
#1084 = DIRECTION('',(-0.,0.,1.));
#1085 = DIRECTION('',(1.110223024625E-16,-1.,0.));
#1086 = CYLINDRICAL_SURFACE('',#1087,0.25);
#1087 = AXIS2_PLACEMENT_3D('',#1088,#1089,#1090);
#1088 = CARTESIAN_POINT('',(8.326672684689E-17,0.,-2.));
#1089 = DIRECTION('',(-0.,0.,-1.));
#1090 = DIRECTION('',(1.110223024625E-16,-1.,-0.));
#1091 = ADVANCED_FACE('',(#1092),#1095,.T.);
#1092 = FACE_BOUND('',#1093,.F.);
#1093 = EDGE_LOOP('',(#1094));
#1094 = ORIENTED_EDGE('',*,*,#1080,.T.);
#1095 = PLANE('',#1096);
#1096 = AXIS2_PLACEMENT_3D('',#1097,#1098,#1099);
#1097 = CARTESIAN_POINT('',(1.110223024625E-16,-0.25,-2.));
#1098 = DIRECTION('',(0.,0.,-1.));
#1099 = DIRECTION('',(-1.110223024625E-16,1.,0.));
#1100 = ( GEOMETRIC_REPRESENTATION_CONTEXT(3) 
GLOBAL_UNCERTAINTY_ASSIGNED_CONTEXT((#1104)) 
GLOBAL_UNIT_ASSIGNED_CONTEXT((#1101,#1102,#1103)) REPRESENTATION_CONTEXT
('Context #1','3D Context with UNIT and UNCERTAINTY') );
#1101 = ( LENGTH_UNIT() NAMED_UNIT(*) SI_UNIT(.MILLI.,.METRE.) );
#1102 = ( NAMED_UNIT(*) PLANE_ANGLE_UNIT() SI_UNIT($,.RADIAN.) );
#1103 = ( NAMED_UNIT(*) SI_UNIT($,.STERADIAN.) SOLID_ANGLE_UNIT() );
#1104 = UNCERTAINTY_MEASURE_WITH_UNIT(LENGTH_MEASURE(1.E-07),#1101,
  'distance_accuracy_value','confusion accuracy');
#1105 = CONTEXT_DEPENDENT_SHAPE_REPRESENTATION(#1106,#1108);
#1106 = ( REPRESENTATION_RELATIONSHIP('','',#535,#10) 
REPRESENTATION_RELATIONSHIP_WITH_TRANSFORMATION(#1107) 
SHAPE_REPRESENTATION_RELATIONSHIP() );
#1107 = ITEM_DEFINED_TRANSFORMATION('','',#11,#23);
#1108 = PRODUCT_DEFINITION_SHAPE('Placement','Placement of an item',
  #1109);
#1109 = NEXT_ASSEMBLY_USAGE_OCCURRENCE('3','C8','',#5,#530,$);
#1110 = PRODUCT_RELATED_PRODUCT_CATEGORY('part',$,(#532));
#1111 = CONTEXT_DEPENDENT_SHAPE_REPRESENTATION(#1112,#1114);
#1112 = ( REPRESENTATION_RELATIONSHIP('','',#124,#10) 
REPRESENTATION_RELATIONSHIP_WITH_TRANSFORMATION(#1113) 
SHAPE_REPRESENTATION_RELATIONSHIP() );
#1113 = ITEM_DEFINED_TRANSFORMATION('','',#11,#27);
#1114 = PRODUCT_DEFINITION_SHAPE('Placement','Placement of an item',
  #1115);
#1115 = NEXT_ASSEMBLY_USAGE_OCCURRENCE('4','R2','',#5,#119,$);
#1116 = SHAPE_DEFINITION_REPRESENTATION(#1117,#1123);
#1117 = PRODUCT_DEFINITION_SHAPE('','',#1118);
#1118 = PRODUCT_DEFINITION('design','',#1119,#1122);
#1119 = PRODUCT_DEFINITION_FORMATION('','',#1120);
#1120 = PRODUCT('DIP-8_W7.62mm','DIP-8_W7.62mm','',(#1121));
#1121 = PRODUCT_CONTEXT('',#2,'mechanical');
#1122 = PRODUCT_DEFINITION_CONTEXT('part definition',#2,'design');
#1123 = ADVANCED_BREP_SHAPE_REPRESENTATION('',(#11,#1124),#5896);
#1124 = MANIFOLD_SOLID_BREP('',#1125);
#1125 = CLOSED_SHELL('',(#1126,#1166,#1259,#1282,#1369,#1386,#1416,#1446
    ,#1477,#1508,#1539,#1570,#1601,#1632,#1663,#1686,#1710,#1740,#1771,
    #1802,#1833,#1864,#1895,#1926,#1957,#1974,#2004,#2062,#2120,#2150,
    #2208,#2225,#2250,#2300,#2331,#2389,#2447,#2478,#2536,#2553,#2578,
    #2628,#2659,#2682,#2706,#2764,#2822,#2852,#2910,#2927,#2985,#3002,
    #3033,#3091,#3149,#3180,#3238,#3255,#3313,#3330,#3361,#3378,#3435,
    #3454,#3503,#3527,#3574,#3586,#3605,#3622,#3671,#3695,#3737,#3754,
    #3771,#3790,#3855,#3879,#3942,#3954,#4019,#4043,#4106,#4123,#4137,
    #4154,#4171,#4520,#4571,#4590,#4639,#4663,#4710,#4722,#4776,#4800,
    #4842,#4861,#4873,#4890,#4907,#4926,#4943,#5008,#5032,#5090,#5112,
    #5177,#5201,#5259,#5273,#5290,#5307,#5324,#5353,#5370,#5387,#5399,
    #5416,#5433,#5445,#5462,#5479,#5496,#5513,#5525,#5542,#5559,#5576,
    #5593,#5605,#5633,#5644,#5661,#5678,#5690,#5707,#5724,#5736,#5753,
    #5770,#5787,#5804,#5816,#5833,#5850,#5867,#5884));
#1126 = ADVANCED_FACE('',(#1127),#1161,.T.);
#1127 = FACE_BOUND('',#1128,.F.);
#1128 = EDGE_LOOP('',(#1129,#1139,#1147,#1155));
#1129 = ORIENTED_EDGE('',*,*,#1130,.T.);
#1130 = EDGE_CURVE('',#1131,#1133,#1135,.T.);
#1131 = VERTEX_POINT('',#1132);
#1132 = CARTESIAN_POINT('',(6.661276356577,-8.121276356577,0.38));
#1133 = VERTEX_POINT('',#1134);
#1134 = CARTESIAN_POINT('',(6.661276356577,0.501276356577,0.38));
#1135 = LINE('',#1136,#1137);
#1136 = CARTESIAN_POINT('',(6.661276356577,-8.121276356577,0.38));
#1137 = VECTOR('',#1138,1.);
#1138 = DIRECTION('',(-4.440892098501E-16,1.,0.));
#1139 = ORIENTED_EDGE('',*,*,#1140,.T.);
#1140 = EDGE_CURVE('',#1133,#1141,#1143,.T.);
#1141 = VERTEX_POINT('',#1142);
#1142 = CARTESIAN_POINT('',(0.958723643423,0.501276356577,0.38));
#1143 = LINE('',#1144,#1145);
#1144 = CARTESIAN_POINT('',(6.661276356577,0.501276356577,0.38));
#1145 = VECTOR('',#1146,1.);
#1146 = DIRECTION('',(-1.,-4.440892098501E-16,0.));
#1147 = ORIENTED_EDGE('',*,*,#1148,.T.);
#1148 = EDGE_CURVE('',#1141,#1149,#1151,.T.);
#1149 = VERTEX_POINT('',#1150);
#1150 = CARTESIAN_POINT('',(0.958723643423,-8.121276356577,0.38));
#1151 = LINE('',#1152,#1153);
#1152 = CARTESIAN_POINT('',(0.958723643423,0.501276356577,0.38));
#1153 = VECTOR('',#1154,1.);
#1154 = DIRECTION('',(4.440892098501E-16,-1.,0.));
#1155 = ORIENTED_EDGE('',*,*,#1156,.T.);
#1156 = EDGE_CURVE('',#1149,#1131,#1157,.T.);
#1157 = LINE('',#1158,#1159);
#1158 = CARTESIAN_POINT('',(0.958723643423,-8.121276356577,0.38));
#1159 = VECTOR('',#1160,1.);
#1160 = DIRECTION('',(1.,4.440892098501E-16,0.));
#1161 = PLANE('',#1162);
#1162 = AXIS2_PLACEMENT_3D('',#1163,#1164,#1165);
#1163 = CARTESIAN_POINT('',(6.661276356577,-8.121276356577,0.38));
#1164 = DIRECTION('',(-0.,0.,-1.));
#1165 = DIRECTION('',(-0.551628171486,0.834090139268,0.));
#1166 = ADVANCED_FACE('',(#1167),#1254,.T.);
#1167 = FACE_BOUND('',#1168,.T.);
#1168 = EDGE_LOOP('',(#1169,#1170,#1177,#1185,#1193,#1201,#1209,#1217,
    #1225,#1233,#1241,#1249));
#1169 = ORIENTED_EDGE('',*,*,#1130,.T.);
#1170 = ORIENTED_EDGE('',*,*,#1171,.T.);
#1171 = EDGE_CURVE('',#1133,#1172,#1174,.T.);
#1172 = VERTEX_POINT('',#1173);
#1173 = CARTESIAN_POINT('',(6.985,0.825,1.903));
#1174 = B_SPLINE_CURVE_WITH_KNOTS('',1,(#1175,#1176),.UNSPECIFIED.,.F.,
  .F.,(2,2),(0.,1.),.PIECEWISE_BEZIER_KNOTS.);
#1175 = CARTESIAN_POINT('',(6.661276356577,0.501276356577,0.38));
#1176 = CARTESIAN_POINT('',(6.985,0.825,1.903));
#1177 = ORIENTED_EDGE('',*,*,#1178,.F.);
#1178 = EDGE_CURVE('',#1179,#1172,#1181,.T.);
#1179 = VERTEX_POINT('',#1180);
#1180 = CARTESIAN_POINT('',(6.985,0.2285,1.903));
#1181 = LINE('',#1182,#1183);
#1182 = CARTESIAN_POINT('',(6.985,-8.445,1.903));
#1183 = VECTOR('',#1184,1.);
#1184 = DIRECTION('',(-4.440892098501E-16,1.,0.));
#1185 = ORIENTED_EDGE('',*,*,#1186,.F.);
#1186 = EDGE_CURVE('',#1187,#1179,#1189,.T.);
#1187 = VERTEX_POINT('',#1188);
#1188 = CARTESIAN_POINT('',(6.985,-0.762,1.903));
#1189 = LINE('',#1190,#1191);
#1190 = CARTESIAN_POINT('',(6.985,-8.445,1.903));
#1191 = VECTOR('',#1192,1.);
#1192 = DIRECTION('',(-4.440892098501E-16,1.,0.));
#1193 = ORIENTED_EDGE('',*,*,#1194,.F.);
#1194 = EDGE_CURVE('',#1195,#1187,#1197,.T.);
#1195 = VERTEX_POINT('',#1196);
#1196 = CARTESIAN_POINT('',(6.985,-1.778,1.903));
#1197 = LINE('',#1198,#1199);
#1198 = CARTESIAN_POINT('',(6.985,-8.445,1.903));
#1199 = VECTOR('',#1200,1.);
#1200 = DIRECTION('',(-4.440892098501E-16,1.,0.));
#1201 = ORIENTED_EDGE('',*,*,#1202,.F.);
#1202 = EDGE_CURVE('',#1203,#1195,#1205,.T.);
#1203 = VERTEX_POINT('',#1204);
#1204 = CARTESIAN_POINT('',(6.985,-3.302,1.903));
#1205 = LINE('',#1206,#1207);
#1206 = CARTESIAN_POINT('',(6.985,-8.445,1.903));
#1207 = VECTOR('',#1208,1.);
#1208 = DIRECTION('',(-4.440892098501E-16,1.,0.));
#1209 = ORIENTED_EDGE('',*,*,#1210,.F.);
#1210 = EDGE_CURVE('',#1211,#1203,#1213,.T.);
#1211 = VERTEX_POINT('',#1212);
#1212 = CARTESIAN_POINT('',(6.985,-4.318,1.903));
#1213 = LINE('',#1214,#1215);
#1214 = CARTESIAN_POINT('',(6.985,-8.445,1.903));
#1215 = VECTOR('',#1216,1.);
#1216 = DIRECTION('',(-4.440892098501E-16,1.,0.));
#1217 = ORIENTED_EDGE('',*,*,#1218,.F.);
#1218 = EDGE_CURVE('',#1219,#1211,#1221,.T.);
#1219 = VERTEX_POINT('',#1220);
#1220 = CARTESIAN_POINT('',(6.985,-5.842,1.903));
#1221 = LINE('',#1222,#1223);
#1222 = CARTESIAN_POINT('',(6.985,-8.445,1.903));
#1223 = VECTOR('',#1224,1.);
#1224 = DIRECTION('',(-4.440892098501E-16,1.,0.));
#1225 = ORIENTED_EDGE('',*,*,#1226,.F.);
#1226 = EDGE_CURVE('',#1227,#1219,#1229,.T.);
#1227 = VERTEX_POINT('',#1228);
#1228 = CARTESIAN_POINT('',(6.985,-6.858,1.903));
#1229 = LINE('',#1230,#1231);
#1230 = CARTESIAN_POINT('',(6.985,-8.445,1.903));
#1231 = VECTOR('',#1232,1.);
#1232 = DIRECTION('',(-4.440892098501E-16,1.,0.));
#1233 = ORIENTED_EDGE('',*,*,#1234,.F.);
#1234 = EDGE_CURVE('',#1235,#1227,#1237,.T.);
#1235 = VERTEX_POINT('',#1236);
#1236 = CARTESIAN_POINT('',(6.985,-7.8485,1.903));
#1237 = LINE('',#1238,#1239);
#1238 = CARTESIAN_POINT('',(6.985,-8.445,1.903));
#1239 = VECTOR('',#1240,1.);
#1240 = DIRECTION('',(-4.440892098501E-16,1.,0.));
#1241 = ORIENTED_EDGE('',*,*,#1242,.F.);
#1242 = EDGE_CURVE('',#1243,#1235,#1245,.T.);
#1243 = VERTEX_POINT('',#1244);
#1244 = CARTESIAN_POINT('',(6.985,-8.445,1.903));
#1245 = LINE('',#1246,#1247);
#1246 = CARTESIAN_POINT('',(6.985,-8.445,1.903));
#1247 = VECTOR('',#1248,1.);
#1248 = DIRECTION('',(-4.440892098501E-16,1.,0.));
#1249 = ORIENTED_EDGE('',*,*,#1250,.F.);
#1250 = EDGE_CURVE('',#1131,#1243,#1251,.T.);
#1251 = B_SPLINE_CURVE_WITH_KNOTS('',1,(#1252,#1253),.UNSPECIFIED.,.F.,
  .F.,(2,2),(0.,1.),.PIECEWISE_BEZIER_KNOTS.);
#1252 = CARTESIAN_POINT('',(6.661276356577,-8.121276356577,0.38));
#1253 = CARTESIAN_POINT('',(6.985,-8.445,1.903));
#1254 = B_SPLINE_SURFACE_WITH_KNOTS('',1,1,(
    (#1255,#1256)
    ,(#1257,#1258
    )),.UNSPECIFIED.,.F.,.F.,.F.,(2,2),(2,2),(0.,9.27),(0.,1.),
  .PIECEWISE_BEZIER_KNOTS.);
#1255 = CARTESIAN_POINT('',(6.661276356577,-8.121276356577,0.38));
#1256 = CARTESIAN_POINT('',(6.985,-8.445,1.903));
#1257 = CARTESIAN_POINT('',(6.661276356577,0.501276356577,0.38));
#1258 = CARTESIAN_POINT('',(6.985,0.825,1.903));
#1259 = ADVANCED_FACE('',(#1260),#1277,.T.);
#1260 = FACE_BOUND('',#1261,.T.);
#1261 = EDGE_LOOP('',(#1262,#1263,#1270,#1276));
#1262 = ORIENTED_EDGE('',*,*,#1140,.T.);
#1263 = ORIENTED_EDGE('',*,*,#1264,.T.);
#1264 = EDGE_CURVE('',#1141,#1265,#1267,.T.);
#1265 = VERTEX_POINT('',#1266);
#1266 = CARTESIAN_POINT('',(0.635,0.825,1.903));
#1267 = B_SPLINE_CURVE_WITH_KNOTS('',1,(#1268,#1269),.UNSPECIFIED.,.F.,
  .F.,(2,2),(0.,1.),.PIECEWISE_BEZIER_KNOTS.);
#1268 = CARTESIAN_POINT('',(0.958723643423,0.501276356577,0.38));
#1269 = CARTESIAN_POINT('',(0.635,0.825,1.903));
#1270 = ORIENTED_EDGE('',*,*,#1271,.F.);
#1271 = EDGE_CURVE('',#1172,#1265,#1272,.T.);
#1272 = LINE('',#1273,#1274);
#1273 = CARTESIAN_POINT('',(6.985,0.825,1.903));
#1274 = VECTOR('',#1275,1.);
#1275 = DIRECTION('',(-1.,-4.440892098501E-16,0.));
#1276 = ORIENTED_EDGE('',*,*,#1171,.F.);
#1277 = B_SPLINE_SURFACE_WITH_KNOTS('',1,1,(
    (#1278,#1279)
    ,(#1280,#1281
    )),.UNSPECIFIED.,.F.,.F.,.F.,(2,2),(2,2),(0.,6.35),(0.,1.),
  .PIECEWISE_BEZIER_KNOTS.);
#1278 = CARTESIAN_POINT('',(6.661276356577,0.501276356577,0.38));
#1279 = CARTESIAN_POINT('',(6.985,0.825,1.903));
#1280 = CARTESIAN_POINT('',(0.958723643423,0.501276356577,0.38));
#1281 = CARTESIAN_POINT('',(0.635,0.825,1.903));
#1282 = ADVANCED_FACE('',(#1283),#1364,.T.);
#1283 = FACE_BOUND('',#1284,.T.);
#1284 = EDGE_LOOP('',(#1285,#1286,#1293,#1301,#1309,#1317,#1325,#1333,
    #1341,#1349,#1357,#1363));
#1285 = ORIENTED_EDGE('',*,*,#1148,.T.);
#1286 = ORIENTED_EDGE('',*,*,#1287,.T.);
#1287 = EDGE_CURVE('',#1149,#1288,#1290,.T.);
#1288 = VERTEX_POINT('',#1289);
#1289 = CARTESIAN_POINT('',(0.635,-8.445,1.903));
#1290 = B_SPLINE_CURVE_WITH_KNOTS('',1,(#1291,#1292),.UNSPECIFIED.,.F.,
  .F.,(2,2),(0.,1.),.PIECEWISE_BEZIER_KNOTS.);
#1291 = CARTESIAN_POINT('',(0.958723643423,-8.121276356577,0.38));
#1292 = CARTESIAN_POINT('',(0.635,-8.445,1.903));
#1293 = ORIENTED_EDGE('',*,*,#1294,.F.);
#1294 = EDGE_CURVE('',#1295,#1288,#1297,.T.);
#1295 = VERTEX_POINT('',#1296);
#1296 = CARTESIAN_POINT('',(0.635,-7.8485,1.903));
#1297 = LINE('',#1298,#1299);
#1298 = CARTESIAN_POINT('',(0.635,0.825,1.903));
#1299 = VECTOR('',#1300,1.);
#1300 = DIRECTION('',(4.440892098501E-16,-1.,0.));
#1301 = ORIENTED_EDGE('',*,*,#1302,.F.);
#1302 = EDGE_CURVE('',#1303,#1295,#1305,.T.);
#1303 = VERTEX_POINT('',#1304);
#1304 = CARTESIAN_POINT('',(0.635,-6.858,1.903));
#1305 = LINE('',#1306,#1307);
#1306 = CARTESIAN_POINT('',(0.635,0.825,1.903));
#1307 = VECTOR('',#1308,1.);
#1308 = DIRECTION('',(4.440892098501E-16,-1.,0.));
#1309 = ORIENTED_EDGE('',*,*,#1310,.F.);
#1310 = EDGE_CURVE('',#1311,#1303,#1313,.T.);
#1311 = VERTEX_POINT('',#1312);
#1312 = CARTESIAN_POINT('',(0.635,-5.842,1.903));
#1313 = LINE('',#1314,#1315);
#1314 = CARTESIAN_POINT('',(0.635,0.825,1.903));
#1315 = VECTOR('',#1316,1.);
#1316 = DIRECTION('',(4.440892098501E-16,-1.,0.));
#1317 = ORIENTED_EDGE('',*,*,#1318,.F.);
#1318 = EDGE_CURVE('',#1319,#1311,#1321,.T.);
#1319 = VERTEX_POINT('',#1320);
#1320 = CARTESIAN_POINT('',(0.635,-4.318,1.903));
#1321 = LINE('',#1322,#1323);
#1322 = CARTESIAN_POINT('',(0.635,0.825,1.903));
#1323 = VECTOR('',#1324,1.);
#1324 = DIRECTION('',(4.440892098501E-16,-1.,0.));
#1325 = ORIENTED_EDGE('',*,*,#1326,.F.);
#1326 = EDGE_CURVE('',#1327,#1319,#1329,.T.);
#1327 = VERTEX_POINT('',#1328);
#1328 = CARTESIAN_POINT('',(0.635,-3.302,1.903));
#1329 = LINE('',#1330,#1331);
#1330 = CARTESIAN_POINT('',(0.635,0.825,1.903));
#1331 = VECTOR('',#1332,1.);
#1332 = DIRECTION('',(4.440892098501E-16,-1.,0.));
#1333 = ORIENTED_EDGE('',*,*,#1334,.F.);
#1334 = EDGE_CURVE('',#1335,#1327,#1337,.T.);
#1335 = VERTEX_POINT('',#1336);
#1336 = CARTESIAN_POINT('',(0.635,-1.778,1.903));
#1337 = LINE('',#1338,#1339);
#1338 = CARTESIAN_POINT('',(0.635,0.825,1.903));
#1339 = VECTOR('',#1340,1.);
#1340 = DIRECTION('',(4.440892098501E-16,-1.,0.));
#1341 = ORIENTED_EDGE('',*,*,#1342,.F.);
#1342 = EDGE_CURVE('',#1343,#1335,#1345,.T.);
#1343 = VERTEX_POINT('',#1344);
#1344 = CARTESIAN_POINT('',(0.635,-0.762,1.903));
#1345 = LINE('',#1346,#1347);
#1346 = CARTESIAN_POINT('',(0.635,0.825,1.903));
#1347 = VECTOR('',#1348,1.);
#1348 = DIRECTION('',(4.440892098501E-16,-1.,0.));
#1349 = ORIENTED_EDGE('',*,*,#1350,.F.);
#1350 = EDGE_CURVE('',#1351,#1343,#1353,.T.);
#1351 = VERTEX_POINT('',#1352);
#1352 = CARTESIAN_POINT('',(0.635,0.2285,1.903));
#1353 = LINE('',#1354,#1355);
#1354 = CARTESIAN_POINT('',(0.635,0.825,1.903));
#1355 = VECTOR('',#1356,1.);
#1356 = DIRECTION('',(4.440892098501E-16,-1.,0.));
#1357 = ORIENTED_EDGE('',*,*,#1358,.F.);
#1358 = EDGE_CURVE('',#1265,#1351,#1359,.T.);
#1359 = LINE('',#1360,#1361);
#1360 = CARTESIAN_POINT('',(0.635,0.825,1.903));
#1361 = VECTOR('',#1362,1.);
#1362 = DIRECTION('',(4.440892098501E-16,-1.,0.));
#1363 = ORIENTED_EDGE('',*,*,#1264,.F.);
#1364 = B_SPLINE_SURFACE_WITH_KNOTS('',1,1,(
    (#1365,#1366)
    ,(#1367,#1368
    )),.UNSPECIFIED.,.F.,.F.,.F.,(2,2),(2,2),(0.,9.27),(0.,1.),
  .PIECEWISE_BEZIER_KNOTS.);
#1365 = CARTESIAN_POINT('',(0.958723643423,0.501276356577,0.38));
#1366 = CARTESIAN_POINT('',(0.635,0.825,1.903));
#1367 = CARTESIAN_POINT('',(0.958723643423,-8.121276356577,0.38));
#1368 = CARTESIAN_POINT('',(0.635,-8.445,1.903));
#1369 = ADVANCED_FACE('',(#1370),#1381,.T.);
#1370 = FACE_BOUND('',#1371,.T.);
#1371 = EDGE_LOOP('',(#1372,#1373,#1374,#1380));
#1372 = ORIENTED_EDGE('',*,*,#1156,.T.);
#1373 = ORIENTED_EDGE('',*,*,#1250,.T.);
#1374 = ORIENTED_EDGE('',*,*,#1375,.F.);
#1375 = EDGE_CURVE('',#1288,#1243,#1376,.T.);
#1376 = LINE('',#1377,#1378);
#1377 = CARTESIAN_POINT('',(0.635,-8.445,1.903));
#1378 = VECTOR('',#1379,1.);
#1379 = DIRECTION('',(1.,4.440892098501E-16,0.));
#1380 = ORIENTED_EDGE('',*,*,#1287,.F.);
#1381 = B_SPLINE_SURFACE_WITH_KNOTS('',1,1,(
    (#1382,#1383)
    ,(#1384,#1385
    )),.UNSPECIFIED.,.F.,.F.,.F.,(2,2),(2,2),(0.,6.35),(0.,1.),
  .PIECEWISE_BEZIER_KNOTS.);
#1382 = CARTESIAN_POINT('',(0.958723643423,-8.121276356577,0.38));
#1383 = CARTESIAN_POINT('',(0.635,-8.445,1.903));
#1384 = CARTESIAN_POINT('',(6.661276356577,-8.121276356577,0.38));
#1385 = CARTESIAN_POINT('',(6.985,-8.445,1.903));
#1386 = ADVANCED_FACE('',(#1387),#1411,.T.);
#1387 = FACE_BOUND('',#1388,.T.);
#1388 = EDGE_LOOP('',(#1389,#1396,#1397,#1405));
#1389 = ORIENTED_EDGE('',*,*,#1390,.F.);
#1390 = EDGE_CURVE('',#1243,#1391,#1393,.T.);
#1391 = VERTEX_POINT('',#1392);
#1392 = CARTESIAN_POINT('',(6.985,-8.445,2.157));
#1393 = B_SPLINE_CURVE_WITH_KNOTS('',1,(#1394,#1395),.UNSPECIFIED.,.F.,
  .F.,(2,2),(0.,1.),.PIECEWISE_BEZIER_KNOTS.);
#1394 = CARTESIAN_POINT('',(6.985,-8.445,1.903));
#1395 = CARTESIAN_POINT('',(6.985,-8.445,2.157));
#1396 = ORIENTED_EDGE('',*,*,#1242,.T.);
#1397 = ORIENTED_EDGE('',*,*,#1398,.T.);
#1398 = EDGE_CURVE('',#1235,#1399,#1401,.T.);
#1399 = VERTEX_POINT('',#1400);
#1400 = CARTESIAN_POINT('',(6.985,-7.8485,2.157));
#1401 = LINE('',#1402,#1403);
#1402 = CARTESIAN_POINT('',(6.985,-7.8485,1.9665));
#1403 = VECTOR('',#1404,1.);
#1404 = DIRECTION('',(0.,0.,1.));
#1405 = ORIENTED_EDGE('',*,*,#1406,.F.);
#1406 = EDGE_CURVE('',#1391,#1399,#1407,.T.);
#1407 = LINE('',#1408,#1409);
#1408 = CARTESIAN_POINT('',(6.985,-8.445,2.157));
#1409 = VECTOR('',#1410,1.);
#1410 = DIRECTION('',(-4.440892098501E-16,1.,0.));
#1411 = PLANE('',#1412);
#1412 = AXIS2_PLACEMENT_3D('',#1413,#1414,#1415);
#1413 = CARTESIAN_POINT('',(6.985,-8.445,2.157));
#1414 = DIRECTION('',(1.,4.440892098501E-16,0.));
#1415 = DIRECTION('',(-4.440892098501E-16,1.,0.));
#1416 = ADVANCED_FACE('',(#1417),#1441,.T.);
#1417 = FACE_BOUND('',#1418,.T.);
#1418 = EDGE_LOOP('',(#1419,#1427,#1428,#1435));
#1419 = ORIENTED_EDGE('',*,*,#1420,.T.);
#1420 = EDGE_CURVE('',#1421,#1179,#1423,.T.);
#1421 = VERTEX_POINT('',#1422);
#1422 = CARTESIAN_POINT('',(6.985,0.2285,2.157));
#1423 = LINE('',#1424,#1425);
#1424 = CARTESIAN_POINT('',(6.985,0.2285,2.157));
#1425 = VECTOR('',#1426,1.);
#1426 = DIRECTION('',(1.035250531786E-30,-2.331176954594E-15,-1.));
#1427 = ORIENTED_EDGE('',*,*,#1178,.T.);
#1428 = ORIENTED_EDGE('',*,*,#1429,.T.);
#1429 = EDGE_CURVE('',#1172,#1430,#1432,.T.);
#1430 = VERTEX_POINT('',#1431);
#1431 = CARTESIAN_POINT('',(6.985,0.825,2.157));
#1432 = B_SPLINE_CURVE_WITH_KNOTS('',1,(#1433,#1434),.UNSPECIFIED.,.F.,
  .F.,(2,2),(0.,1.),.PIECEWISE_BEZIER_KNOTS.);
#1433 = CARTESIAN_POINT('',(6.985,0.825,1.903));
#1434 = CARTESIAN_POINT('',(6.985,0.825,2.157));
#1435 = ORIENTED_EDGE('',*,*,#1436,.F.);
#1436 = EDGE_CURVE('',#1421,#1430,#1437,.T.);
#1437 = LINE('',#1438,#1439);
#1438 = CARTESIAN_POINT('',(6.985,-8.445,2.157));
#1439 = VECTOR('',#1440,1.);
#1440 = DIRECTION('',(-4.440892098501E-16,1.,0.));
#1441 = PLANE('',#1442);
#1442 = AXIS2_PLACEMENT_3D('',#1443,#1444,#1445);
#1443 = CARTESIAN_POINT('',(6.985,-8.445,2.157));
#1444 = DIRECTION('',(1.,4.440892098501E-16,0.));
#1445 = DIRECTION('',(-4.440892098501E-16,1.,0.));
#1446 = ADVANCED_FACE('',(#1447),#1472,.F.);
#1447 = FACE_BOUND('',#1448,.F.);
#1448 = EDGE_LOOP('',(#1449,#1457,#1458,#1466));
#1449 = ORIENTED_EDGE('',*,*,#1450,.F.);
#1450 = EDGE_CURVE('',#1227,#1451,#1453,.T.);
#1451 = VERTEX_POINT('',#1452);
#1452 = CARTESIAN_POINT('',(7.366,-6.858,1.903));
#1453 = LINE('',#1454,#1455);
#1454 = CARTESIAN_POINT('',(3.81,-6.858,1.903));
#1455 = VECTOR('',#1456,1.);
#1456 = DIRECTION('',(1.,3.216245299353E-16,0.));
#1457 = ORIENTED_EDGE('',*,*,#1234,.F.);
#1458 = ORIENTED_EDGE('',*,*,#1459,.F.);
#1459 = EDGE_CURVE('',#1460,#1235,#1462,.T.);
#1460 = VERTEX_POINT('',#1461);
#1461 = CARTESIAN_POINT('',(7.366,-7.8485,1.903));
#1462 = LINE('',#1463,#1464);
#1463 = CARTESIAN_POINT('',(7.747,-7.8485,1.903));
#1464 = VECTOR('',#1465,1.);
#1465 = DIRECTION('',(-1.,-3.216245299353E-16,0.));
#1466 = ORIENTED_EDGE('',*,*,#1467,.T.);
#1467 = EDGE_CURVE('',#1460,#1451,#1468,.T.);
#1468 = LINE('',#1469,#1470);
#1469 = CARTESIAN_POINT('',(7.366,-7.8485,1.903));
#1470 = VECTOR('',#1471,1.);
#1471 = DIRECTION('',(-3.216245299353E-16,1.,0.));
#1472 = PLANE('',#1473);
#1473 = AXIS2_PLACEMENT_3D('',#1474,#1475,#1476);
#1474 = CARTESIAN_POINT('',(0.254,-6.858,1.903));
#1475 = DIRECTION('',(0.,0.,1.));
#1476 = DIRECTION('',(-4.440892098501E-16,1.,0.));
#1477 = ADVANCED_FACE('',(#1478),#1503,.F.);
#1478 = FACE_BOUND('',#1479,.F.);
#1479 = EDGE_LOOP('',(#1480,#1488,#1489,#1497));
#1480 = ORIENTED_EDGE('',*,*,#1481,.F.);
#1481 = EDGE_CURVE('',#1179,#1482,#1484,.T.);
#1482 = VERTEX_POINT('',#1483);
#1483 = CARTESIAN_POINT('',(7.366,0.2285,1.903));
#1484 = LINE('',#1485,#1486);
#1485 = CARTESIAN_POINT('',(3.81,0.2285,1.903));
#1486 = VECTOR('',#1487,1.);
#1487 = DIRECTION('',(1.,3.216245299353E-16,0.));
#1488 = ORIENTED_EDGE('',*,*,#1186,.F.);
#1489 = ORIENTED_EDGE('',*,*,#1490,.F.);
#1490 = EDGE_CURVE('',#1491,#1187,#1493,.T.);
#1491 = VERTEX_POINT('',#1492);
#1492 = CARTESIAN_POINT('',(7.366,-0.762,1.903));
#1493 = LINE('',#1494,#1495);
#1494 = CARTESIAN_POINT('',(7.747,-0.762,1.903));
#1495 = VECTOR('',#1496,1.);
#1496 = DIRECTION('',(-1.,-3.216245299353E-16,0.));
#1497 = ORIENTED_EDGE('',*,*,#1498,.F.);
#1498 = EDGE_CURVE('',#1482,#1491,#1499,.T.);
#1499 = LINE('',#1500,#1501);
#1500 = CARTESIAN_POINT('',(7.366,0.2285,1.903));
#1501 = VECTOR('',#1502,1.);
#1502 = DIRECTION('',(3.216245299353E-16,-1.,0.));
#1503 = PLANE('',#1504);
#1504 = AXIS2_PLACEMENT_3D('',#1505,#1506,#1507);
#1505 = CARTESIAN_POINT('',(0.254,0.2285,1.903));
#1506 = DIRECTION('',(0.,0.,1.));
#1507 = DIRECTION('',(-4.440892098501E-16,1.,0.));
#1508 = ADVANCED_FACE('',(#1509),#1534,.T.);
#1509 = FACE_BOUND('',#1510,.T.);
#1510 = EDGE_LOOP('',(#1511,#1519,#1520,#1528));
#1511 = ORIENTED_EDGE('',*,*,#1512,.T.);
#1512 = EDGE_CURVE('',#1513,#1227,#1515,.T.);
#1513 = VERTEX_POINT('',#1514);
#1514 = CARTESIAN_POINT('',(6.985,-6.858,2.157));
#1515 = LINE('',#1516,#1517);
#1516 = CARTESIAN_POINT('',(6.985,-6.858,2.157));
#1517 = VECTOR('',#1518,1.);
#1518 = DIRECTION('',(0.,0.,-1.));
#1519 = ORIENTED_EDGE('',*,*,#1226,.T.);
#1520 = ORIENTED_EDGE('',*,*,#1521,.T.);
#1521 = EDGE_CURVE('',#1219,#1522,#1524,.T.);
#1522 = VERTEX_POINT('',#1523);
#1523 = CARTESIAN_POINT('',(6.985,-5.842,2.157));
#1524 = LINE('',#1525,#1526);
#1525 = CARTESIAN_POINT('',(6.985,-5.842,2.157));
#1526 = VECTOR('',#1527,1.);
#1527 = DIRECTION('',(0.,0.,1.));
#1528 = ORIENTED_EDGE('',*,*,#1529,.F.);
#1529 = EDGE_CURVE('',#1513,#1522,#1530,.T.);
#1530 = LINE('',#1531,#1532);
#1531 = CARTESIAN_POINT('',(6.985,-8.445,2.157));
#1532 = VECTOR('',#1533,1.);
#1533 = DIRECTION('',(-4.440892098501E-16,1.,0.));
#1534 = PLANE('',#1535);
#1535 = AXIS2_PLACEMENT_3D('',#1536,#1537,#1538);
#1536 = CARTESIAN_POINT('',(6.985,-8.445,2.157));
#1537 = DIRECTION('',(1.,4.440892098501E-16,0.));
#1538 = DIRECTION('',(-4.440892098501E-16,1.,0.));
#1539 = ADVANCED_FACE('',(#1540),#1565,.T.);
#1540 = FACE_BOUND('',#1541,.T.);
#1541 = EDGE_LOOP('',(#1542,#1550,#1551,#1559));
#1542 = ORIENTED_EDGE('',*,*,#1543,.F.);
#1543 = EDGE_CURVE('',#1195,#1544,#1546,.T.);
#1544 = VERTEX_POINT('',#1545);
#1545 = CARTESIAN_POINT('',(6.985,-1.778,2.157));
#1546 = LINE('',#1547,#1548);
#1547 = CARTESIAN_POINT('',(6.985,-1.778,2.157));
#1548 = VECTOR('',#1549,1.);
#1549 = DIRECTION('',(0.,0.,1.));
#1550 = ORIENTED_EDGE('',*,*,#1194,.T.);
#1551 = ORIENTED_EDGE('',*,*,#1552,.F.);
#1552 = EDGE_CURVE('',#1553,#1187,#1555,.T.);
#1553 = VERTEX_POINT('',#1554);
#1554 = CARTESIAN_POINT('',(6.985,-0.762,2.157));
#1555 = LINE('',#1556,#1557);
#1556 = CARTESIAN_POINT('',(6.985,-0.762,1.0785));
#1557 = VECTOR('',#1558,1.);
#1558 = DIRECTION('',(0.,0.,-1.));
#1559 = ORIENTED_EDGE('',*,*,#1560,.F.);
#1560 = EDGE_CURVE('',#1544,#1553,#1561,.T.);
#1561 = LINE('',#1562,#1563);
#1562 = CARTESIAN_POINT('',(6.985,-8.445,2.157));
#1563 = VECTOR('',#1564,1.);
#1564 = DIRECTION('',(-4.440892098501E-16,1.,0.));
#1565 = PLANE('',#1566);
#1566 = AXIS2_PLACEMENT_3D('',#1567,#1568,#1569);
#1567 = CARTESIAN_POINT('',(6.985,-8.445,2.157));
#1568 = DIRECTION('',(1.,4.440892098501E-16,0.));
#1569 = DIRECTION('',(-4.440892098501E-16,1.,0.));
#1570 = ADVANCED_FACE('',(#1571),#1596,.F.);
#1571 = FACE_BOUND('',#1572,.F.);
#1572 = EDGE_LOOP('',(#1573,#1581,#1582,#1590));
#1573 = ORIENTED_EDGE('',*,*,#1574,.F.);
#1574 = EDGE_CURVE('',#1211,#1575,#1577,.T.);
#1575 = VERTEX_POINT('',#1576);
#1576 = CARTESIAN_POINT('',(7.366,-4.318,1.903));
#1577 = LINE('',#1578,#1579);
#1578 = CARTESIAN_POINT('',(3.683,-4.318,1.903));
#1579 = VECTOR('',#1580,1.);
#1580 = DIRECTION('',(1.,3.216245299353E-16,0.));
#1581 = ORIENTED_EDGE('',*,*,#1218,.F.);
#1582 = ORIENTED_EDGE('',*,*,#1583,.F.);
#1583 = EDGE_CURVE('',#1584,#1219,#1586,.T.);
#1584 = VERTEX_POINT('',#1585);
#1585 = CARTESIAN_POINT('',(7.366,-5.842,1.903));
#1586 = LINE('',#1587,#1588);
#1587 = CARTESIAN_POINT('',(7.62,-5.842,1.903));
#1588 = VECTOR('',#1589,1.);
#1589 = DIRECTION('',(-1.,-3.216245299353E-16,0.));
#1590 = ORIENTED_EDGE('',*,*,#1591,.T.);
#1591 = EDGE_CURVE('',#1584,#1575,#1592,.T.);
#1592 = LINE('',#1593,#1594);
#1593 = CARTESIAN_POINT('',(7.366,-5.842,1.903));
#1594 = VECTOR('',#1595,1.);
#1595 = DIRECTION('',(-3.216245299353E-16,1.,0.));
#1596 = PLANE('',#1597);
#1597 = AXIS2_PLACEMENT_3D('',#1598,#1599,#1600);
#1598 = CARTESIAN_POINT('',(0.254,-4.318,1.903));
#1599 = DIRECTION('',(0.,0.,1.));
#1600 = DIRECTION('',(-4.440892098501E-16,1.,0.));
#1601 = ADVANCED_FACE('',(#1602),#1627,.F.);
#1602 = FACE_BOUND('',#1603,.F.);
#1603 = EDGE_LOOP('',(#1604,#1612,#1613,#1621));
#1604 = ORIENTED_EDGE('',*,*,#1605,.F.);
#1605 = EDGE_CURVE('',#1195,#1606,#1608,.T.);
#1606 = VERTEX_POINT('',#1607);
#1607 = CARTESIAN_POINT('',(7.366,-1.778,1.903));
#1608 = LINE('',#1609,#1610);
#1609 = CARTESIAN_POINT('',(3.683,-1.778,1.903));
#1610 = VECTOR('',#1611,1.);
#1611 = DIRECTION('',(1.,3.216245299353E-16,0.));
#1612 = ORIENTED_EDGE('',*,*,#1202,.F.);
#1613 = ORIENTED_EDGE('',*,*,#1614,.F.);
#1614 = EDGE_CURVE('',#1615,#1203,#1617,.T.);
#1615 = VERTEX_POINT('',#1616);
#1616 = CARTESIAN_POINT('',(7.366,-3.302,1.903));
#1617 = LINE('',#1618,#1619);
#1618 = CARTESIAN_POINT('',(7.62,-3.302,1.903));
#1619 = VECTOR('',#1620,1.);
#1620 = DIRECTION('',(-1.,-3.216245299353E-16,0.));
#1621 = ORIENTED_EDGE('',*,*,#1622,.T.);
#1622 = EDGE_CURVE('',#1615,#1606,#1623,.T.);
#1623 = LINE('',#1624,#1625);
#1624 = CARTESIAN_POINT('',(7.366,-3.302,1.903));
#1625 = VECTOR('',#1626,1.);
#1626 = DIRECTION('',(-3.216245299353E-16,1.,0.));
#1627 = PLANE('',#1628);
#1628 = AXIS2_PLACEMENT_3D('',#1629,#1630,#1631);
#1629 = CARTESIAN_POINT('',(0.254,-1.778,1.903));
#1630 = DIRECTION('',(0.,0.,1.));
#1631 = DIRECTION('',(-4.440892098501E-16,1.,0.));
#1632 = ADVANCED_FACE('',(#1633),#1658,.T.);
#1633 = FACE_BOUND('',#1634,.T.);
#1634 = EDGE_LOOP('',(#1635,#1643,#1644,#1652));
#1635 = ORIENTED_EDGE('',*,*,#1636,.F.);
#1636 = EDGE_CURVE('',#1211,#1637,#1639,.T.);
#1637 = VERTEX_POINT('',#1638);
#1638 = CARTESIAN_POINT('',(6.985,-4.318,2.157));
#1639 = LINE('',#1640,#1641);
#1640 = CARTESIAN_POINT('',(6.985,-4.318,2.157));
#1641 = VECTOR('',#1642,1.);
#1642 = DIRECTION('',(0.,0.,1.));
#1643 = ORIENTED_EDGE('',*,*,#1210,.T.);
#1644 = ORIENTED_EDGE('',*,*,#1645,.T.);
#1645 = EDGE_CURVE('',#1203,#1646,#1648,.T.);
#1646 = VERTEX_POINT('',#1647);
#1647 = CARTESIAN_POINT('',(6.985,-3.302,2.157));
#1648 = LINE('',#1649,#1650);
#1649 = CARTESIAN_POINT('',(6.985,-3.302,2.157));
#1650 = VECTOR('',#1651,1.);
#1651 = DIRECTION('',(0.,0.,1.));
#1652 = ORIENTED_EDGE('',*,*,#1653,.F.);
#1653 = EDGE_CURVE('',#1637,#1646,#1654,.T.);
#1654 = LINE('',#1655,#1656);
#1655 = CARTESIAN_POINT('',(6.985,-8.445,2.157));
#1656 = VECTOR('',#1657,1.);
#1657 = DIRECTION('',(-4.440892098501E-16,1.,0.));
#1658 = PLANE('',#1659);
#1659 = AXIS2_PLACEMENT_3D('',#1660,#1661,#1662);
#1660 = CARTESIAN_POINT('',(6.985,-8.445,2.157));
#1661 = DIRECTION('',(1.,4.440892098501E-16,0.));
#1662 = DIRECTION('',(-4.440892098501E-16,1.,0.));
#1663 = ADVANCED_FACE('',(#1664),#1681,.T.);
#1664 = FACE_BOUND('',#1665,.T.);
#1665 = EDGE_LOOP('',(#1666,#1667,#1674,#1680));
#1666 = ORIENTED_EDGE('',*,*,#1271,.T.);
#1667 = ORIENTED_EDGE('',*,*,#1668,.T.);
#1668 = EDGE_CURVE('',#1265,#1669,#1671,.T.);
#1669 = VERTEX_POINT('',#1670);
#1670 = CARTESIAN_POINT('',(0.635,0.825,2.157));
#1671 = B_SPLINE_CURVE_WITH_KNOTS('',1,(#1672,#1673),.UNSPECIFIED.,.F.,
  .F.,(2,2),(0.,1.),.PIECEWISE_BEZIER_KNOTS.);
#1672 = CARTESIAN_POINT('',(0.635,0.825,1.903));
#1673 = CARTESIAN_POINT('',(0.635,0.825,2.157));
#1674 = ORIENTED_EDGE('',*,*,#1675,.F.);
#1675 = EDGE_CURVE('',#1430,#1669,#1676,.T.);
#1676 = LINE('',#1677,#1678);
#1677 = CARTESIAN_POINT('',(6.985,0.825,2.157));
#1678 = VECTOR('',#1679,1.);
#1679 = DIRECTION('',(-1.,-4.440892098501E-16,0.));
#1680 = ORIENTED_EDGE('',*,*,#1429,.F.);
#1681 = PLANE('',#1682);
#1682 = AXIS2_PLACEMENT_3D('',#1683,#1684,#1685);
#1683 = CARTESIAN_POINT('',(6.985,0.825,2.157));
#1684 = DIRECTION('',(-4.440892098501E-16,1.,0.));
#1685 = DIRECTION('',(-1.,-4.440892098501E-16,0.));
#1686 = ADVANCED_FACE('',(#1687),#1705,.T.);
#1687 = FACE_BOUND('',#1688,.T.);
#1688 = EDGE_LOOP('',(#1689,#1690,#1691,#1699));
#1689 = ORIENTED_EDGE('',*,*,#1668,.F.);
#1690 = ORIENTED_EDGE('',*,*,#1358,.T.);
#1691 = ORIENTED_EDGE('',*,*,#1692,.T.);
#1692 = EDGE_CURVE('',#1351,#1693,#1695,.T.);
#1693 = VERTEX_POINT('',#1694);
#1694 = CARTESIAN_POINT('',(0.635,0.2285,2.157));
#1695 = LINE('',#1696,#1697);
#1696 = CARTESIAN_POINT('',(0.635,0.2285,2.157));
#1697 = VECTOR('',#1698,1.);
#1698 = DIRECTION('',(-1.035250531786E-30,2.331176954594E-15,1.));
#1699 = ORIENTED_EDGE('',*,*,#1700,.F.);
#1700 = EDGE_CURVE('',#1669,#1693,#1701,.T.);
#1701 = LINE('',#1702,#1703);
#1702 = CARTESIAN_POINT('',(0.635,0.825,2.157));
#1703 = VECTOR('',#1704,1.);
#1704 = DIRECTION('',(4.440892098501E-16,-1.,0.));
#1705 = PLANE('',#1706);
#1706 = AXIS2_PLACEMENT_3D('',#1707,#1708,#1709);
#1707 = CARTESIAN_POINT('',(0.635,0.825,2.157));
#1708 = DIRECTION('',(-1.,-4.440892098501E-16,0.));
#1709 = DIRECTION('',(4.440892098501E-16,-1.,0.));
#1710 = ADVANCED_FACE('',(#1711),#1735,.T.);
#1711 = FACE_BOUND('',#1712,.T.);
#1712 = EDGE_LOOP('',(#1713,#1721,#1722,#1729));
#1713 = ORIENTED_EDGE('',*,*,#1714,.T.);
#1714 = EDGE_CURVE('',#1715,#1295,#1717,.T.);
#1715 = VERTEX_POINT('',#1716);
#1716 = CARTESIAN_POINT('',(0.635,-7.8485,2.157));
#1717 = LINE('',#1718,#1719);
#1718 = CARTESIAN_POINT('',(0.635,-7.8485,1.9665));
#1719 = VECTOR('',#1720,1.);
#1720 = DIRECTION('',(0.,0.,-1.));
#1721 = ORIENTED_EDGE('',*,*,#1294,.T.);
#1722 = ORIENTED_EDGE('',*,*,#1723,.T.);
#1723 = EDGE_CURVE('',#1288,#1724,#1726,.T.);
#1724 = VERTEX_POINT('',#1725);
#1725 = CARTESIAN_POINT('',(0.635,-8.445,2.157));
#1726 = B_SPLINE_CURVE_WITH_KNOTS('',1,(#1727,#1728),.UNSPECIFIED.,.F.,
  .F.,(2,2),(0.,1.),.PIECEWISE_BEZIER_KNOTS.);
#1727 = CARTESIAN_POINT('',(0.635,-8.445,1.903));
#1728 = CARTESIAN_POINT('',(0.635,-8.445,2.157));
#1729 = ORIENTED_EDGE('',*,*,#1730,.F.);
#1730 = EDGE_CURVE('',#1715,#1724,#1731,.T.);
#1731 = LINE('',#1732,#1733);
#1732 = CARTESIAN_POINT('',(0.635,0.825,2.157));
#1733 = VECTOR('',#1734,1.);
#1734 = DIRECTION('',(4.440892098501E-16,-1.,0.));
#1735 = PLANE('',#1736);
#1736 = AXIS2_PLACEMENT_3D('',#1737,#1738,#1739);
#1737 = CARTESIAN_POINT('',(0.635,0.825,2.157));
#1738 = DIRECTION('',(-1.,-4.440892098501E-16,0.));
#1739 = DIRECTION('',(4.440892098501E-16,-1.,0.));
#1740 = ADVANCED_FACE('',(#1741),#1766,.F.);
#1741 = FACE_BOUND('',#1742,.F.);
#1742 = EDGE_LOOP('',(#1743,#1751,#1759,#1765));
#1743 = ORIENTED_EDGE('',*,*,#1744,.F.);
#1744 = EDGE_CURVE('',#1745,#1351,#1747,.T.);
#1745 = VERTEX_POINT('',#1746);
#1746 = CARTESIAN_POINT('',(0.254,0.2285,1.903));
#1747 = LINE('',#1748,#1749);
#1748 = CARTESIAN_POINT('',(-0.127,0.2285,1.903));
#1749 = VECTOR('',#1750,1.);
#1750 = DIRECTION('',(1.,4.440892098501E-16,0.));
#1751 = ORIENTED_EDGE('',*,*,#1752,.T.);
#1752 = EDGE_CURVE('',#1745,#1753,#1755,.T.);
#1753 = VERTEX_POINT('',#1754);
#1754 = CARTESIAN_POINT('',(0.254,-0.762,1.903));
#1755 = LINE('',#1756,#1757);
#1756 = CARTESIAN_POINT('',(0.254,0.2285,1.903));
#1757 = VECTOR('',#1758,1.);
#1758 = DIRECTION('',(4.440892098501E-16,-1.,0.));
#1759 = ORIENTED_EDGE('',*,*,#1760,.F.);
#1760 = EDGE_CURVE('',#1343,#1753,#1761,.T.);
#1761 = LINE('',#1762,#1763);
#1762 = CARTESIAN_POINT('',(3.81,-0.762,1.903));
#1763 = VECTOR('',#1764,1.);
#1764 = DIRECTION('',(-1.,-4.440892098501E-16,0.));
#1765 = ORIENTED_EDGE('',*,*,#1350,.F.);
#1766 = PLANE('',#1767);
#1767 = AXIS2_PLACEMENT_3D('',#1768,#1769,#1770);
#1768 = CARTESIAN_POINT('',(0.254,0.2285,1.903));
#1769 = DIRECTION('',(0.,0.,1.));
#1770 = DIRECTION('',(-4.440892098501E-16,1.,0.));
#1771 = ADVANCED_FACE('',(#1772),#1797,.F.);
#1772 = FACE_BOUND('',#1773,.F.);
#1773 = EDGE_LOOP('',(#1774,#1782,#1790,#1796));
#1774 = ORIENTED_EDGE('',*,*,#1775,.F.);
#1775 = EDGE_CURVE('',#1776,#1303,#1778,.T.);
#1776 = VERTEX_POINT('',#1777);
#1777 = CARTESIAN_POINT('',(0.254,-6.858,1.903));
#1778 = LINE('',#1779,#1780);
#1779 = CARTESIAN_POINT('',(-0.127,-6.858,1.903));
#1780 = VECTOR('',#1781,1.);
#1781 = DIRECTION('',(1.,4.440892098501E-16,0.));
#1782 = ORIENTED_EDGE('',*,*,#1783,.F.);
#1783 = EDGE_CURVE('',#1784,#1776,#1786,.T.);
#1784 = VERTEX_POINT('',#1785);
#1785 = CARTESIAN_POINT('',(0.254,-7.8485,1.903));
#1786 = LINE('',#1787,#1788);
#1787 = CARTESIAN_POINT('',(0.254,-7.8485,1.903));
#1788 = VECTOR('',#1789,1.);
#1789 = DIRECTION('',(-4.440892098501E-16,1.,0.));
#1790 = ORIENTED_EDGE('',*,*,#1791,.F.);
#1791 = EDGE_CURVE('',#1295,#1784,#1792,.T.);
#1792 = LINE('',#1793,#1794);
#1793 = CARTESIAN_POINT('',(3.81,-7.8485,1.903));
#1794 = VECTOR('',#1795,1.);
#1795 = DIRECTION('',(-1.,-4.440892098501E-16,0.));
#1796 = ORIENTED_EDGE('',*,*,#1302,.F.);
#1797 = PLANE('',#1798);
#1798 = AXIS2_PLACEMENT_3D('',#1799,#1800,#1801);
#1799 = CARTESIAN_POINT('',(0.254,-6.858,1.903));
#1800 = DIRECTION('',(0.,0.,1.));
#1801 = DIRECTION('',(-4.440892098501E-16,1.,0.));
#1802 = ADVANCED_FACE('',(#1803),#1828,.T.);
#1803 = FACE_BOUND('',#1804,.T.);
#1804 = EDGE_LOOP('',(#1805,#1813,#1814,#1822));
#1805 = ORIENTED_EDGE('',*,*,#1806,.F.);
#1806 = EDGE_CURVE('',#1343,#1807,#1809,.T.);
#1807 = VERTEX_POINT('',#1808);
#1808 = CARTESIAN_POINT('',(0.635,-0.762,2.157));
#1809 = LINE('',#1810,#1811);
#1810 = CARTESIAN_POINT('',(0.635,-0.762,1.0785));
#1811 = VECTOR('',#1812,1.);
#1812 = DIRECTION('',(0.,0.,1.));
#1813 = ORIENTED_EDGE('',*,*,#1342,.T.);
#1814 = ORIENTED_EDGE('',*,*,#1815,.F.);
#1815 = EDGE_CURVE('',#1816,#1335,#1818,.T.);
#1816 = VERTEX_POINT('',#1817);
#1817 = CARTESIAN_POINT('',(0.635,-1.778,2.157));
#1818 = LINE('',#1819,#1820);
#1819 = CARTESIAN_POINT('',(0.635,-1.778,2.157));
#1820 = VECTOR('',#1821,1.);
#1821 = DIRECTION('',(0.,0.,-1.));
#1822 = ORIENTED_EDGE('',*,*,#1823,.F.);
#1823 = EDGE_CURVE('',#1807,#1816,#1824,.T.);
#1824 = LINE('',#1825,#1826);
#1825 = CARTESIAN_POINT('',(0.635,0.825,2.157));
#1826 = VECTOR('',#1827,1.);
#1827 = DIRECTION('',(4.440892098501E-16,-1.,0.));
#1828 = PLANE('',#1829);
#1829 = AXIS2_PLACEMENT_3D('',#1830,#1831,#1832);
#1830 = CARTESIAN_POINT('',(0.635,0.825,2.157));
#1831 = DIRECTION('',(-1.,-4.440892098501E-16,0.));
#1832 = DIRECTION('',(4.440892098501E-16,-1.,0.));
#1833 = ADVANCED_FACE('',(#1834),#1859,.T.);
#1834 = FACE_BOUND('',#1835,.T.);
#1835 = EDGE_LOOP('',(#1836,#1844,#1845,#1853));
#1836 = ORIENTED_EDGE('',*,*,#1837,.T.);
#1837 = EDGE_CURVE('',#1838,#1311,#1840,.T.);
#1838 = VERTEX_POINT('',#1839);
#1839 = CARTESIAN_POINT('',(0.635,-5.842,2.157));
#1840 = LINE('',#1841,#1842);
#1841 = CARTESIAN_POINT('',(0.635,-5.842,2.157));
#1842 = VECTOR('',#1843,1.);
#1843 = DIRECTION('',(0.,0.,-1.));
#1844 = ORIENTED_EDGE('',*,*,#1310,.T.);
#1845 = ORIENTED_EDGE('',*,*,#1846,.T.);
#1846 = EDGE_CURVE('',#1303,#1847,#1849,.T.);
#1847 = VERTEX_POINT('',#1848);
#1848 = CARTESIAN_POINT('',(0.635,-6.858,2.157));
#1849 = LINE('',#1850,#1851);
#1850 = CARTESIAN_POINT('',(0.635,-6.858,2.157));
#1851 = VECTOR('',#1852,1.);
#1852 = DIRECTION('',(0.,0.,1.));
#1853 = ORIENTED_EDGE('',*,*,#1854,.F.);
#1854 = EDGE_CURVE('',#1838,#1847,#1855,.T.);
#1855 = LINE('',#1856,#1857);
#1856 = CARTESIAN_POINT('',(0.635,0.825,2.157));
#1857 = VECTOR('',#1858,1.);
#1858 = DIRECTION('',(4.440892098501E-16,-1.,0.));
#1859 = PLANE('',#1860);
#1860 = AXIS2_PLACEMENT_3D('',#1861,#1862,#1863);
#1861 = CARTESIAN_POINT('',(0.635,0.825,2.157));
#1862 = DIRECTION('',(-1.,-4.440892098501E-16,0.));
#1863 = DIRECTION('',(4.440892098501E-16,-1.,0.));
#1864 = ADVANCED_FACE('',(#1865),#1890,.F.);
#1865 = FACE_BOUND('',#1866,.F.);
#1866 = EDGE_LOOP('',(#1867,#1875,#1883,#1889));
#1867 = ORIENTED_EDGE('',*,*,#1868,.F.);
#1868 = EDGE_CURVE('',#1869,#1335,#1871,.T.);
#1869 = VERTEX_POINT('',#1870);
#1870 = CARTESIAN_POINT('',(0.254,-1.778,1.903));
#1871 = LINE('',#1872,#1873);
#1872 = CARTESIAN_POINT('',(-2.442490654175E-15,-1.778,1.903));
#1873 = VECTOR('',#1874,1.);
#1874 = DIRECTION('',(1.,4.440892098501E-16,0.));
#1875 = ORIENTED_EDGE('',*,*,#1876,.T.);
#1876 = EDGE_CURVE('',#1869,#1877,#1879,.T.);
#1877 = VERTEX_POINT('',#1878);
#1878 = CARTESIAN_POINT('',(0.254,-3.302,1.903));
#1879 = LINE('',#1880,#1881);
#1880 = CARTESIAN_POINT('',(0.254,-1.778,1.903));
#1881 = VECTOR('',#1882,1.);
#1882 = DIRECTION('',(4.440892098501E-16,-1.,0.));
#1883 = ORIENTED_EDGE('',*,*,#1884,.F.);
#1884 = EDGE_CURVE('',#1327,#1877,#1885,.T.);
#1885 = LINE('',#1886,#1887);
#1886 = CARTESIAN_POINT('',(3.937,-3.302,1.903));
#1887 = VECTOR('',#1888,1.);
#1888 = DIRECTION('',(-1.,-4.440892098501E-16,0.));
#1889 = ORIENTED_EDGE('',*,*,#1334,.F.);
#1890 = PLANE('',#1891);
#1891 = AXIS2_PLACEMENT_3D('',#1892,#1893,#1894);
#1892 = CARTESIAN_POINT('',(0.254,-1.778,1.903));
#1893 = DIRECTION('',(0.,0.,1.));
#1894 = DIRECTION('',(-4.440892098501E-16,1.,0.));
#1895 = ADVANCED_FACE('',(#1896),#1921,.F.);
#1896 = FACE_BOUND('',#1897,.F.);
#1897 = EDGE_LOOP('',(#1898,#1906,#1914,#1920));
#1898 = ORIENTED_EDGE('',*,*,#1899,.F.);
#1899 = EDGE_CURVE('',#1900,#1319,#1902,.T.);
#1900 = VERTEX_POINT('',#1901);
#1901 = CARTESIAN_POINT('',(0.254,-4.318,1.903));
#1902 = LINE('',#1903,#1904);
#1903 = CARTESIAN_POINT('',(-1.110223024625E-15,-4.318,1.903));
#1904 = VECTOR('',#1905,1.);
#1905 = DIRECTION('',(1.,4.440892098501E-16,0.));
#1906 = ORIENTED_EDGE('',*,*,#1907,.T.);
#1907 = EDGE_CURVE('',#1900,#1908,#1910,.T.);
#1908 = VERTEX_POINT('',#1909);
#1909 = CARTESIAN_POINT('',(0.254,-5.842,1.903));
#1910 = LINE('',#1911,#1912);
#1911 = CARTESIAN_POINT('',(0.254,-4.318,1.903));
#1912 = VECTOR('',#1913,1.);
#1913 = DIRECTION('',(4.440892098501E-16,-1.,0.));
#1914 = ORIENTED_EDGE('',*,*,#1915,.F.);
#1915 = EDGE_CURVE('',#1311,#1908,#1916,.T.);
#1916 = LINE('',#1917,#1918);
#1917 = CARTESIAN_POINT('',(3.937,-5.842,1.903));
#1918 = VECTOR('',#1919,1.);
#1919 = DIRECTION('',(-1.,-4.440892098501E-16,0.));
#1920 = ORIENTED_EDGE('',*,*,#1318,.F.);
#1921 = PLANE('',#1922);
#1922 = AXIS2_PLACEMENT_3D('',#1923,#1924,#1925);
#1923 = CARTESIAN_POINT('',(0.254,-4.318,1.903));
#1924 = DIRECTION('',(0.,0.,1.));
#1925 = DIRECTION('',(-4.440892098501E-16,1.,0.));
#1926 = ADVANCED_FACE('',(#1927),#1952,.T.);
#1927 = FACE_BOUND('',#1928,.T.);
#1928 = EDGE_LOOP('',(#1929,#1937,#1938,#1946));
#1929 = ORIENTED_EDGE('',*,*,#1930,.T.);
#1930 = EDGE_CURVE('',#1931,#1327,#1933,.T.);
#1931 = VERTEX_POINT('',#1932);
#1932 = CARTESIAN_POINT('',(0.635,-3.302,2.157));
#1933 = LINE('',#1934,#1935);
#1934 = CARTESIAN_POINT('',(0.635,-3.302,2.157));
#1935 = VECTOR('',#1936,1.);
#1936 = DIRECTION('',(0.,0.,-1.));
#1937 = ORIENTED_EDGE('',*,*,#1326,.T.);
#1938 = ORIENTED_EDGE('',*,*,#1939,.F.);
#1939 = EDGE_CURVE('',#1940,#1319,#1942,.T.);
#1940 = VERTEX_POINT('',#1941);
#1941 = CARTESIAN_POINT('',(0.635,-4.318,2.157));
#1942 = LINE('',#1943,#1944);
#1943 = CARTESIAN_POINT('',(0.635,-4.318,2.157));
#1944 = VECTOR('',#1945,1.);
#1945 = DIRECTION('',(0.,0.,-1.));
#1946 = ORIENTED_EDGE('',*,*,#1947,.F.);
#1947 = EDGE_CURVE('',#1931,#1940,#1948,.T.);
#1948 = LINE('',#1949,#1950);
#1949 = CARTESIAN_POINT('',(0.635,0.825,2.157));
#1950 = VECTOR('',#1951,1.);
#1951 = DIRECTION('',(4.440892098501E-16,-1.,0.));
#1952 = PLANE('',#1953);
#1953 = AXIS2_PLACEMENT_3D('',#1954,#1955,#1956);
#1954 = CARTESIAN_POINT('',(0.635,0.825,2.157));
#1955 = DIRECTION('',(-1.,-4.440892098501E-16,0.));
#1956 = DIRECTION('',(4.440892098501E-16,-1.,0.));
#1957 = ADVANCED_FACE('',(#1958),#1969,.T.);
#1958 = FACE_BOUND('',#1959,.T.);
#1959 = EDGE_LOOP('',(#1960,#1961,#1962,#1968));
#1960 = ORIENTED_EDGE('',*,*,#1375,.T.);
#1961 = ORIENTED_EDGE('',*,*,#1390,.T.);
#1962 = ORIENTED_EDGE('',*,*,#1963,.F.);
#1963 = EDGE_CURVE('',#1724,#1391,#1964,.T.);
#1964 = LINE('',#1965,#1966);
#1965 = CARTESIAN_POINT('',(0.635,-8.445,2.157));
#1966 = VECTOR('',#1967,1.);
#1967 = DIRECTION('',(1.,4.440892098501E-16,0.));
#1968 = ORIENTED_EDGE('',*,*,#1723,.F.);
#1969 = PLANE('',#1970);
#1970 = AXIS2_PLACEMENT_3D('',#1971,#1972,#1973);
#1971 = CARTESIAN_POINT('',(0.635,-8.445,2.157));
#1972 = DIRECTION('',(4.440892098501E-16,-1.,0.));
#1973 = DIRECTION('',(1.,4.440892098501E-16,0.));
#1974 = ADVANCED_FACE('',(#1975),#1999,.T.);
#1975 = FACE_BOUND('',#1976,.T.);
#1976 = EDGE_LOOP('',(#1977,#1984,#1985,#1993));
#1977 = ORIENTED_EDGE('',*,*,#1978,.F.);
#1978 = EDGE_CURVE('',#1391,#1979,#1981,.T.);
#1979 = VERTEX_POINT('',#1980);
#1980 = CARTESIAN_POINT('',(6.91,-8.37,2.157));
#1981 = B_SPLINE_CURVE_WITH_KNOTS('',1,(#1982,#1983),.UNSPECIFIED.,.F.,
  .F.,(2,2),(0.,1.),.PIECEWISE_BEZIER_KNOTS.);
#1982 = CARTESIAN_POINT('',(6.985,-8.445,2.157));
#1983 = CARTESIAN_POINT('',(6.91,-8.37,2.157));
#1984 = ORIENTED_EDGE('',*,*,#1406,.T.);
#1985 = ORIENTED_EDGE('',*,*,#1986,.T.);
#1986 = EDGE_CURVE('',#1399,#1987,#1989,.T.);
#1987 = VERTEX_POINT('',#1988);
#1988 = CARTESIAN_POINT('',(6.91,-7.8485,2.157));
#1989 = LINE('',#1990,#1991);
#1990 = CARTESIAN_POINT('',(7.747,-7.8485,2.157));
#1991 = VECTOR('',#1992,1.);
#1992 = DIRECTION('',(-1.,-3.216245299353E-16,0.));
#1993 = ORIENTED_EDGE('',*,*,#1994,.F.);
#1994 = EDGE_CURVE('',#1979,#1987,#1995,.T.);
#1995 = LINE('',#1996,#1997);
#1996 = CARTESIAN_POINT('',(6.91,-8.37,2.157));
#1997 = VECTOR('',#1998,1.);
#1998 = DIRECTION('',(-4.440892098501E-16,1.,0.));
#1999 = B_SPLINE_SURFACE_WITH_KNOTS('',1,1,(
    (#2000,#2001)
    ,(#2002,#2003
    )),.UNSPECIFIED.,.F.,.F.,.F.,(2,2),(2,2),(0.,9.27),(0.,1.),
  .PIECEWISE_BEZIER_KNOTS.);
#2000 = CARTESIAN_POINT('',(6.985,-8.445,2.157));
#2001 = CARTESIAN_POINT('',(6.91,-8.37,2.157));
#2002 = CARTESIAN_POINT('',(6.985,0.825,2.157));
#2003 = CARTESIAN_POINT('',(6.91,0.75,2.157));
#2004 = ADVANCED_FACE('',(#2005),#2057,.F.);
#2005 = FACE_BOUND('',#2006,.F.);
#2006 = EDGE_LOOP('',(#2007,#2008,#2009,#2017,#2026,#2034,#2042,#2050));
#2007 = ORIENTED_EDGE('',*,*,#1459,.T.);
#2008 = ORIENTED_EDGE('',*,*,#1398,.T.);
#2009 = ORIENTED_EDGE('',*,*,#2010,.F.);
#2010 = EDGE_CURVE('',#2011,#1399,#2013,.T.);
#2011 = VERTEX_POINT('',#2012);
#2012 = CARTESIAN_POINT('',(7.366,-7.8485,2.157));
#2013 = LINE('',#2014,#2015);
#2014 = CARTESIAN_POINT('',(7.747,-7.8485,2.157));
#2015 = VECTOR('',#2016,1.);
#2016 = DIRECTION('',(-1.,-3.216245299353E-16,0.));
#2017 = ORIENTED_EDGE('',*,*,#2018,.T.);
#2018 = EDGE_CURVE('',#2011,#2019,#2021,.T.);
#2019 = VERTEX_POINT('',#2020);
#2020 = CARTESIAN_POINT('',(7.747,-7.8485,1.776));
#2021 = CIRCLE('',#2022,0.381);
#2022 = AXIS2_PLACEMENT_3D('',#2023,#2024,#2025);
#2023 = CARTESIAN_POINT('',(7.366,-7.8485,1.776));
#2024 = DIRECTION('',(-3.216245299353E-16,1.,0.));
#2025 = DIRECTION('',(0.,0.,1.));
#2026 = ORIENTED_EDGE('',*,*,#2027,.T.);
#2027 = EDGE_CURVE('',#2019,#2028,#2030,.T.);
#2028 = VERTEX_POINT('',#2029);
#2029 = CARTESIAN_POINT('',(7.747,-7.8485,-2.843));
#2030 = LINE('',#2031,#2032);
#2031 = CARTESIAN_POINT('',(7.747,-7.8485,2.157));
#2032 = VECTOR('',#2033,1.);
#2033 = DIRECTION('',(0.,0.,-1.));
#2034 = ORIENTED_EDGE('',*,*,#2035,.T.);
#2035 = EDGE_CURVE('',#2028,#2036,#2038,.T.);
#2036 = VERTEX_POINT('',#2037);
#2037 = CARTESIAN_POINT('',(7.493,-7.8485,-2.843));
#2038 = LINE('',#2039,#2040);
#2039 = CARTESIAN_POINT('',(7.747,-7.8485,-2.843));
#2040 = VECTOR('',#2041,1.);
#2041 = DIRECTION('',(-1.,-3.216245299353E-16,0.));
#2042 = ORIENTED_EDGE('',*,*,#2043,.F.);
#2043 = EDGE_CURVE('',#2044,#2036,#2046,.T.);
#2044 = VERTEX_POINT('',#2045);
#2045 = CARTESIAN_POINT('',(7.493,-7.8485,1.776));
#2046 = LINE('',#2047,#2048);
#2047 = CARTESIAN_POINT('',(7.493,-7.8485,2.157));
#2048 = VECTOR('',#2049,1.);
#2049 = DIRECTION('',(0.,0.,-1.));
#2050 = ORIENTED_EDGE('',*,*,#2051,.T.);
#2051 = EDGE_CURVE('',#2044,#1460,#2052,.T.);
#2052 = CIRCLE('',#2053,0.127);
#2053 = AXIS2_PLACEMENT_3D('',#2054,#2055,#2056);
#2054 = CARTESIAN_POINT('',(7.366,-7.8485,1.776));
#2055 = DIRECTION('',(3.216245299353E-16,-1.,0.));
#2056 = DIRECTION('',(0.,0.,-1.));
#2057 = PLANE('',#2058);
#2058 = AXIS2_PLACEMENT_3D('',#2059,#2060,#2061);
#2059 = CARTESIAN_POINT('',(-0.127,-7.8485,1.776));
#2060 = DIRECTION('',(-4.440892098501E-16,1.,0.));
#2061 = DIRECTION('',(0.,0.,1.));
#2062 = ADVANCED_FACE('',(#2063),#2115,.F.);
#2063 = FACE_BOUND('',#2064,.F.);
#2064 = EDGE_LOOP('',(#2065,#2066,#2067,#2076,#2084,#2092,#2100,#2109));
#2065 = ORIENTED_EDGE('',*,*,#1420,.T.);
#2066 = ORIENTED_EDGE('',*,*,#1481,.T.);
#2067 = ORIENTED_EDGE('',*,*,#2068,.F.);
#2068 = EDGE_CURVE('',#2069,#1482,#2071,.T.);
#2069 = VERTEX_POINT('',#2070);
#2070 = CARTESIAN_POINT('',(7.493,0.2285,1.776));
#2071 = CIRCLE('',#2072,0.127);
#2072 = AXIS2_PLACEMENT_3D('',#2073,#2074,#2075);
#2073 = CARTESIAN_POINT('',(7.366,0.2285,1.776));
#2074 = DIRECTION('',(3.216245299353E-16,-1.,0.));
#2075 = DIRECTION('',(0.,0.,1.));
#2076 = ORIENTED_EDGE('',*,*,#2077,.T.);
#2077 = EDGE_CURVE('',#2069,#2078,#2080,.T.);
#2078 = VERTEX_POINT('',#2079);
#2079 = CARTESIAN_POINT('',(7.493,0.2285,-2.843));
#2080 = LINE('',#2081,#2082);
#2081 = CARTESIAN_POINT('',(7.493,0.2285,2.157));
#2082 = VECTOR('',#2083,1.);
#2083 = DIRECTION('',(0.,0.,-1.));
#2084 = ORIENTED_EDGE('',*,*,#2085,.F.);
#2085 = EDGE_CURVE('',#2086,#2078,#2088,.T.);
#2086 = VERTEX_POINT('',#2087);
#2087 = CARTESIAN_POINT('',(7.747,0.2285,-2.843));
#2088 = LINE('',#2089,#2090);
#2089 = CARTESIAN_POINT('',(7.747,0.2285,-2.843));
#2090 = VECTOR('',#2091,1.);
#2091 = DIRECTION('',(-1.,-3.216245299353E-16,0.));
#2092 = ORIENTED_EDGE('',*,*,#2093,.F.);
#2093 = EDGE_CURVE('',#2094,#2086,#2096,.T.);
#2094 = VERTEX_POINT('',#2095);
#2095 = CARTESIAN_POINT('',(7.747,0.2285,1.776));
#2096 = LINE('',#2097,#2098);
#2097 = CARTESIAN_POINT('',(7.747,0.2285,2.157));
#2098 = VECTOR('',#2099,1.);
#2099 = DIRECTION('',(0.,0.,-1.));
#2100 = ORIENTED_EDGE('',*,*,#2101,.T.);
#2101 = EDGE_CURVE('',#2094,#2102,#2104,.T.);
#2102 = VERTEX_POINT('',#2103);
#2103 = CARTESIAN_POINT('',(7.366,0.2285,2.157));
#2104 = CIRCLE('',#2105,0.381);
#2105 = AXIS2_PLACEMENT_3D('',#2106,#2107,#2108);
#2106 = CARTESIAN_POINT('',(7.366,0.2285,1.776));
#2107 = DIRECTION('',(3.216245299353E-16,-1.,0.));
#2108 = DIRECTION('',(0.,0.,1.));
#2109 = ORIENTED_EDGE('',*,*,#2110,.F.);
#2110 = EDGE_CURVE('',#1421,#2102,#2111,.T.);
#2111 = LINE('',#2112,#2113);
#2112 = CARTESIAN_POINT('',(3.81,0.2285,2.157));
#2113 = VECTOR('',#2114,1.);
#2114 = DIRECTION('',(1.,3.216245299353E-16,0.));
#2115 = PLANE('',#2116);
#2116 = AXIS2_PLACEMENT_3D('',#2117,#2118,#2119);
#2117 = CARTESIAN_POINT('',(0.254,0.2285,2.157));
#2118 = DIRECTION('',(4.440892098501E-16,-1.,2.331176954594E-15));
#2119 = DIRECTION('',(1.035250531786E-30,-2.331176954594E-15,-1.));
#2120 = ADVANCED_FACE('',(#2121),#2145,.T.);
#2121 = FACE_BOUND('',#2122,.T.);
#2122 = EDGE_LOOP('',(#2123,#2131,#2132,#2139));
#2123 = ORIENTED_EDGE('',*,*,#2124,.T.);
#2124 = EDGE_CURVE('',#2125,#1421,#2127,.T.);
#2125 = VERTEX_POINT('',#2126);
#2126 = CARTESIAN_POINT('',(6.91,0.2285,2.157));
#2127 = LINE('',#2128,#2129);
#2128 = CARTESIAN_POINT('',(3.81,0.2285,2.157));
#2129 = VECTOR('',#2130,1.);
#2130 = DIRECTION('',(1.,3.216245299353E-16,0.));
#2131 = ORIENTED_EDGE('',*,*,#1436,.T.);
#2132 = ORIENTED_EDGE('',*,*,#2133,.T.);
#2133 = EDGE_CURVE('',#1430,#2134,#2136,.T.);
#2134 = VERTEX_POINT('',#2135);
#2135 = CARTESIAN_POINT('',(6.91,0.75,2.157));
#2136 = B_SPLINE_CURVE_WITH_KNOTS('',1,(#2137,#2138),.UNSPECIFIED.,.F.,
  .F.,(2,2),(0.,1.),.PIECEWISE_BEZIER_KNOTS.);
#2137 = CARTESIAN_POINT('',(6.985,0.825,2.157));
#2138 = CARTESIAN_POINT('',(6.91,0.75,2.157));
#2139 = ORIENTED_EDGE('',*,*,#2140,.F.);
#2140 = EDGE_CURVE('',#2125,#2134,#2141,.T.);
#2141 = LINE('',#2142,#2143);
#2142 = CARTESIAN_POINT('',(6.91,-8.37,2.157));
#2143 = VECTOR('',#2144,1.);
#2144 = DIRECTION('',(-4.440892098501E-16,1.,0.));
#2145 = B_SPLINE_SURFACE_WITH_KNOTS('',1,1,(
    (#2146,#2147)
    ,(#2148,#2149
    )),.UNSPECIFIED.,.F.,.F.,.F.,(2,2),(2,2),(0.,9.27),(0.,1.),
  .PIECEWISE_BEZIER_KNOTS.);
#2146 = CARTESIAN_POINT('',(6.985,-8.445,2.157));
#2147 = CARTESIAN_POINT('',(6.91,-8.37,2.157));
#2148 = CARTESIAN_POINT('',(6.985,0.825,2.157));
#2149 = CARTESIAN_POINT('',(6.91,0.75,2.157));
#2150 = ADVANCED_FACE('',(#2151),#2203,.F.);
#2151 = FACE_BOUND('',#2152,.F.);
#2152 = EDGE_LOOP('',(#2153,#2154,#2155,#2164,#2172,#2180,#2188,#2197));
#2153 = ORIENTED_EDGE('',*,*,#1512,.T.);
#2154 = ORIENTED_EDGE('',*,*,#1450,.T.);
#2155 = ORIENTED_EDGE('',*,*,#2156,.F.);
#2156 = EDGE_CURVE('',#2157,#1451,#2159,.T.);
#2157 = VERTEX_POINT('',#2158);
#2158 = CARTESIAN_POINT('',(7.493,-6.858,1.776));
#2159 = CIRCLE('',#2160,0.127);
#2160 = AXIS2_PLACEMENT_3D('',#2161,#2162,#2163);
#2161 = CARTESIAN_POINT('',(7.366,-6.858,1.776));
#2162 = DIRECTION('',(3.216245299353E-16,-1.,0.));
#2163 = DIRECTION('',(0.,0.,-1.));
#2164 = ORIENTED_EDGE('',*,*,#2165,.F.);
#2165 = EDGE_CURVE('',#2166,#2157,#2168,.T.);
#2166 = VERTEX_POINT('',#2167);
#2167 = CARTESIAN_POINT('',(7.493,-6.858,0.));
#2168 = LINE('',#2169,#2170);
#2169 = CARTESIAN_POINT('',(7.493,-6.858,0.));
#2170 = VECTOR('',#2171,1.);
#2171 = DIRECTION('',(0.,0.,1.));
#2172 = ORIENTED_EDGE('',*,*,#2173,.F.);
#2173 = EDGE_CURVE('',#2174,#2166,#2176,.T.);
#2174 = VERTEX_POINT('',#2175);
#2175 = CARTESIAN_POINT('',(7.747,-6.858,0.));
#2176 = LINE('',#2177,#2178);
#2177 = CARTESIAN_POINT('',(7.747,-6.858,0.));
#2178 = VECTOR('',#2179,1.);
#2179 = DIRECTION('',(-1.,-3.216245299353E-16,0.));
#2180 = ORIENTED_EDGE('',*,*,#2181,.T.);
#2181 = EDGE_CURVE('',#2174,#2182,#2184,.T.);
#2182 = VERTEX_POINT('',#2183);
#2183 = CARTESIAN_POINT('',(7.747,-6.858,1.776));
#2184 = LINE('',#2185,#2186);
#2185 = CARTESIAN_POINT('',(7.747,-6.858,0.));
#2186 = VECTOR('',#2187,1.);
#2187 = DIRECTION('',(0.,0.,1.));
#2188 = ORIENTED_EDGE('',*,*,#2189,.F.);
#2189 = EDGE_CURVE('',#2190,#2182,#2192,.T.);
#2190 = VERTEX_POINT('',#2191);
#2191 = CARTESIAN_POINT('',(7.366,-6.858,2.157));
#2192 = CIRCLE('',#2193,0.381);
#2193 = AXIS2_PLACEMENT_3D('',#2194,#2195,#2196);
#2194 = CARTESIAN_POINT('',(7.366,-6.858,1.776));
#2195 = DIRECTION('',(-3.216245299353E-16,1.,0.));
#2196 = DIRECTION('',(0.,0.,1.));
#2197 = ORIENTED_EDGE('',*,*,#2198,.F.);
#2198 = EDGE_CURVE('',#1513,#2190,#2199,.T.);
#2199 = LINE('',#2200,#2201);
#2200 = CARTESIAN_POINT('',(3.81,-6.858,2.157));
#2201 = VECTOR('',#2202,1.);
#2202 = DIRECTION('',(1.,3.216245299353E-16,0.));
#2203 = PLANE('',#2204);
#2204 = AXIS2_PLACEMENT_3D('',#2205,#2206,#2207);
#2205 = CARTESIAN_POINT('',(0.254,-6.858,2.157));
#2206 = DIRECTION('',(4.440892098501E-16,-1.,0.));
#2207 = DIRECTION('',(0.,-0.,-1.));
#2208 = ADVANCED_FACE('',(#2209),#2220,.F.);
#2209 = FACE_BOUND('',#2210,.F.);
#2210 = EDGE_LOOP('',(#2211,#2217,#2218,#2219));
#2211 = ORIENTED_EDGE('',*,*,#2212,.T.);
#2212 = EDGE_CURVE('',#2044,#2157,#2213,.T.);
#2213 = LINE('',#2214,#2215);
#2214 = CARTESIAN_POINT('',(7.493,-7.8485,1.776));
#2215 = VECTOR('',#2216,1.);
#2216 = DIRECTION('',(-3.216245299353E-16,1.,0.));
#2217 = ORIENTED_EDGE('',*,*,#2156,.T.);
#2218 = ORIENTED_EDGE('',*,*,#1467,.F.);
#2219 = ORIENTED_EDGE('',*,*,#2051,.F.);
#2220 = CYLINDRICAL_SURFACE('',#2221,0.127);
#2221 = AXIS2_PLACEMENT_3D('',#2222,#2223,#2224);
#2222 = CARTESIAN_POINT('',(7.366,-7.8485,1.776));
#2223 = DIRECTION('',(-3.216245299353E-16,1.,0.));
#2224 = DIRECTION('',(1.,3.216245299353E-16,0.));
#2225 = ADVANCED_FACE('',(#2226),#2245,.F.);
#2226 = FACE_BOUND('',#2227,.F.);
#2227 = EDGE_LOOP('',(#2228,#2229,#2230,#2239));
#2228 = ORIENTED_EDGE('',*,*,#2068,.T.);
#2229 = ORIENTED_EDGE('',*,*,#1498,.T.);
#2230 = ORIENTED_EDGE('',*,*,#2231,.F.);
#2231 = EDGE_CURVE('',#2232,#1491,#2234,.T.);
#2232 = VERTEX_POINT('',#2233);
#2233 = CARTESIAN_POINT('',(7.493,-0.762,1.776));
#2234 = CIRCLE('',#2235,0.127);
#2235 = AXIS2_PLACEMENT_3D('',#2236,#2237,#2238);
#2236 = CARTESIAN_POINT('',(7.366,-0.762,1.776));
#2237 = DIRECTION('',(3.216245299353E-16,-1.,0.));
#2238 = DIRECTION('',(0.,0.,1.));
#2239 = ORIENTED_EDGE('',*,*,#2240,.F.);
#2240 = EDGE_CURVE('',#2069,#2232,#2241,.T.);
#2241 = LINE('',#2242,#2243);
#2242 = CARTESIAN_POINT('',(7.493,0.2285,1.776));
#2243 = VECTOR('',#2244,1.);
#2244 = DIRECTION('',(3.216245299353E-16,-1.,0.));
#2245 = CYLINDRICAL_SURFACE('',#2246,0.127);
#2246 = AXIS2_PLACEMENT_3D('',#2247,#2248,#2249);
#2247 = CARTESIAN_POINT('',(7.366,0.2285,1.776));
#2248 = DIRECTION('',(3.216245299353E-16,-1.,0.));
#2249 = DIRECTION('',(1.,3.216245299353E-16,0.));
#2250 = ADVANCED_FACE('',(#2251),#2295,.T.);
#2251 = FACE_BOUND('',#2252,.T.);
#2252 = EDGE_LOOP('',(#2253,#2254,#2255,#2256,#2264,#2272,#2280,#2289));
#2253 = ORIENTED_EDGE('',*,*,#1552,.T.);
#2254 = ORIENTED_EDGE('',*,*,#1490,.F.);
#2255 = ORIENTED_EDGE('',*,*,#2231,.F.);
#2256 = ORIENTED_EDGE('',*,*,#2257,.F.);
#2257 = EDGE_CURVE('',#2258,#2232,#2260,.T.);
#2258 = VERTEX_POINT('',#2259);
#2259 = CARTESIAN_POINT('',(7.493,-0.762,0.));
#2260 = LINE('',#2261,#2262);
#2261 = CARTESIAN_POINT('',(7.493,-0.762,0.));
#2262 = VECTOR('',#2263,1.);
#2263 = DIRECTION('',(0.,0.,1.));
#2264 = ORIENTED_EDGE('',*,*,#2265,.F.);
#2265 = EDGE_CURVE('',#2266,#2258,#2268,.T.);
#2266 = VERTEX_POINT('',#2267);
#2267 = CARTESIAN_POINT('',(7.747,-0.762,0.));
#2268 = LINE('',#2269,#2270);
#2269 = CARTESIAN_POINT('',(7.747,-0.762,0.));
#2270 = VECTOR('',#2271,1.);
#2271 = DIRECTION('',(-1.,-3.216245299353E-16,0.));
#2272 = ORIENTED_EDGE('',*,*,#2273,.T.);
#2273 = EDGE_CURVE('',#2266,#2274,#2276,.T.);
#2274 = VERTEX_POINT('',#2275);
#2275 = CARTESIAN_POINT('',(7.747,-0.762,1.776));
#2276 = LINE('',#2277,#2278);
#2277 = CARTESIAN_POINT('',(7.747,-0.762,0.));
#2278 = VECTOR('',#2279,1.);
#2279 = DIRECTION('',(0.,0.,1.));
#2280 = ORIENTED_EDGE('',*,*,#2281,.T.);
#2281 = EDGE_CURVE('',#2274,#2282,#2284,.T.);
#2282 = VERTEX_POINT('',#2283);
#2283 = CARTESIAN_POINT('',(7.366,-0.762,2.157));
#2284 = CIRCLE('',#2285,0.381);
#2285 = AXIS2_PLACEMENT_3D('',#2286,#2287,#2288);
#2286 = CARTESIAN_POINT('',(7.366,-0.762,1.776));
#2287 = DIRECTION('',(3.216245299353E-16,-1.,0.));
#2288 = DIRECTION('',(0.,0.,1.));
#2289 = ORIENTED_EDGE('',*,*,#2290,.T.);
#2290 = EDGE_CURVE('',#2282,#1553,#2291,.T.);
#2291 = LINE('',#2292,#2293);
#2292 = CARTESIAN_POINT('',(7.747,-0.762,2.157));
#2293 = VECTOR('',#2294,1.);
#2294 = DIRECTION('',(-1.,-3.216245299353E-16,0.));
#2295 = PLANE('',#2296);
#2296 = AXIS2_PLACEMENT_3D('',#2297,#2298,#2299);
#2297 = CARTESIAN_POINT('',(-0.127,-0.762,0.));
#2298 = DIRECTION('',(4.440892098501E-16,-1.,0.));
#2299 = DIRECTION('',(0.,-0.,-1.));
#2300 = ADVANCED_FACE('',(#2301),#2326,.T.);
#2301 = FACE_BOUND('',#2302,.T.);
#2302 = EDGE_LOOP('',(#2303,#2311,#2312,#2320));
#2303 = ORIENTED_EDGE('',*,*,#2304,.T.);
#2304 = EDGE_CURVE('',#2305,#1513,#2307,.T.);
#2305 = VERTEX_POINT('',#2306);
#2306 = CARTESIAN_POINT('',(6.91,-6.858,2.157));
#2307 = LINE('',#2308,#2309);
#2308 = CARTESIAN_POINT('',(3.81,-6.858,2.157));
#2309 = VECTOR('',#2310,1.);
#2310 = DIRECTION('',(1.,3.216245299353E-16,0.));
#2311 = ORIENTED_EDGE('',*,*,#1529,.T.);
#2312 = ORIENTED_EDGE('',*,*,#2313,.T.);
#2313 = EDGE_CURVE('',#1522,#2314,#2316,.T.);
#2314 = VERTEX_POINT('',#2315);
#2315 = CARTESIAN_POINT('',(6.91,-5.842,2.157));
#2316 = LINE('',#2317,#2318);
#2317 = CARTESIAN_POINT('',(7.62,-5.842,2.157));
#2318 = VECTOR('',#2319,1.);
#2319 = DIRECTION('',(-1.,-3.216245299353E-16,0.));
#2320 = ORIENTED_EDGE('',*,*,#2321,.F.);
#2321 = EDGE_CURVE('',#2305,#2314,#2322,.T.);
#2322 = LINE('',#2323,#2324);
#2323 = CARTESIAN_POINT('',(6.91,-8.37,2.157));
#2324 = VECTOR('',#2325,1.);
#2325 = DIRECTION('',(-4.440892098501E-16,1.,0.));
#2326 = B_SPLINE_SURFACE_WITH_KNOTS('',1,1,(
    (#2327,#2328)
    ,(#2329,#2330
    )),.UNSPECIFIED.,.F.,.F.,.F.,(2,2),(2,2),(0.,9.27),(0.,1.),
  .PIECEWISE_BEZIER_KNOTS.);
#2327 = CARTESIAN_POINT('',(6.985,-8.445,2.157));
#2328 = CARTESIAN_POINT('',(6.91,-8.37,2.157));
#2329 = CARTESIAN_POINT('',(6.985,0.825,2.157));
#2330 = CARTESIAN_POINT('',(6.91,0.75,2.157));
#2331 = ADVANCED_FACE('',(#2332),#2384,.F.);
#2332 = FACE_BOUND('',#2333,.F.);
#2333 = EDGE_LOOP('',(#2334,#2335,#2336,#2344,#2353,#2361,#2369,#2377));
#2334 = ORIENTED_EDGE('',*,*,#1583,.T.);
#2335 = ORIENTED_EDGE('',*,*,#1521,.T.);
#2336 = ORIENTED_EDGE('',*,*,#2337,.F.);
#2337 = EDGE_CURVE('',#2338,#1522,#2340,.T.);
#2338 = VERTEX_POINT('',#2339);
#2339 = CARTESIAN_POINT('',(7.366,-5.842,2.157));
#2340 = LINE('',#2341,#2342);
#2341 = CARTESIAN_POINT('',(7.62,-5.842,2.157));
#2342 = VECTOR('',#2343,1.);
#2343 = DIRECTION('',(-1.,-3.216245299353E-16,0.));
#2344 = ORIENTED_EDGE('',*,*,#2345,.T.);
#2345 = EDGE_CURVE('',#2338,#2346,#2348,.T.);
#2346 = VERTEX_POINT('',#2347);
#2347 = CARTESIAN_POINT('',(7.747,-5.842,1.776));
#2348 = CIRCLE('',#2349,0.381);
#2349 = AXIS2_PLACEMENT_3D('',#2350,#2351,#2352);
#2350 = CARTESIAN_POINT('',(7.366,-5.842,1.776));
#2351 = DIRECTION('',(-3.216245299353E-16,1.,0.));
#2352 = DIRECTION('',(0.,0.,1.));
#2353 = ORIENTED_EDGE('',*,*,#2354,.T.);
#2354 = EDGE_CURVE('',#2346,#2355,#2357,.T.);
#2355 = VERTEX_POINT('',#2356);
#2356 = CARTESIAN_POINT('',(7.747,-5.842,0.));
#2357 = LINE('',#2358,#2359);
#2358 = CARTESIAN_POINT('',(7.747,-5.842,2.157));
#2359 = VECTOR('',#2360,1.);
#2360 = DIRECTION('',(0.,0.,-1.));
#2361 = ORIENTED_EDGE('',*,*,#2362,.T.);
#2362 = EDGE_CURVE('',#2355,#2363,#2365,.T.);
#2363 = VERTEX_POINT('',#2364);
#2364 = CARTESIAN_POINT('',(7.493,-5.842,0.));
#2365 = LINE('',#2366,#2367);
#2366 = CARTESIAN_POINT('',(7.747,-5.842,0.));
#2367 = VECTOR('',#2368,1.);
#2368 = DIRECTION('',(-1.,-3.216245299353E-16,0.));
#2369 = ORIENTED_EDGE('',*,*,#2370,.F.);
#2370 = EDGE_CURVE('',#2371,#2363,#2373,.T.);
#2371 = VERTEX_POINT('',#2372);
#2372 = CARTESIAN_POINT('',(7.493,-5.842,1.776));
#2373 = LINE('',#2374,#2375);
#2374 = CARTESIAN_POINT('',(7.493,-5.842,2.157));
#2375 = VECTOR('',#2376,1.);
#2376 = DIRECTION('',(0.,0.,-1.));
#2377 = ORIENTED_EDGE('',*,*,#2378,.T.);
#2378 = EDGE_CURVE('',#2371,#1584,#2379,.T.);
#2379 = CIRCLE('',#2380,0.127);
#2380 = AXIS2_PLACEMENT_3D('',#2381,#2382,#2383);
#2381 = CARTESIAN_POINT('',(7.366,-5.842,1.776));
#2382 = DIRECTION('',(3.216245299353E-16,-1.,0.));
#2383 = DIRECTION('',(0.,0.,-1.));
#2384 = PLANE('',#2385);
#2385 = AXIS2_PLACEMENT_3D('',#2386,#2387,#2388);
#2386 = CARTESIAN_POINT('',(0.254,-5.842,2.157));
#2387 = DIRECTION('',(-4.440892098501E-16,1.,0.));
#2388 = DIRECTION('',(0.,0.,1.));
#2389 = ADVANCED_FACE('',(#2390),#2442,.T.);
#2390 = FACE_BOUND('',#2391,.T.);
#2391 = EDGE_LOOP('',(#2392,#2393,#2394,#2402,#2411,#2419,#2427,#2435));
#2392 = ORIENTED_EDGE('',*,*,#1605,.F.);
#2393 = ORIENTED_EDGE('',*,*,#1543,.T.);
#2394 = ORIENTED_EDGE('',*,*,#2395,.T.);
#2395 = EDGE_CURVE('',#1544,#2396,#2398,.T.);
#2396 = VERTEX_POINT('',#2397);
#2397 = CARTESIAN_POINT('',(7.366,-1.778,2.157));
#2398 = LINE('',#2399,#2400);
#2399 = CARTESIAN_POINT('',(3.683,-1.778,2.157));
#2400 = VECTOR('',#2401,1.);
#2401 = DIRECTION('',(1.,3.216245299353E-16,0.));
#2402 = ORIENTED_EDGE('',*,*,#2403,.T.);
#2403 = EDGE_CURVE('',#2396,#2404,#2406,.T.);
#2404 = VERTEX_POINT('',#2405);
#2405 = CARTESIAN_POINT('',(7.747,-1.778,1.776));
#2406 = CIRCLE('',#2407,0.381);
#2407 = AXIS2_PLACEMENT_3D('',#2408,#2409,#2410);
#2408 = CARTESIAN_POINT('',(7.366,-1.778,1.776));
#2409 = DIRECTION('',(-3.216245299353E-16,1.,0.));
#2410 = DIRECTION('',(0.,0.,1.));
#2411 = ORIENTED_EDGE('',*,*,#2412,.F.);
#2412 = EDGE_CURVE('',#2413,#2404,#2415,.T.);
#2413 = VERTEX_POINT('',#2414);
#2414 = CARTESIAN_POINT('',(7.747,-1.778,0.));
#2415 = LINE('',#2416,#2417);
#2416 = CARTESIAN_POINT('',(7.747,-1.778,0.));
#2417 = VECTOR('',#2418,1.);
#2418 = DIRECTION('',(0.,0.,1.));
#2419 = ORIENTED_EDGE('',*,*,#2420,.T.);
#2420 = EDGE_CURVE('',#2413,#2421,#2423,.T.);
#2421 = VERTEX_POINT('',#2422);
#2422 = CARTESIAN_POINT('',(7.493,-1.778,0.));
#2423 = LINE('',#2424,#2425);
#2424 = CARTESIAN_POINT('',(7.747,-1.778,0.));
#2425 = VECTOR('',#2426,1.);
#2426 = DIRECTION('',(-1.,-3.216245299353E-16,0.));
#2427 = ORIENTED_EDGE('',*,*,#2428,.T.);
#2428 = EDGE_CURVE('',#2421,#2429,#2431,.T.);
#2429 = VERTEX_POINT('',#2430);
#2430 = CARTESIAN_POINT('',(7.493,-1.778,1.776));
#2431 = LINE('',#2432,#2433);
#2432 = CARTESIAN_POINT('',(7.493,-1.778,0.));
#2433 = VECTOR('',#2434,1.);
#2434 = DIRECTION('',(0.,0.,1.));
#2435 = ORIENTED_EDGE('',*,*,#2436,.T.);
#2436 = EDGE_CURVE('',#2429,#1606,#2437,.T.);
#2437 = CIRCLE('',#2438,0.127);
#2438 = AXIS2_PLACEMENT_3D('',#2439,#2440,#2441);
#2439 = CARTESIAN_POINT('',(7.366,-1.778,1.776));
#2440 = DIRECTION('',(3.216245299353E-16,-1.,0.));
#2441 = DIRECTION('',(0.,0.,-1.));
#2442 = PLANE('',#2443);
#2443 = AXIS2_PLACEMENT_3D('',#2444,#2445,#2446);
#2444 = CARTESIAN_POINT('',(0.254,-1.778,2.157));
#2445 = DIRECTION('',(-4.440892098501E-16,1.,0.));
#2446 = DIRECTION('',(0.,0.,1.));
#2447 = ADVANCED_FACE('',(#2448),#2473,.T.);
#2448 = FACE_BOUND('',#2449,.T.);
#2449 = EDGE_LOOP('',(#2450,#2458,#2459,#2467));
#2450 = ORIENTED_EDGE('',*,*,#2451,.T.);
#2451 = EDGE_CURVE('',#2452,#1544,#2454,.T.);
#2452 = VERTEX_POINT('',#2453);
#2453 = CARTESIAN_POINT('',(6.91,-1.778,2.157));
#2454 = LINE('',#2455,#2456);
#2455 = CARTESIAN_POINT('',(3.683,-1.778,2.157));
#2456 = VECTOR('',#2457,1.);
#2457 = DIRECTION('',(1.,3.216245299353E-16,0.));
#2458 = ORIENTED_EDGE('',*,*,#1560,.T.);
#2459 = ORIENTED_EDGE('',*,*,#2460,.T.);
#2460 = EDGE_CURVE('',#1553,#2461,#2463,.T.);
#2461 = VERTEX_POINT('',#2462);
#2462 = CARTESIAN_POINT('',(6.91,-0.762,2.157));
#2463 = LINE('',#2464,#2465);
#2464 = CARTESIAN_POINT('',(7.747,-0.762,2.157));
#2465 = VECTOR('',#2466,1.);
#2466 = DIRECTION('',(-1.,-3.216245299353E-16,0.));
#2467 = ORIENTED_EDGE('',*,*,#2468,.F.);
#2468 = EDGE_CURVE('',#2452,#2461,#2469,.T.);
#2469 = LINE('',#2470,#2471);
#2470 = CARTESIAN_POINT('',(6.91,-8.37,2.157));
#2471 = VECTOR('',#2472,1.);
#2472 = DIRECTION('',(-4.440892098501E-16,1.,0.));
#2473 = B_SPLINE_SURFACE_WITH_KNOTS('',1,1,(
    (#2474,#2475)
    ,(#2476,#2477
    )),.UNSPECIFIED.,.F.,.F.,.F.,(2,2),(2,2),(0.,9.27),(0.,1.),
  .PIECEWISE_BEZIER_KNOTS.);
#2474 = CARTESIAN_POINT('',(6.985,-8.445,2.157));
#2475 = CARTESIAN_POINT('',(6.91,-8.37,2.157));
#2476 = CARTESIAN_POINT('',(6.985,0.825,2.157));
#2477 = CARTESIAN_POINT('',(6.91,0.75,2.157));
#2478 = ADVANCED_FACE('',(#2479),#2531,.T.);
#2479 = FACE_BOUND('',#2480,.T.);
#2480 = EDGE_LOOP('',(#2481,#2482,#2483,#2491,#2500,#2508,#2516,#2524));
#2481 = ORIENTED_EDGE('',*,*,#1574,.F.);
#2482 = ORIENTED_EDGE('',*,*,#1636,.T.);
#2483 = ORIENTED_EDGE('',*,*,#2484,.T.);
#2484 = EDGE_CURVE('',#1637,#2485,#2487,.T.);
#2485 = VERTEX_POINT('',#2486);
#2486 = CARTESIAN_POINT('',(7.366,-4.318,2.157));
#2487 = LINE('',#2488,#2489);
#2488 = CARTESIAN_POINT('',(3.683,-4.318,2.157));
#2489 = VECTOR('',#2490,1.);
#2490 = DIRECTION('',(1.,3.216245299353E-16,0.));
#2491 = ORIENTED_EDGE('',*,*,#2492,.T.);
#2492 = EDGE_CURVE('',#2485,#2493,#2495,.T.);
#2493 = VERTEX_POINT('',#2494);
#2494 = CARTESIAN_POINT('',(7.747,-4.318,1.776));
#2495 = CIRCLE('',#2496,0.381);
#2496 = AXIS2_PLACEMENT_3D('',#2497,#2498,#2499);
#2497 = CARTESIAN_POINT('',(7.366,-4.318,1.776));
#2498 = DIRECTION('',(-3.216245299353E-16,1.,0.));
#2499 = DIRECTION('',(0.,0.,1.));
#2500 = ORIENTED_EDGE('',*,*,#2501,.F.);
#2501 = EDGE_CURVE('',#2502,#2493,#2504,.T.);
#2502 = VERTEX_POINT('',#2503);
#2503 = CARTESIAN_POINT('',(7.747,-4.318,0.));
#2504 = LINE('',#2505,#2506);
#2505 = CARTESIAN_POINT('',(7.747,-4.318,0.));
#2506 = VECTOR('',#2507,1.);
#2507 = DIRECTION('',(0.,0.,1.));
#2508 = ORIENTED_EDGE('',*,*,#2509,.T.);
#2509 = EDGE_CURVE('',#2502,#2510,#2512,.T.);
#2510 = VERTEX_POINT('',#2511);
#2511 = CARTESIAN_POINT('',(7.493,-4.318,0.));
#2512 = LINE('',#2513,#2514);
#2513 = CARTESIAN_POINT('',(7.747,-4.318,0.));
#2514 = VECTOR('',#2515,1.);
#2515 = DIRECTION('',(-1.,-3.216245299353E-16,0.));
#2516 = ORIENTED_EDGE('',*,*,#2517,.T.);
#2517 = EDGE_CURVE('',#2510,#2518,#2520,.T.);
#2518 = VERTEX_POINT('',#2519);
#2519 = CARTESIAN_POINT('',(7.493,-4.318,1.776));
#2520 = LINE('',#2521,#2522);
#2521 = CARTESIAN_POINT('',(7.493,-4.318,0.));
#2522 = VECTOR('',#2523,1.);
#2523 = DIRECTION('',(0.,0.,1.));
#2524 = ORIENTED_EDGE('',*,*,#2525,.T.);
#2525 = EDGE_CURVE('',#2518,#1575,#2526,.T.);
#2526 = CIRCLE('',#2527,0.127);
#2527 = AXIS2_PLACEMENT_3D('',#2528,#2529,#2530);
#2528 = CARTESIAN_POINT('',(7.366,-4.318,1.776));
#2529 = DIRECTION('',(3.216245299353E-16,-1.,0.));
#2530 = DIRECTION('',(0.,0.,-1.));
#2531 = PLANE('',#2532);
#2532 = AXIS2_PLACEMENT_3D('',#2533,#2534,#2535);
#2533 = CARTESIAN_POINT('',(0.254,-4.318,2.157));
#2534 = DIRECTION('',(-4.440892098501E-16,1.,0.));
#2535 = DIRECTION('',(0.,0.,1.));
#2536 = ADVANCED_FACE('',(#2537),#2548,.F.);
#2537 = FACE_BOUND('',#2538,.F.);
#2538 = EDGE_LOOP('',(#2539,#2545,#2546,#2547));
#2539 = ORIENTED_EDGE('',*,*,#2540,.T.);
#2540 = EDGE_CURVE('',#2371,#2518,#2541,.T.);
#2541 = LINE('',#2542,#2543);
#2542 = CARTESIAN_POINT('',(7.493,-5.842,1.776));
#2543 = VECTOR('',#2544,1.);
#2544 = DIRECTION('',(-3.216245299353E-16,1.,0.));
#2545 = ORIENTED_EDGE('',*,*,#2525,.T.);
#2546 = ORIENTED_EDGE('',*,*,#1591,.F.);
#2547 = ORIENTED_EDGE('',*,*,#2378,.F.);
#2548 = CYLINDRICAL_SURFACE('',#2549,0.127);
#2549 = AXIS2_PLACEMENT_3D('',#2550,#2551,#2552);
#2550 = CARTESIAN_POINT('',(7.366,-5.842,1.776));
#2551 = DIRECTION('',(-3.216245299353E-16,1.,0.));
#2552 = DIRECTION('',(1.,3.216245299353E-16,0.));
#2553 = ADVANCED_FACE('',(#2554),#2573,.F.);
#2554 = FACE_BOUND('',#2555,.F.);
#2555 = EDGE_LOOP('',(#2556,#2564,#2565,#2566));
#2556 = ORIENTED_EDGE('',*,*,#2557,.T.);
#2557 = EDGE_CURVE('',#2558,#2429,#2560,.T.);
#2558 = VERTEX_POINT('',#2559);
#2559 = CARTESIAN_POINT('',(7.493,-3.302,1.776));
#2560 = LINE('',#2561,#2562);
#2561 = CARTESIAN_POINT('',(7.493,-3.302,1.776));
#2562 = VECTOR('',#2563,1.);
#2563 = DIRECTION('',(-3.216245299353E-16,1.,0.));
#2564 = ORIENTED_EDGE('',*,*,#2436,.T.);
#2565 = ORIENTED_EDGE('',*,*,#1622,.F.);
#2566 = ORIENTED_EDGE('',*,*,#2567,.F.);
#2567 = EDGE_CURVE('',#2558,#1615,#2568,.T.);
#2568 = CIRCLE('',#2569,0.127);
#2569 = AXIS2_PLACEMENT_3D('',#2570,#2571,#2572);
#2570 = CARTESIAN_POINT('',(7.366,-3.302,1.776));
#2571 = DIRECTION('',(3.216245299353E-16,-1.,0.));
#2572 = DIRECTION('',(0.,0.,-1.));
#2573 = CYLINDRICAL_SURFACE('',#2574,0.127);
#2574 = AXIS2_PLACEMENT_3D('',#2575,#2576,#2577);
#2575 = CARTESIAN_POINT('',(7.366,-3.302,1.776));
#2576 = DIRECTION('',(-3.216245299353E-16,1.,0.));
#2577 = DIRECTION('',(1.,3.216245299353E-16,0.));
#2578 = ADVANCED_FACE('',(#2579),#2623,.F.);
#2579 = FACE_BOUND('',#2580,.F.);
#2580 = EDGE_LOOP('',(#2581,#2582,#2583,#2591,#2600,#2608,#2616,#2622));
#2581 = ORIENTED_EDGE('',*,*,#1614,.T.);
#2582 = ORIENTED_EDGE('',*,*,#1645,.T.);
#2583 = ORIENTED_EDGE('',*,*,#2584,.F.);
#2584 = EDGE_CURVE('',#2585,#1646,#2587,.T.);
#2585 = VERTEX_POINT('',#2586);
#2586 = CARTESIAN_POINT('',(7.366,-3.302,2.157));
#2587 = LINE('',#2588,#2589);
#2588 = CARTESIAN_POINT('',(7.62,-3.302,2.157));
#2589 = VECTOR('',#2590,1.);
#2590 = DIRECTION('',(-1.,-3.216245299353E-16,0.));
#2591 = ORIENTED_EDGE('',*,*,#2592,.T.);
#2592 = EDGE_CURVE('',#2585,#2593,#2595,.T.);
#2593 = VERTEX_POINT('',#2594);
#2594 = CARTESIAN_POINT('',(7.747,-3.302,1.776));
#2595 = CIRCLE('',#2596,0.381);
#2596 = AXIS2_PLACEMENT_3D('',#2597,#2598,#2599);
#2597 = CARTESIAN_POINT('',(7.366,-3.302,1.776));
#2598 = DIRECTION('',(-3.216245299353E-16,1.,0.));
#2599 = DIRECTION('',(0.,0.,1.));
#2600 = ORIENTED_EDGE('',*,*,#2601,.T.);
#2601 = EDGE_CURVE('',#2593,#2602,#2604,.T.);
#2602 = VERTEX_POINT('',#2603);
#2603 = CARTESIAN_POINT('',(7.747,-3.302,0.));
#2604 = LINE('',#2605,#2606);
#2605 = CARTESIAN_POINT('',(7.747,-3.302,2.157));
#2606 = VECTOR('',#2607,1.);
#2607 = DIRECTION('',(0.,0.,-1.));
#2608 = ORIENTED_EDGE('',*,*,#2609,.T.);
#2609 = EDGE_CURVE('',#2602,#2610,#2612,.T.);
#2610 = VERTEX_POINT('',#2611);
#2611 = CARTESIAN_POINT('',(7.493,-3.302,0.));
#2612 = LINE('',#2613,#2614);
#2613 = CARTESIAN_POINT('',(7.747,-3.302,0.));
#2614 = VECTOR('',#2615,1.);
#2615 = DIRECTION('',(-1.,-3.216245299353E-16,0.));
#2616 = ORIENTED_EDGE('',*,*,#2617,.F.);
#2617 = EDGE_CURVE('',#2558,#2610,#2618,.T.);
#2618 = LINE('',#2619,#2620);
#2619 = CARTESIAN_POINT('',(7.493,-3.302,2.157));
#2620 = VECTOR('',#2621,1.);
#2621 = DIRECTION('',(0.,0.,-1.));
#2622 = ORIENTED_EDGE('',*,*,#2567,.T.);
#2623 = PLANE('',#2624);
#2624 = AXIS2_PLACEMENT_3D('',#2625,#2626,#2627);
#2625 = CARTESIAN_POINT('',(0.254,-3.302,2.157));
#2626 = DIRECTION('',(-4.440892098501E-16,1.,0.));
#2627 = DIRECTION('',(0.,0.,1.));
#2628 = ADVANCED_FACE('',(#2629),#2654,.T.);
#2629 = FACE_BOUND('',#2630,.T.);
#2630 = EDGE_LOOP('',(#2631,#2639,#2640,#2648));
#2631 = ORIENTED_EDGE('',*,*,#2632,.T.);
#2632 = EDGE_CURVE('',#2633,#1637,#2635,.T.);
#2633 = VERTEX_POINT('',#2634);
#2634 = CARTESIAN_POINT('',(6.91,-4.318,2.157));
#2635 = LINE('',#2636,#2637);
#2636 = CARTESIAN_POINT('',(3.683,-4.318,2.157));
#2637 = VECTOR('',#2638,1.);
#2638 = DIRECTION('',(1.,3.216245299353E-16,0.));
#2639 = ORIENTED_EDGE('',*,*,#1653,.T.);
#2640 = ORIENTED_EDGE('',*,*,#2641,.T.);
#2641 = EDGE_CURVE('',#1646,#2642,#2644,.T.);
#2642 = VERTEX_POINT('',#2643);
#2643 = CARTESIAN_POINT('',(6.91,-3.302,2.157));
#2644 = LINE('',#2645,#2646);
#2645 = CARTESIAN_POINT('',(7.62,-3.302,2.157));
#2646 = VECTOR('',#2647,1.);
#2647 = DIRECTION('',(-1.,-3.216245299353E-16,0.));
#2648 = ORIENTED_EDGE('',*,*,#2649,.F.);
#2649 = EDGE_CURVE('',#2633,#2642,#2650,.T.);
#2650 = LINE('',#2651,#2652);
#2651 = CARTESIAN_POINT('',(6.91,-8.37,2.157));
#2652 = VECTOR('',#2653,1.);
#2653 = DIRECTION('',(-4.440892098501E-16,1.,0.));
#2654 = B_SPLINE_SURFACE_WITH_KNOTS('',1,1,(
    (#2655,#2656)
    ,(#2657,#2658
    )),.UNSPECIFIED.,.F.,.F.,.F.,(2,2),(2,2),(0.,9.27),(0.,1.),
  .PIECEWISE_BEZIER_KNOTS.);
#2655 = CARTESIAN_POINT('',(6.985,-8.445,2.157));
#2656 = CARTESIAN_POINT('',(6.91,-8.37,2.157));
#2657 = CARTESIAN_POINT('',(6.985,0.825,2.157));
#2658 = CARTESIAN_POINT('',(6.91,0.75,2.157));
#2659 = ADVANCED_FACE('',(#2660),#2677,.T.);
#2660 = FACE_BOUND('',#2661,.T.);
#2661 = EDGE_LOOP('',(#2662,#2663,#2670,#2676));
#2662 = ORIENTED_EDGE('',*,*,#1675,.T.);
#2663 = ORIENTED_EDGE('',*,*,#2664,.T.);
#2664 = EDGE_CURVE('',#1669,#2665,#2667,.T.);
#2665 = VERTEX_POINT('',#2666);
#2666 = CARTESIAN_POINT('',(0.71,0.75,2.157));
#2667 = B_SPLINE_CURVE_WITH_KNOTS('',1,(#2668,#2669),.UNSPECIFIED.,.F.,
  .F.,(2,2),(0.,1.),.PIECEWISE_BEZIER_KNOTS.);
#2668 = CARTESIAN_POINT('',(0.635,0.825,2.157));
#2669 = CARTESIAN_POINT('',(0.71,0.75,2.157));
#2670 = ORIENTED_EDGE('',*,*,#2671,.F.);
#2671 = EDGE_CURVE('',#2134,#2665,#2672,.T.);
#2672 = LINE('',#2673,#2674);
#2673 = CARTESIAN_POINT('',(6.91,0.75,2.157));
#2674 = VECTOR('',#2675,1.);
#2675 = DIRECTION('',(-1.,-4.440892098501E-16,0.));
#2676 = ORIENTED_EDGE('',*,*,#2133,.F.);
#2677 = B_SPLINE_SURFACE_WITH_KNOTS('',1,1,(
    (#2678,#2679)
    ,(#2680,#2681
    )),.UNSPECIFIED.,.F.,.F.,.F.,(2,2),(2,2),(0.,6.35),(0.,1.),
  .PIECEWISE_BEZIER_KNOTS.);
#2678 = CARTESIAN_POINT('',(6.985,0.825,2.157));
#2679 = CARTESIAN_POINT('',(6.91,0.75,2.157));
#2680 = CARTESIAN_POINT('',(0.635,0.825,2.157));
#2681 = CARTESIAN_POINT('',(0.71,0.75,2.157));
#2682 = ADVANCED_FACE('',(#2683),#2701,.T.);
#2683 = FACE_BOUND('',#2684,.T.);
#2684 = EDGE_LOOP('',(#2685,#2686,#2687,#2695));
#2685 = ORIENTED_EDGE('',*,*,#2664,.F.);
#2686 = ORIENTED_EDGE('',*,*,#1700,.T.);
#2687 = ORIENTED_EDGE('',*,*,#2688,.T.);
#2688 = EDGE_CURVE('',#1693,#2689,#2691,.T.);
#2689 = VERTEX_POINT('',#2690);
#2690 = CARTESIAN_POINT('',(0.71,0.2285,2.157));
#2691 = LINE('',#2692,#2693);
#2692 = CARTESIAN_POINT('',(-0.127,0.2285,2.157));
#2693 = VECTOR('',#2694,1.);
#2694 = DIRECTION('',(1.,4.440892098501E-16,0.));
#2695 = ORIENTED_EDGE('',*,*,#2696,.F.);
#2696 = EDGE_CURVE('',#2665,#2689,#2697,.T.);
#2697 = LINE('',#2698,#2699);
#2698 = CARTESIAN_POINT('',(0.71,0.75,2.157));
#2699 = VECTOR('',#2700,1.);
#2700 = DIRECTION('',(4.440892098501E-16,-1.,0.));
#2701 = B_SPLINE_SURFACE_WITH_KNOTS('',1,1,(
    (#2702,#2703)
    ,(#2704,#2705
    )),.UNSPECIFIED.,.F.,.F.,.F.,(2,2),(2,2),(0.,9.27),(0.,1.),
  .PIECEWISE_BEZIER_KNOTS.);
#2702 = CARTESIAN_POINT('',(0.635,0.825,2.157));
#2703 = CARTESIAN_POINT('',(0.71,0.75,2.157));
#2704 = CARTESIAN_POINT('',(0.635,-8.445,2.157));
#2705 = CARTESIAN_POINT('',(0.71,-8.37,2.157));
#2706 = ADVANCED_FACE('',(#2707),#2759,.F.);
#2707 = FACE_BOUND('',#2708,.F.);
#2708 = EDGE_LOOP('',(#2709,#2717,#2726,#2734,#2742,#2750,#2757,#2758));
#2709 = ORIENTED_EDGE('',*,*,#2710,.F.);
#2710 = EDGE_CURVE('',#2711,#1693,#2713,.T.);
#2711 = VERTEX_POINT('',#2712);
#2712 = CARTESIAN_POINT('',(0.254,0.2285,2.157));
#2713 = LINE('',#2714,#2715);
#2714 = CARTESIAN_POINT('',(-0.127,0.2285,2.157));
#2715 = VECTOR('',#2716,1.);
#2716 = DIRECTION('',(1.,4.440892098501E-16,0.));
#2717 = ORIENTED_EDGE('',*,*,#2718,.T.);
#2718 = EDGE_CURVE('',#2711,#2719,#2721,.T.);
#2719 = VERTEX_POINT('',#2720);
#2720 = CARTESIAN_POINT('',(-0.127,0.2285,1.776));
#2721 = CIRCLE('',#2722,0.381);
#2722 = AXIS2_PLACEMENT_3D('',#2723,#2724,#2725);
#2723 = CARTESIAN_POINT('',(0.254,0.2285,1.776));
#2724 = DIRECTION('',(4.440892098501E-16,-1.,0.));
#2725 = DIRECTION('',(0.,0.,1.));
#2726 = ORIENTED_EDGE('',*,*,#2727,.T.);
#2727 = EDGE_CURVE('',#2719,#2728,#2730,.T.);
#2728 = VERTEX_POINT('',#2729);
#2729 = CARTESIAN_POINT('',(-0.127,0.2285,-2.843));
#2730 = LINE('',#2731,#2732);
#2731 = CARTESIAN_POINT('',(-0.127,0.2285,2.157));
#2732 = VECTOR('',#2733,1.);
#2733 = DIRECTION('',(-0.,0.,-1.));
#2734 = ORIENTED_EDGE('',*,*,#2735,.T.);
#2735 = EDGE_CURVE('',#2728,#2736,#2738,.T.);
#2736 = VERTEX_POINT('',#2737);
#2737 = CARTESIAN_POINT('',(0.127,0.2285,-2.843));
#2738 = LINE('',#2739,#2740);
#2739 = CARTESIAN_POINT('',(-0.127,0.2285,-2.843));
#2740 = VECTOR('',#2741,1.);
#2741 = DIRECTION('',(1.,4.440892098501E-16,0.));
#2742 = ORIENTED_EDGE('',*,*,#2743,.F.);
#2743 = EDGE_CURVE('',#2744,#2736,#2746,.T.);
#2744 = VERTEX_POINT('',#2745);
#2745 = CARTESIAN_POINT('',(0.127,0.2285,1.776));
#2746 = LINE('',#2747,#2748);
#2747 = CARTESIAN_POINT('',(0.127,0.2285,2.157));
#2748 = VECTOR('',#2749,1.);
#2749 = DIRECTION('',(-0.,0.,-1.));
#2750 = ORIENTED_EDGE('',*,*,#2751,.T.);
#2751 = EDGE_CURVE('',#2744,#1745,#2752,.T.);
#2752 = CIRCLE('',#2753,0.127);
#2753 = AXIS2_PLACEMENT_3D('',#2754,#2755,#2756);
#2754 = CARTESIAN_POINT('',(0.254,0.2285,1.776));
#2755 = DIRECTION('',(-4.440892098501E-16,1.,0.));
#2756 = DIRECTION('',(0.,0.,-1.));
#2757 = ORIENTED_EDGE('',*,*,#1744,.T.);
#2758 = ORIENTED_EDGE('',*,*,#1692,.T.);
#2759 = PLANE('',#2760);
#2760 = AXIS2_PLACEMENT_3D('',#2761,#2762,#2763);
#2761 = CARTESIAN_POINT('',(0.254,0.2285,2.157));
#2762 = DIRECTION('',(4.440892098501E-16,-1.,2.331176954594E-15));
#2763 = DIRECTION('',(1.035250531786E-30,-2.331176954594E-15,-1.));
#2764 = ADVANCED_FACE('',(#2765),#2817,.F.);
#2765 = FACE_BOUND('',#2766,.F.);
#2766 = EDGE_LOOP('',(#2767,#2777,#2786,#2792,#2793,#2794,#2803,#2811));
#2767 = ORIENTED_EDGE('',*,*,#2768,.F.);
#2768 = EDGE_CURVE('',#2769,#2771,#2773,.T.);
#2769 = VERTEX_POINT('',#2770);
#2770 = CARTESIAN_POINT('',(-0.127,-7.8485,1.776));
#2771 = VERTEX_POINT('',#2772);
#2772 = CARTESIAN_POINT('',(-0.127,-7.8485,-2.843));
#2773 = LINE('',#2774,#2775);
#2774 = CARTESIAN_POINT('',(-0.127,-7.8485,2.157));
#2775 = VECTOR('',#2776,1.);
#2776 = DIRECTION('',(-0.,0.,-1.));
#2777 = ORIENTED_EDGE('',*,*,#2778,.T.);
#2778 = EDGE_CURVE('',#2769,#2779,#2781,.T.);
#2779 = VERTEX_POINT('',#2780);
#2780 = CARTESIAN_POINT('',(0.254,-7.8485,2.157));
#2781 = CIRCLE('',#2782,0.381);
#2782 = AXIS2_PLACEMENT_3D('',#2783,#2784,#2785);
#2783 = CARTESIAN_POINT('',(0.254,-7.8485,1.776));
#2784 = DIRECTION('',(-4.440892098501E-16,1.,0.));
#2785 = DIRECTION('',(0.,0.,1.));
#2786 = ORIENTED_EDGE('',*,*,#2787,.F.);
#2787 = EDGE_CURVE('',#1715,#2779,#2788,.T.);
#2788 = LINE('',#2789,#2790);
#2789 = CARTESIAN_POINT('',(3.81,-7.8485,2.157));
#2790 = VECTOR('',#2791,1.);
#2791 = DIRECTION('',(-1.,-4.440892098501E-16,0.));
#2792 = ORIENTED_EDGE('',*,*,#1714,.T.);
#2793 = ORIENTED_EDGE('',*,*,#1791,.T.);
#2794 = ORIENTED_EDGE('',*,*,#2795,.F.);
#2795 = EDGE_CURVE('',#2796,#1784,#2798,.T.);
#2796 = VERTEX_POINT('',#2797);
#2797 = CARTESIAN_POINT('',(0.127,-7.8485,1.776));
#2798 = CIRCLE('',#2799,0.127);
#2799 = AXIS2_PLACEMENT_3D('',#2800,#2801,#2802);
#2800 = CARTESIAN_POINT('',(0.254,-7.8485,1.776));
#2801 = DIRECTION('',(-4.440892098501E-16,1.,0.));
#2802 = DIRECTION('',(0.,0.,1.));
#2803 = ORIENTED_EDGE('',*,*,#2804,.T.);
#2804 = EDGE_CURVE('',#2796,#2805,#2807,.T.);
#2805 = VERTEX_POINT('',#2806);
#2806 = CARTESIAN_POINT('',(0.127,-7.8485,-2.843));
#2807 = LINE('',#2808,#2809);
#2808 = CARTESIAN_POINT('',(0.127,-7.8485,2.157));
#2809 = VECTOR('',#2810,1.);
#2810 = DIRECTION('',(-0.,0.,-1.));
#2811 = ORIENTED_EDGE('',*,*,#2812,.F.);
#2812 = EDGE_CURVE('',#2771,#2805,#2813,.T.);
#2813 = LINE('',#2814,#2815);
#2814 = CARTESIAN_POINT('',(-0.127,-7.8485,-2.843));
#2815 = VECTOR('',#2816,1.);
#2816 = DIRECTION('',(1.,4.440892098501E-16,0.));
#2817 = PLANE('',#2818);
#2818 = AXIS2_PLACEMENT_3D('',#2819,#2820,#2821);
#2819 = CARTESIAN_POINT('',(-0.127,-7.8485,1.776));
#2820 = DIRECTION('',(-4.440892098501E-16,1.,0.));
#2821 = DIRECTION('',(0.,0.,1.));
#2822 = ADVANCED_FACE('',(#2823),#2847,.T.);
#2823 = FACE_BOUND('',#2824,.T.);
#2824 = EDGE_LOOP('',(#2825,#2833,#2834,#2841));
#2825 = ORIENTED_EDGE('',*,*,#2826,.T.);
#2826 = EDGE_CURVE('',#2827,#1715,#2829,.T.);
#2827 = VERTEX_POINT('',#2828);
#2828 = CARTESIAN_POINT('',(0.71,-7.8485,2.157));
#2829 = LINE('',#2830,#2831);
#2830 = CARTESIAN_POINT('',(3.81,-7.8485,2.157));
#2831 = VECTOR('',#2832,1.);
#2832 = DIRECTION('',(-1.,-4.440892098501E-16,0.));
#2833 = ORIENTED_EDGE('',*,*,#1730,.T.);
#2834 = ORIENTED_EDGE('',*,*,#2835,.T.);
#2835 = EDGE_CURVE('',#1724,#2836,#2838,.T.);
#2836 = VERTEX_POINT('',#2837);
#2837 = CARTESIAN_POINT('',(0.71,-8.37,2.157));
#2838 = B_SPLINE_CURVE_WITH_KNOTS('',1,(#2839,#2840),.UNSPECIFIED.,.F.,
  .F.,(2,2),(0.,1.),.PIECEWISE_BEZIER_KNOTS.);
#2839 = CARTESIAN_POINT('',(0.635,-8.445,2.157));
#2840 = CARTESIAN_POINT('',(0.71,-8.37,2.157));
#2841 = ORIENTED_EDGE('',*,*,#2842,.F.);
#2842 = EDGE_CURVE('',#2827,#2836,#2843,.T.);
#2843 = LINE('',#2844,#2845);
#2844 = CARTESIAN_POINT('',(0.71,0.75,2.157));
#2845 = VECTOR('',#2846,1.);
#2846 = DIRECTION('',(4.440892098501E-16,-1.,0.));
#2847 = B_SPLINE_SURFACE_WITH_KNOTS('',1,1,(
    (#2848,#2849)
    ,(#2850,#2851
    )),.UNSPECIFIED.,.F.,.F.,.F.,(2,2),(2,2),(0.,9.27),(0.,1.),
  .PIECEWISE_BEZIER_KNOTS.);
#2848 = CARTESIAN_POINT('',(0.635,0.825,2.157));
#2849 = CARTESIAN_POINT('',(0.71,0.75,2.157));
#2850 = CARTESIAN_POINT('',(0.635,-8.445,2.157));
#2851 = CARTESIAN_POINT('',(0.71,-8.37,2.157));
#2852 = ADVANCED_FACE('',(#2853),#2905,.T.);
#2853 = FACE_BOUND('',#2854,.T.);
#2854 = EDGE_LOOP('',(#2855,#2866,#2874,#2882,#2890,#2897,#2898,#2899));
#2855 = ORIENTED_EDGE('',*,*,#2856,.T.);
#2856 = EDGE_CURVE('',#2857,#2859,#2861,.T.);
#2857 = VERTEX_POINT('',#2858);
#2858 = CARTESIAN_POINT('',(0.254,-0.762,2.157));
#2859 = VERTEX_POINT('',#2860);
#2860 = CARTESIAN_POINT('',(-0.127,-0.762,1.776));
#2861 = CIRCLE('',#2862,0.381);
#2862 = AXIS2_PLACEMENT_3D('',#2863,#2864,#2865);
#2863 = CARTESIAN_POINT('',(0.254,-0.762,1.776));
#2864 = DIRECTION('',(4.440892098501E-16,-1.,0.));
#2865 = DIRECTION('',(0.,0.,1.));
#2866 = ORIENTED_EDGE('',*,*,#2867,.F.);
#2867 = EDGE_CURVE('',#2868,#2859,#2870,.T.);
#2868 = VERTEX_POINT('',#2869);
#2869 = CARTESIAN_POINT('',(-0.127,-0.762,0.));
#2870 = LINE('',#2871,#2872);
#2871 = CARTESIAN_POINT('',(-0.127,-0.762,0.));
#2872 = VECTOR('',#2873,1.);
#2873 = DIRECTION('',(0.,0.,1.));
#2874 = ORIENTED_EDGE('',*,*,#2875,.T.);
#2875 = EDGE_CURVE('',#2868,#2876,#2878,.T.);
#2876 = VERTEX_POINT('',#2877);
#2877 = CARTESIAN_POINT('',(0.127,-0.762,0.));
#2878 = LINE('',#2879,#2880);
#2879 = CARTESIAN_POINT('',(-0.127,-0.762,0.));
#2880 = VECTOR('',#2881,1.);
#2881 = DIRECTION('',(1.,4.440892098501E-16,0.));
#2882 = ORIENTED_EDGE('',*,*,#2883,.T.);
#2883 = EDGE_CURVE('',#2876,#2884,#2886,.T.);
#2884 = VERTEX_POINT('',#2885);
#2885 = CARTESIAN_POINT('',(0.127,-0.762,1.776));
#2886 = LINE('',#2887,#2888);
#2887 = CARTESIAN_POINT('',(0.127,-0.762,0.));
#2888 = VECTOR('',#2889,1.);
#2889 = DIRECTION('',(0.,0.,1.));
#2890 = ORIENTED_EDGE('',*,*,#2891,.T.);
#2891 = EDGE_CURVE('',#2884,#1753,#2892,.T.);
#2892 = CIRCLE('',#2893,0.127);
#2893 = AXIS2_PLACEMENT_3D('',#2894,#2895,#2896);
#2894 = CARTESIAN_POINT('',(0.254,-0.762,1.776));
#2895 = DIRECTION('',(-4.440892098501E-16,1.,0.));
#2896 = DIRECTION('',(0.,0.,-1.));
#2897 = ORIENTED_EDGE('',*,*,#1760,.F.);
#2898 = ORIENTED_EDGE('',*,*,#1806,.T.);
#2899 = ORIENTED_EDGE('',*,*,#2900,.T.);
#2900 = EDGE_CURVE('',#1807,#2857,#2901,.T.);
#2901 = LINE('',#2902,#2903);
#2902 = CARTESIAN_POINT('',(3.81,-0.762,2.157));
#2903 = VECTOR('',#2904,1.);
#2904 = DIRECTION('',(-1.,-4.440892098501E-16,0.));
#2905 = PLANE('',#2906);
#2906 = AXIS2_PLACEMENT_3D('',#2907,#2908,#2909);
#2907 = CARTESIAN_POINT('',(-0.127,-0.762,0.));
#2908 = DIRECTION('',(4.440892098501E-16,-1.,0.));
#2909 = DIRECTION('',(0.,-0.,-1.));
#2910 = ADVANCED_FACE('',(#2911),#2922,.F.);
#2911 = FACE_BOUND('',#2912,.F.);
#2912 = EDGE_LOOP('',(#2913,#2919,#2920,#2921));
#2913 = ORIENTED_EDGE('',*,*,#2914,.T.);
#2914 = EDGE_CURVE('',#2744,#2884,#2915,.T.);
#2915 = LINE('',#2916,#2917);
#2916 = CARTESIAN_POINT('',(0.127,0.2285,1.776));
#2917 = VECTOR('',#2918,1.);
#2918 = DIRECTION('',(4.440892098501E-16,-1.,0.));
#2919 = ORIENTED_EDGE('',*,*,#2891,.T.);
#2920 = ORIENTED_EDGE('',*,*,#1752,.F.);
#2921 = ORIENTED_EDGE('',*,*,#2751,.F.);
#2922 = CYLINDRICAL_SURFACE('',#2923,0.127);
#2923 = AXIS2_PLACEMENT_3D('',#2924,#2925,#2926);
#2924 = CARTESIAN_POINT('',(0.254,0.2285,1.776));
#2925 = DIRECTION('',(4.440892098501E-16,-1.,0.));
#2926 = DIRECTION('',(-1.,-4.440892098501E-16,0.));
#2927 = ADVANCED_FACE('',(#2928),#2980,.F.);
#2928 = FACE_BOUND('',#2929,.F.);
#2929 = EDGE_LOOP('',(#2930,#2938,#2947,#2955,#2963,#2971,#2978,#2979));
#2930 = ORIENTED_EDGE('',*,*,#2931,.F.);
#2931 = EDGE_CURVE('',#2932,#1847,#2934,.T.);
#2932 = VERTEX_POINT('',#2933);
#2933 = CARTESIAN_POINT('',(0.254,-6.858,2.157));
#2934 = LINE('',#2935,#2936);
#2935 = CARTESIAN_POINT('',(-0.127,-6.858,2.157));
#2936 = VECTOR('',#2937,1.);
#2937 = DIRECTION('',(1.,4.440892098501E-16,0.));
#2938 = ORIENTED_EDGE('',*,*,#2939,.F.);
#2939 = EDGE_CURVE('',#2940,#2932,#2942,.T.);
#2940 = VERTEX_POINT('',#2941);
#2941 = CARTESIAN_POINT('',(-0.127,-6.858,1.776));
#2942 = CIRCLE('',#2943,0.381);
#2943 = AXIS2_PLACEMENT_3D('',#2944,#2945,#2946);
#2944 = CARTESIAN_POINT('',(0.254,-6.858,1.776));
#2945 = DIRECTION('',(-4.440892098501E-16,1.,0.));
#2946 = DIRECTION('',(0.,0.,1.));
#2947 = ORIENTED_EDGE('',*,*,#2948,.F.);
#2948 = EDGE_CURVE('',#2949,#2940,#2951,.T.);
#2949 = VERTEX_POINT('',#2950);
#2950 = CARTESIAN_POINT('',(-0.127,-6.858,0.));
#2951 = LINE('',#2952,#2953);
#2952 = CARTESIAN_POINT('',(-0.127,-6.858,0.));
#2953 = VECTOR('',#2954,1.);
#2954 = DIRECTION('',(0.,0.,1.));
#2955 = ORIENTED_EDGE('',*,*,#2956,.T.);
#2956 = EDGE_CURVE('',#2949,#2957,#2959,.T.);
#2957 = VERTEX_POINT('',#2958);
#2958 = CARTESIAN_POINT('',(0.127,-6.858,0.));
#2959 = LINE('',#2960,#2961);
#2960 = CARTESIAN_POINT('',(-0.127,-6.858,0.));
#2961 = VECTOR('',#2962,1.);
#2962 = DIRECTION('',(1.,4.440892098501E-16,0.));
#2963 = ORIENTED_EDGE('',*,*,#2964,.T.);
#2964 = EDGE_CURVE('',#2957,#2965,#2967,.T.);
#2965 = VERTEX_POINT('',#2966);
#2966 = CARTESIAN_POINT('',(0.127,-6.858,1.776));
#2967 = LINE('',#2968,#2969);
#2968 = CARTESIAN_POINT('',(0.127,-6.858,0.));
#2969 = VECTOR('',#2970,1.);
#2970 = DIRECTION('',(0.,0.,1.));
#2971 = ORIENTED_EDGE('',*,*,#2972,.T.);
#2972 = EDGE_CURVE('',#2965,#1776,#2973,.T.);
#2973 = CIRCLE('',#2974,0.127);
#2974 = AXIS2_PLACEMENT_3D('',#2975,#2976,#2977);
#2975 = CARTESIAN_POINT('',(0.254,-6.858,1.776));
#2976 = DIRECTION('',(-4.440892098501E-16,1.,0.));
#2977 = DIRECTION('',(0.,0.,1.));
#2978 = ORIENTED_EDGE('',*,*,#1775,.T.);
#2979 = ORIENTED_EDGE('',*,*,#1846,.T.);
#2980 = PLANE('',#2981);
#2981 = AXIS2_PLACEMENT_3D('',#2982,#2983,#2984);
#2982 = CARTESIAN_POINT('',(0.254,-6.858,2.157));
#2983 = DIRECTION('',(4.440892098501E-16,-1.,0.));
#2984 = DIRECTION('',(0.,-0.,-1.));
#2985 = ADVANCED_FACE('',(#2986),#2997,.F.);
#2986 = FACE_BOUND('',#2987,.F.);
#2987 = EDGE_LOOP('',(#2988,#2989,#2990,#2991));
#2988 = ORIENTED_EDGE('',*,*,#2795,.T.);
#2989 = ORIENTED_EDGE('',*,*,#1783,.T.);
#2990 = ORIENTED_EDGE('',*,*,#2972,.F.);
#2991 = ORIENTED_EDGE('',*,*,#2992,.F.);
#2992 = EDGE_CURVE('',#2796,#2965,#2993,.T.);
#2993 = LINE('',#2994,#2995);
#2994 = CARTESIAN_POINT('',(0.127,-7.8485,1.776));
#2995 = VECTOR('',#2996,1.);
#2996 = DIRECTION('',(-4.440892098501E-16,1.,0.));
#2997 = CYLINDRICAL_SURFACE('',#2998,0.127);
#2998 = AXIS2_PLACEMENT_3D('',#2999,#3000,#3001);
#2999 = CARTESIAN_POINT('',(0.254,-7.8485,1.776));
#3000 = DIRECTION('',(-4.440892098501E-16,1.,0.));
#3001 = DIRECTION('',(-1.,-4.440892098501E-16,0.));
#3002 = ADVANCED_FACE('',(#3003),#3028,.T.);
#3003 = FACE_BOUND('',#3004,.T.);
#3004 = EDGE_LOOP('',(#3005,#3013,#3014,#3022));
#3005 = ORIENTED_EDGE('',*,*,#3006,.T.);
#3006 = EDGE_CURVE('',#3007,#1807,#3009,.T.);
#3007 = VERTEX_POINT('',#3008);
#3008 = CARTESIAN_POINT('',(0.71,-0.762,2.157));
#3009 = LINE('',#3010,#3011);
#3010 = CARTESIAN_POINT('',(3.81,-0.762,2.157));
#3011 = VECTOR('',#3012,1.);
#3012 = DIRECTION('',(-1.,-4.440892098501E-16,0.));
#3013 = ORIENTED_EDGE('',*,*,#1823,.T.);
#3014 = ORIENTED_EDGE('',*,*,#3015,.T.);
#3015 = EDGE_CURVE('',#1816,#3016,#3018,.T.);
#3016 = VERTEX_POINT('',#3017);
#3017 = CARTESIAN_POINT('',(0.71,-1.778,2.157));
#3018 = LINE('',#3019,#3020);
#3019 = CARTESIAN_POINT('',(-2.442490654175E-15,-1.778,2.157));
#3020 = VECTOR('',#3021,1.);
#3021 = DIRECTION('',(1.,4.440892098501E-16,0.));
#3022 = ORIENTED_EDGE('',*,*,#3023,.F.);
#3023 = EDGE_CURVE('',#3007,#3016,#3024,.T.);
#3024 = LINE('',#3025,#3026);
#3025 = CARTESIAN_POINT('',(0.71,0.75,2.157));
#3026 = VECTOR('',#3027,1.);
#3027 = DIRECTION('',(4.440892098501E-16,-1.,0.));
#3028 = B_SPLINE_SURFACE_WITH_KNOTS('',1,1,(
    (#3029,#3030)
    ,(#3031,#3032
    )),.UNSPECIFIED.,.F.,.F.,.F.,(2,2),(2,2),(0.,9.27),(0.,1.),
  .PIECEWISE_BEZIER_KNOTS.);
#3029 = CARTESIAN_POINT('',(0.635,0.825,2.157));
#3030 = CARTESIAN_POINT('',(0.71,0.75,2.157));
#3031 = CARTESIAN_POINT('',(0.635,-8.445,2.157));
#3032 = CARTESIAN_POINT('',(0.71,-8.37,2.157));
#3033 = ADVANCED_FACE('',(#3034),#3086,.T.);
#3034 = FACE_BOUND('',#3035,.T.);
#3035 = EDGE_LOOP('',(#3036,#3047,#3053,#3054,#3055,#3064,#3072,#3080));
#3036 = ORIENTED_EDGE('',*,*,#3037,.F.);
#3037 = EDGE_CURVE('',#3038,#3040,#3042,.T.);
#3038 = VERTEX_POINT('',#3039);
#3039 = CARTESIAN_POINT('',(0.254,-1.778,2.157));
#3040 = VERTEX_POINT('',#3041);
#3041 = CARTESIAN_POINT('',(-0.127,-1.778,1.776));
#3042 = CIRCLE('',#3043,0.381);
#3043 = AXIS2_PLACEMENT_3D('',#3044,#3045,#3046);
#3044 = CARTESIAN_POINT('',(0.254,-1.778,1.776));
#3045 = DIRECTION('',(4.440892098501E-16,-1.,0.));
#3046 = DIRECTION('',(0.,0.,1.));
#3047 = ORIENTED_EDGE('',*,*,#3048,.T.);
#3048 = EDGE_CURVE('',#3038,#1816,#3049,.T.);
#3049 = LINE('',#3050,#3051);
#3050 = CARTESIAN_POINT('',(-2.442490654175E-15,-1.778,2.157));
#3051 = VECTOR('',#3052,1.);
#3052 = DIRECTION('',(1.,4.440892098501E-16,0.));
#3053 = ORIENTED_EDGE('',*,*,#1815,.T.);
#3054 = ORIENTED_EDGE('',*,*,#1868,.F.);
#3055 = ORIENTED_EDGE('',*,*,#3056,.F.);
#3056 = EDGE_CURVE('',#3057,#1869,#3059,.T.);
#3057 = VERTEX_POINT('',#3058);
#3058 = CARTESIAN_POINT('',(0.127,-1.778,1.776));
#3059 = CIRCLE('',#3060,0.127);
#3060 = AXIS2_PLACEMENT_3D('',#3061,#3062,#3063);
#3061 = CARTESIAN_POINT('',(0.254,-1.778,1.776));
#3062 = DIRECTION('',(-4.440892098501E-16,1.,0.));
#3063 = DIRECTION('',(0.,0.,-1.));
#3064 = ORIENTED_EDGE('',*,*,#3065,.T.);
#3065 = EDGE_CURVE('',#3057,#3066,#3068,.T.);
#3066 = VERTEX_POINT('',#3067);
#3067 = CARTESIAN_POINT('',(0.127,-1.778,0.));
#3068 = LINE('',#3069,#3070);
#3069 = CARTESIAN_POINT('',(0.127,-1.778,2.157));
#3070 = VECTOR('',#3071,1.);
#3071 = DIRECTION('',(-0.,0.,-1.));
#3072 = ORIENTED_EDGE('',*,*,#3073,.F.);
#3073 = EDGE_CURVE('',#3074,#3066,#3076,.T.);
#3074 = VERTEX_POINT('',#3075);
#3075 = CARTESIAN_POINT('',(-0.127,-1.778,0.));
#3076 = LINE('',#3077,#3078);
#3077 = CARTESIAN_POINT('',(-0.127,-1.778,0.));
#3078 = VECTOR('',#3079,1.);
#3079 = DIRECTION('',(1.,4.440892098501E-16,0.));
#3080 = ORIENTED_EDGE('',*,*,#3081,.F.);
#3081 = EDGE_CURVE('',#3040,#3074,#3082,.T.);
#3082 = LINE('',#3083,#3084);
#3083 = CARTESIAN_POINT('',(-0.127,-1.778,2.157));
#3084 = VECTOR('',#3085,1.);
#3085 = DIRECTION('',(-0.,0.,-1.));
#3086 = PLANE('',#3087);
#3087 = AXIS2_PLACEMENT_3D('',#3088,#3089,#3090);
#3088 = CARTESIAN_POINT('',(0.254,-1.778,2.157));
#3089 = DIRECTION('',(-4.440892098501E-16,1.,0.));
#3090 = DIRECTION('',(0.,0.,1.));
#3091 = ADVANCED_FACE('',(#3092),#3144,.F.);
#3092 = FACE_BOUND('',#3093,.F.);
#3093 = EDGE_LOOP('',(#3094,#3105,#3111,#3112,#3113,#3122,#3130,#3138));
#3094 = ORIENTED_EDGE('',*,*,#3095,.F.);
#3095 = EDGE_CURVE('',#3096,#3098,#3100,.T.);
#3096 = VERTEX_POINT('',#3097);
#3097 = CARTESIAN_POINT('',(0.254,-5.842,2.157));
#3098 = VERTEX_POINT('',#3099);
#3099 = CARTESIAN_POINT('',(-0.127,-5.842,1.776));
#3100 = CIRCLE('',#3101,0.381);
#3101 = AXIS2_PLACEMENT_3D('',#3102,#3103,#3104);
#3102 = CARTESIAN_POINT('',(0.254,-5.842,1.776));
#3103 = DIRECTION('',(4.440892098501E-16,-1.,0.));
#3104 = DIRECTION('',(0.,0.,1.));
#3105 = ORIENTED_EDGE('',*,*,#3106,.F.);
#3106 = EDGE_CURVE('',#1838,#3096,#3107,.T.);
#3107 = LINE('',#3108,#3109);
#3108 = CARTESIAN_POINT('',(3.937,-5.842,2.157));
#3109 = VECTOR('',#3110,1.);
#3110 = DIRECTION('',(-1.,-4.440892098501E-16,0.));
#3111 = ORIENTED_EDGE('',*,*,#1837,.T.);
#3112 = ORIENTED_EDGE('',*,*,#1915,.T.);
#3113 = ORIENTED_EDGE('',*,*,#3114,.F.);
#3114 = EDGE_CURVE('',#3115,#1908,#3117,.T.);
#3115 = VERTEX_POINT('',#3116);
#3116 = CARTESIAN_POINT('',(0.127,-5.842,1.776));
#3117 = CIRCLE('',#3118,0.127);
#3118 = AXIS2_PLACEMENT_3D('',#3119,#3120,#3121);
#3119 = CARTESIAN_POINT('',(0.254,-5.842,1.776));
#3120 = DIRECTION('',(-4.440892098501E-16,1.,0.));
#3121 = DIRECTION('',(0.,0.,-1.));
#3122 = ORIENTED_EDGE('',*,*,#3123,.F.);
#3123 = EDGE_CURVE('',#3124,#3115,#3126,.T.);
#3124 = VERTEX_POINT('',#3125);
#3125 = CARTESIAN_POINT('',(0.127,-5.842,0.));
#3126 = LINE('',#3127,#3128);
#3127 = CARTESIAN_POINT('',(0.127,-5.842,0.));
#3128 = VECTOR('',#3129,1.);
#3129 = DIRECTION('',(0.,0.,1.));
#3130 = ORIENTED_EDGE('',*,*,#3131,.F.);
#3131 = EDGE_CURVE('',#3132,#3124,#3134,.T.);
#3132 = VERTEX_POINT('',#3133);
#3133 = CARTESIAN_POINT('',(-0.127,-5.842,0.));
#3134 = LINE('',#3135,#3136);
#3135 = CARTESIAN_POINT('',(-0.127,-5.842,0.));
#3136 = VECTOR('',#3137,1.);
#3137 = DIRECTION('',(1.,4.440892098501E-16,0.));
#3138 = ORIENTED_EDGE('',*,*,#3139,.T.);
#3139 = EDGE_CURVE('',#3132,#3098,#3140,.T.);
#3140 = LINE('',#3141,#3142);
#3141 = CARTESIAN_POINT('',(-0.127,-5.842,0.));
#3142 = VECTOR('',#3143,1.);
#3143 = DIRECTION('',(0.,0.,1.));
#3144 = PLANE('',#3145);
#3145 = AXIS2_PLACEMENT_3D('',#3146,#3147,#3148);
#3146 = CARTESIAN_POINT('',(0.254,-5.842,2.157));
#3147 = DIRECTION('',(-4.440892098501E-16,1.,0.));
#3148 = DIRECTION('',(0.,0.,1.));
#3149 = ADVANCED_FACE('',(#3150),#3175,.T.);
#3150 = FACE_BOUND('',#3151,.T.);
#3151 = EDGE_LOOP('',(#3152,#3160,#3161,#3169));
#3152 = ORIENTED_EDGE('',*,*,#3153,.T.);
#3153 = EDGE_CURVE('',#3154,#1838,#3156,.T.);
#3154 = VERTEX_POINT('',#3155);
#3155 = CARTESIAN_POINT('',(0.71,-5.842,2.157));
#3156 = LINE('',#3157,#3158);
#3157 = CARTESIAN_POINT('',(3.937,-5.842,2.157));
#3158 = VECTOR('',#3159,1.);
#3159 = DIRECTION('',(-1.,-4.440892098501E-16,0.));
#3160 = ORIENTED_EDGE('',*,*,#1854,.T.);
#3161 = ORIENTED_EDGE('',*,*,#3162,.T.);
#3162 = EDGE_CURVE('',#1847,#3163,#3165,.T.);
#3163 = VERTEX_POINT('',#3164);
#3164 = CARTESIAN_POINT('',(0.71,-6.858,2.157));
#3165 = LINE('',#3166,#3167);
#3166 = CARTESIAN_POINT('',(-0.127,-6.858,2.157));
#3167 = VECTOR('',#3168,1.);
#3168 = DIRECTION('',(1.,4.440892098501E-16,0.));
#3169 = ORIENTED_EDGE('',*,*,#3170,.F.);
#3170 = EDGE_CURVE('',#3154,#3163,#3171,.T.);
#3171 = LINE('',#3172,#3173);
#3172 = CARTESIAN_POINT('',(0.71,0.75,2.157));
#3173 = VECTOR('',#3174,1.);
#3174 = DIRECTION('',(4.440892098501E-16,-1.,0.));
#3175 = B_SPLINE_SURFACE_WITH_KNOTS('',1,1,(
    (#3176,#3177)
    ,(#3178,#3179
    )),.UNSPECIFIED.,.F.,.F.,.F.,(2,2),(2,2),(0.,9.27),(0.,1.),
  .PIECEWISE_BEZIER_KNOTS.);
#3176 = CARTESIAN_POINT('',(0.635,0.825,2.157));
#3177 = CARTESIAN_POINT('',(0.71,0.75,2.157));
#3178 = CARTESIAN_POINT('',(0.635,-8.445,2.157));
#3179 = CARTESIAN_POINT('',(0.71,-8.37,2.157));
#3180 = ADVANCED_FACE('',(#3181),#3233,.F.);
#3181 = FACE_BOUND('',#3182,.F.);
#3182 = EDGE_LOOP('',(#3183,#3194,#3200,#3201,#3202,#3211,#3219,#3227));
#3183 = ORIENTED_EDGE('',*,*,#3184,.F.);
#3184 = EDGE_CURVE('',#3185,#3187,#3189,.T.);
#3185 = VERTEX_POINT('',#3186);
#3186 = CARTESIAN_POINT('',(0.254,-3.302,2.157));
#3187 = VERTEX_POINT('',#3188);
#3188 = CARTESIAN_POINT('',(-0.127,-3.302,1.776));
#3189 = CIRCLE('',#3190,0.381);
#3190 = AXIS2_PLACEMENT_3D('',#3191,#3192,#3193);
#3191 = CARTESIAN_POINT('',(0.254,-3.302,1.776));
#3192 = DIRECTION('',(4.440892098501E-16,-1.,0.));
#3193 = DIRECTION('',(0.,0.,1.));
#3194 = ORIENTED_EDGE('',*,*,#3195,.F.);
#3195 = EDGE_CURVE('',#1931,#3185,#3196,.T.);
#3196 = LINE('',#3197,#3198);
#3197 = CARTESIAN_POINT('',(3.937,-3.302,2.157));
#3198 = VECTOR('',#3199,1.);
#3199 = DIRECTION('',(-1.,-4.440892098501E-16,0.));
#3200 = ORIENTED_EDGE('',*,*,#1930,.T.);
#3201 = ORIENTED_EDGE('',*,*,#1884,.T.);
#3202 = ORIENTED_EDGE('',*,*,#3203,.F.);
#3203 = EDGE_CURVE('',#3204,#1877,#3206,.T.);
#3204 = VERTEX_POINT('',#3205);
#3205 = CARTESIAN_POINT('',(0.127,-3.302,1.776));
#3206 = CIRCLE('',#3207,0.127);
#3207 = AXIS2_PLACEMENT_3D('',#3208,#3209,#3210);
#3208 = CARTESIAN_POINT('',(0.254,-3.302,1.776));
#3209 = DIRECTION('',(-4.440892098501E-16,1.,0.));
#3210 = DIRECTION('',(0.,0.,-1.));
#3211 = ORIENTED_EDGE('',*,*,#3212,.F.);
#3212 = EDGE_CURVE('',#3213,#3204,#3215,.T.);
#3213 = VERTEX_POINT('',#3214);
#3214 = CARTESIAN_POINT('',(0.127,-3.302,0.));
#3215 = LINE('',#3216,#3217);
#3216 = CARTESIAN_POINT('',(0.127,-3.302,0.));
#3217 = VECTOR('',#3218,1.);
#3218 = DIRECTION('',(0.,0.,1.));
#3219 = ORIENTED_EDGE('',*,*,#3220,.F.);
#3220 = EDGE_CURVE('',#3221,#3213,#3223,.T.);
#3221 = VERTEX_POINT('',#3222);
#3222 = CARTESIAN_POINT('',(-0.127,-3.302,0.));
#3223 = LINE('',#3224,#3225);
#3224 = CARTESIAN_POINT('',(-0.127,-3.302,0.));
#3225 = VECTOR('',#3226,1.);
#3226 = DIRECTION('',(1.,4.440892098501E-16,0.));
#3227 = ORIENTED_EDGE('',*,*,#3228,.T.);
#3228 = EDGE_CURVE('',#3221,#3187,#3229,.T.);
#3229 = LINE('',#3230,#3231);
#3230 = CARTESIAN_POINT('',(-0.127,-3.302,0.));
#3231 = VECTOR('',#3232,1.);
#3232 = DIRECTION('',(0.,0.,1.));
#3233 = PLANE('',#3234);
#3234 = AXIS2_PLACEMENT_3D('',#3235,#3236,#3237);
#3235 = CARTESIAN_POINT('',(0.254,-3.302,2.157));
#3236 = DIRECTION('',(-4.440892098501E-16,1.,0.));
#3237 = DIRECTION('',(0.,0.,1.));
#3238 = ADVANCED_FACE('',(#3239),#3250,.F.);
#3239 = FACE_BOUND('',#3240,.F.);
#3240 = EDGE_LOOP('',(#3241,#3247,#3248,#3249));
#3241 = ORIENTED_EDGE('',*,*,#3242,.T.);
#3242 = EDGE_CURVE('',#3057,#3204,#3243,.T.);
#3243 = LINE('',#3244,#3245);
#3244 = CARTESIAN_POINT('',(0.127,-1.778,1.776));
#3245 = VECTOR('',#3246,1.);
#3246 = DIRECTION('',(4.440892098501E-16,-1.,0.));
#3247 = ORIENTED_EDGE('',*,*,#3203,.T.);
#3248 = ORIENTED_EDGE('',*,*,#1876,.F.);
#3249 = ORIENTED_EDGE('',*,*,#3056,.F.);
#3250 = CYLINDRICAL_SURFACE('',#3251,0.127);
#3251 = AXIS2_PLACEMENT_3D('',#3252,#3253,#3254);
#3252 = CARTESIAN_POINT('',(0.254,-1.778,1.776));
#3253 = DIRECTION('',(4.440892098501E-16,-1.,0.));
#3254 = DIRECTION('',(-1.,-4.440892098501E-16,0.));
#3255 = ADVANCED_FACE('',(#3256),#3308,.T.);
#3256 = FACE_BOUND('',#3257,.T.);
#3257 = EDGE_LOOP('',(#3258,#3269,#3275,#3276,#3277,#3286,#3294,#3302));
#3258 = ORIENTED_EDGE('',*,*,#3259,.F.);
#3259 = EDGE_CURVE('',#3260,#3262,#3264,.T.);
#3260 = VERTEX_POINT('',#3261);
#3261 = CARTESIAN_POINT('',(0.254,-4.318,2.157));
#3262 = VERTEX_POINT('',#3263);
#3263 = CARTESIAN_POINT('',(-0.127,-4.318,1.776));
#3264 = CIRCLE('',#3265,0.381);
#3265 = AXIS2_PLACEMENT_3D('',#3266,#3267,#3268);
#3266 = CARTESIAN_POINT('',(0.254,-4.318,1.776));
#3267 = DIRECTION('',(4.440892098501E-16,-1.,0.));
#3268 = DIRECTION('',(0.,0.,1.));
#3269 = ORIENTED_EDGE('',*,*,#3270,.T.);
#3270 = EDGE_CURVE('',#3260,#1940,#3271,.T.);
#3271 = LINE('',#3272,#3273);
#3272 = CARTESIAN_POINT('',(-1.110223024625E-15,-4.318,2.157));
#3273 = VECTOR('',#3274,1.);
#3274 = DIRECTION('',(1.,4.440892098501E-16,0.));
#3275 = ORIENTED_EDGE('',*,*,#1939,.T.);
#3276 = ORIENTED_EDGE('',*,*,#1899,.F.);
#3277 = ORIENTED_EDGE('',*,*,#3278,.F.);
#3278 = EDGE_CURVE('',#3279,#1900,#3281,.T.);
#3279 = VERTEX_POINT('',#3280);
#3280 = CARTESIAN_POINT('',(0.127,-4.318,1.776));
#3281 = CIRCLE('',#3282,0.127);
#3282 = AXIS2_PLACEMENT_3D('',#3283,#3284,#3285);
#3283 = CARTESIAN_POINT('',(0.254,-4.318,1.776));
#3284 = DIRECTION('',(-4.440892098501E-16,1.,0.));
#3285 = DIRECTION('',(0.,0.,-1.));
#3286 = ORIENTED_EDGE('',*,*,#3287,.T.);
#3287 = EDGE_CURVE('',#3279,#3288,#3290,.T.);
#3288 = VERTEX_POINT('',#3289);
#3289 = CARTESIAN_POINT('',(0.127,-4.318,0.));
#3290 = LINE('',#3291,#3292);
#3291 = CARTESIAN_POINT('',(0.127,-4.318,2.157));
#3292 = VECTOR('',#3293,1.);
#3293 = DIRECTION('',(-0.,0.,-1.));
#3294 = ORIENTED_EDGE('',*,*,#3295,.F.);
#3295 = EDGE_CURVE('',#3296,#3288,#3298,.T.);
#3296 = VERTEX_POINT('',#3297);
#3297 = CARTESIAN_POINT('',(-0.127,-4.318,0.));
#3298 = LINE('',#3299,#3300);
#3299 = CARTESIAN_POINT('',(-0.127,-4.318,0.));
#3300 = VECTOR('',#3301,1.);
#3301 = DIRECTION('',(1.,4.440892098501E-16,0.));
#3302 = ORIENTED_EDGE('',*,*,#3303,.F.);
#3303 = EDGE_CURVE('',#3262,#3296,#3304,.T.);
#3304 = LINE('',#3305,#3306);
#3305 = CARTESIAN_POINT('',(-0.127,-4.318,2.157));
#3306 = VECTOR('',#3307,1.);
#3307 = DIRECTION('',(-0.,0.,-1.));
#3308 = PLANE('',#3309);
#3309 = AXIS2_PLACEMENT_3D('',#3310,#3311,#3312);
#3310 = CARTESIAN_POINT('',(0.254,-4.318,2.157));
#3311 = DIRECTION('',(-4.440892098501E-16,1.,0.));
#3312 = DIRECTION('',(0.,0.,1.));
#3313 = ADVANCED_FACE('',(#3314),#3325,.F.);
#3314 = FACE_BOUND('',#3315,.F.);
#3315 = EDGE_LOOP('',(#3316,#3322,#3323,#3324));
#3316 = ORIENTED_EDGE('',*,*,#3317,.T.);
#3317 = EDGE_CURVE('',#3279,#3115,#3318,.T.);
#3318 = LINE('',#3319,#3320);
#3319 = CARTESIAN_POINT('',(0.127,-4.318,1.776));
#3320 = VECTOR('',#3321,1.);
#3321 = DIRECTION('',(4.440892098501E-16,-1.,0.));
#3322 = ORIENTED_EDGE('',*,*,#3114,.T.);
#3323 = ORIENTED_EDGE('',*,*,#1907,.F.);
#3324 = ORIENTED_EDGE('',*,*,#3278,.F.);
#3325 = CYLINDRICAL_SURFACE('',#3326,0.127);
#3326 = AXIS2_PLACEMENT_3D('',#3327,#3328,#3329);
#3327 = CARTESIAN_POINT('',(0.254,-4.318,1.776));
#3328 = DIRECTION('',(4.440892098501E-16,-1.,0.));
#3329 = DIRECTION('',(-1.,-4.440892098501E-16,0.));
#3330 = ADVANCED_FACE('',(#3331),#3356,.T.);
#3331 = FACE_BOUND('',#3332,.T.);
#3332 = EDGE_LOOP('',(#3333,#3341,#3342,#3350));
#3333 = ORIENTED_EDGE('',*,*,#3334,.T.);
#3334 = EDGE_CURVE('',#3335,#1931,#3337,.T.);
#3335 = VERTEX_POINT('',#3336);
#3336 = CARTESIAN_POINT('',(0.71,-3.302,2.157));
#3337 = LINE('',#3338,#3339);
#3338 = CARTESIAN_POINT('',(3.937,-3.302,2.157));
#3339 = VECTOR('',#3340,1.);
#3340 = DIRECTION('',(-1.,-4.440892098501E-16,0.));
#3341 = ORIENTED_EDGE('',*,*,#1947,.T.);
#3342 = ORIENTED_EDGE('',*,*,#3343,.T.);
#3343 = EDGE_CURVE('',#1940,#3344,#3346,.T.);
#3344 = VERTEX_POINT('',#3345);
#3345 = CARTESIAN_POINT('',(0.71,-4.318,2.157));
#3346 = LINE('',#3347,#3348);
#3347 = CARTESIAN_POINT('',(-1.110223024625E-15,-4.318,2.157));
#3348 = VECTOR('',#3349,1.);
#3349 = DIRECTION('',(1.,4.440892098501E-16,0.));
#3350 = ORIENTED_EDGE('',*,*,#3351,.F.);
#3351 = EDGE_CURVE('',#3335,#3344,#3352,.T.);
#3352 = LINE('',#3353,#3354);
#3353 = CARTESIAN_POINT('',(0.71,0.75,2.157));
#3354 = VECTOR('',#3355,1.);
#3355 = DIRECTION('',(4.440892098501E-16,-1.,0.));
#3356 = B_SPLINE_SURFACE_WITH_KNOTS('',1,1,(
    (#3357,#3358)
    ,(#3359,#3360
    )),.UNSPECIFIED.,.F.,.F.,.F.,(2,2),(2,2),(0.,9.27),(0.,1.),
  .PIECEWISE_BEZIER_KNOTS.);
#3357 = CARTESIAN_POINT('',(0.635,0.825,2.157));
#3358 = CARTESIAN_POINT('',(0.71,0.75,2.157));
#3359 = CARTESIAN_POINT('',(0.635,-8.445,2.157));
#3360 = CARTESIAN_POINT('',(0.71,-8.37,2.157));
#3361 = ADVANCED_FACE('',(#3362),#3373,.T.);
#3362 = FACE_BOUND('',#3363,.T.);
#3363 = EDGE_LOOP('',(#3364,#3365,#3366,#3372));
#3364 = ORIENTED_EDGE('',*,*,#1963,.T.);
#3365 = ORIENTED_EDGE('',*,*,#1978,.T.);
#3366 = ORIENTED_EDGE('',*,*,#3367,.F.);
#3367 = EDGE_CURVE('',#2836,#1979,#3368,.T.);
#3368 = LINE('',#3369,#3370);
#3369 = CARTESIAN_POINT('',(0.71,-8.37,2.157));
#3370 = VECTOR('',#3371,1.);
#3371 = DIRECTION('',(1.,4.440892098501E-16,0.));
#3372 = ORIENTED_EDGE('',*,*,#2835,.F.);
#3373 = B_SPLINE_SURFACE_WITH_KNOTS('',1,1,(
    (#3374,#3375)
    ,(#3376,#3377
    )),.UNSPECIFIED.,.F.,.F.,.F.,(2,2),(2,2),(0.,6.35),(0.,1.),
  .PIECEWISE_BEZIER_KNOTS.);
#3374 = CARTESIAN_POINT('',(0.635,-8.445,2.157));
#3375 = CARTESIAN_POINT('',(0.71,-8.37,2.157));
#3376 = CARTESIAN_POINT('',(6.985,-8.445,2.157));
#3377 = CARTESIAN_POINT('',(6.91,-8.37,2.157));
#3378 = ADVANCED_FACE('',(#3379),#3430,.T.);
#3379 = FACE_BOUND('',#3380,.T.);
#3380 = EDGE_LOOP('',(#3381,#3382,#3388,#3389,#3395,#3396,#3402,#3403,
    #3409,#3410,#3417,#3425));
#3381 = ORIENTED_EDGE('',*,*,#1994,.T.);
#3382 = ORIENTED_EDGE('',*,*,#3383,.T.);
#3383 = EDGE_CURVE('',#1987,#2305,#3384,.T.);
#3384 = LINE('',#3385,#3386);
#3385 = CARTESIAN_POINT('',(6.91,-8.37,2.157));
#3386 = VECTOR('',#3387,1.);
#3387 = DIRECTION('',(-4.440892098501E-16,1.,0.));
#3388 = ORIENTED_EDGE('',*,*,#2321,.T.);
#3389 = ORIENTED_EDGE('',*,*,#3390,.T.);
#3390 = EDGE_CURVE('',#2314,#2633,#3391,.T.);
#3391 = LINE('',#3392,#3393);
#3392 = CARTESIAN_POINT('',(6.91,-8.37,2.157));
#3393 = VECTOR('',#3394,1.);
#3394 = DIRECTION('',(-4.440892098501E-16,1.,0.));
#3395 = ORIENTED_EDGE('',*,*,#2649,.T.);
#3396 = ORIENTED_EDGE('',*,*,#3397,.T.);
#3397 = EDGE_CURVE('',#2642,#2452,#3398,.T.);
#3398 = LINE('',#3399,#3400);
#3399 = CARTESIAN_POINT('',(6.91,-8.37,2.157));
#3400 = VECTOR('',#3401,1.);
#3401 = DIRECTION('',(-4.440892098501E-16,1.,0.));
#3402 = ORIENTED_EDGE('',*,*,#2468,.T.);
#3403 = ORIENTED_EDGE('',*,*,#3404,.T.);
#3404 = EDGE_CURVE('',#2461,#2125,#3405,.T.);
#3405 = LINE('',#3406,#3407);
#3406 = CARTESIAN_POINT('',(6.91,-8.37,2.157));
#3407 = VECTOR('',#3408,1.);
#3408 = DIRECTION('',(-4.440892098501E-16,1.,0.));
#3409 = ORIENTED_EDGE('',*,*,#2140,.T.);
#3410 = ORIENTED_EDGE('',*,*,#3411,.T.);
#3411 = EDGE_CURVE('',#2134,#3412,#3414,.T.);
#3412 = VERTEX_POINT('',#3413);
#3413 = CARTESIAN_POINT('',(6.586276356577,0.426276356577,3.68));
#3414 = B_SPLINE_CURVE_WITH_KNOTS('',1,(#3415,#3416),.UNSPECIFIED.,.F.,
  .F.,(2,2),(0.,1.),.PIECEWISE_BEZIER_KNOTS.);
#3415 = CARTESIAN_POINT('',(6.91,0.75,2.157));
#3416 = CARTESIAN_POINT('',(6.586276356577,0.426276356577,3.68));
#3417 = ORIENTED_EDGE('',*,*,#3418,.F.);
#3418 = EDGE_CURVE('',#3419,#3412,#3421,.T.);
#3419 = VERTEX_POINT('',#3420);
#3420 = CARTESIAN_POINT('',(6.586276356577,-8.046276356577,3.68));
#3421 = LINE('',#3422,#3423);
#3422 = CARTESIAN_POINT('',(6.586276356577,-8.046276356577,3.68));
#3423 = VECTOR('',#3424,1.);
#3424 = DIRECTION('',(-4.440892098501E-16,1.,0.));
#3425 = ORIENTED_EDGE('',*,*,#3426,.F.);
#3426 = EDGE_CURVE('',#1979,#3419,#3427,.T.);
#3427 = B_SPLINE_CURVE_WITH_KNOTS('',1,(#3428,#3429),.UNSPECIFIED.,.F.,
  .F.,(2,2),(0.,1.),.PIECEWISE_BEZIER_KNOTS.);
#3428 = CARTESIAN_POINT('',(6.91,-8.37,2.157));
#3429 = CARTESIAN_POINT('',(6.586276356577,-8.046276356577,3.68));
#3430 = B_SPLINE_SURFACE_WITH_KNOTS('',1,1,(
    (#3431,#3432)
    ,(#3433,#3434
    )),.UNSPECIFIED.,.F.,.F.,.F.,(2,2),(2,2),(0.,9.12),(0.,1.),
  .PIECEWISE_BEZIER_KNOTS.);
#3431 = CARTESIAN_POINT('',(6.91,-8.37,2.157));
#3432 = CARTESIAN_POINT('',(6.586276356577,-8.046276356577,3.68));
#3433 = CARTESIAN_POINT('',(6.91,0.75,2.157));
#3434 = CARTESIAN_POINT('',(6.586276356577,0.426276356577,3.68));
#3435 = ADVANCED_FACE('',(#3436),#3449,.T.);
#3436 = FACE_BOUND('',#3437,.T.);
#3437 = EDGE_LOOP('',(#3438,#3439,#3440,#3441,#3447,#3448));
#3438 = ORIENTED_EDGE('',*,*,#3383,.F.);
#3439 = ORIENTED_EDGE('',*,*,#1986,.F.);
#3440 = ORIENTED_EDGE('',*,*,#2010,.F.);
#3441 = ORIENTED_EDGE('',*,*,#3442,.F.);
#3442 = EDGE_CURVE('',#2190,#2011,#3443,.T.);
#3443 = LINE('',#3444,#3445);
#3444 = CARTESIAN_POINT('',(7.366,-6.858,2.157));
#3445 = VECTOR('',#3446,1.);
#3446 = DIRECTION('',(3.216245299353E-16,-1.,0.));
#3447 = ORIENTED_EDGE('',*,*,#2198,.F.);
#3448 = ORIENTED_EDGE('',*,*,#2304,.F.);
#3449 = PLANE('',#3450);
#3450 = AXIS2_PLACEMENT_3D('',#3451,#3452,#3453);
#3451 = CARTESIAN_POINT('',(3.81,-7.8485,2.157));
#3452 = DIRECTION('',(0.,0.,1.));
#3453 = DIRECTION('',(-4.440892098501E-16,1.,0.));
#3454 = ADVANCED_FACE('',(#3455),#3498,.T.);
#3455 = FACE_BOUND('',#3456,.T.);
#3456 = EDGE_LOOP('',(#3457,#3458,#3459,#3460,#3468,#3476,#3484,#3492));
#3457 = ORIENTED_EDGE('',*,*,#2043,.F.);
#3458 = ORIENTED_EDGE('',*,*,#2212,.T.);
#3459 = ORIENTED_EDGE('',*,*,#2165,.F.);
#3460 = ORIENTED_EDGE('',*,*,#3461,.F.);
#3461 = EDGE_CURVE('',#3462,#2166,#3464,.T.);
#3462 = VERTEX_POINT('',#3463);
#3463 = CARTESIAN_POINT('',(7.493,-7.3915,0.));
#3464 = LINE('',#3465,#3466);
#3465 = CARTESIAN_POINT('',(7.493,-7.3915,0.));
#3466 = VECTOR('',#3467,1.);
#3467 = DIRECTION('',(-3.216245299353E-16,1.,0.));
#3468 = ORIENTED_EDGE('',*,*,#3469,.F.);
#3469 = EDGE_CURVE('',#3470,#3462,#3472,.T.);
#3470 = VERTEX_POINT('',#3471);
#3471 = CARTESIAN_POINT('',(7.493,-7.3915,-2.843));
#3472 = LINE('',#3473,#3474);
#3473 = CARTESIAN_POINT('',(7.493,-7.3915,-2.843));
#3474 = VECTOR('',#3475,1.);
#3475 = DIRECTION('',(0.,0.,1.));
#3476 = ORIENTED_EDGE('',*,*,#3477,.F.);
#3477 = EDGE_CURVE('',#3478,#3470,#3480,.T.);
#3478 = VERTEX_POINT('',#3479);
#3479 = CARTESIAN_POINT('',(7.493,-7.50575,-3.3));
#3480 = LINE('',#3481,#3482);
#3481 = CARTESIAN_POINT('',(7.493,-7.50575,-3.3));
#3482 = VECTOR('',#3483,1.);
#3483 = DIRECTION('',(-7.800540639491E-17,0.242535625036,0.970142500145)
  );
#3484 = ORIENTED_EDGE('',*,*,#3485,.F.);
#3485 = EDGE_CURVE('',#3486,#3478,#3488,.T.);
#3486 = VERTEX_POINT('',#3487);
#3487 = CARTESIAN_POINT('',(7.493,-7.73425,-3.3));
#3488 = LINE('',#3489,#3490);
#3489 = CARTESIAN_POINT('',(7.493,-7.73425,-3.3));
#3490 = VECTOR('',#3491,1.);
#3491 = DIRECTION('',(-3.216245299353E-16,1.,0.));
#3492 = ORIENTED_EDGE('',*,*,#3493,.F.);
#3493 = EDGE_CURVE('',#2036,#3486,#3494,.T.);
#3494 = LINE('',#3495,#3496);
#3495 = CARTESIAN_POINT('',(7.493,-7.8485,-2.843));
#3496 = VECTOR('',#3497,1.);
#3497 = DIRECTION('',(-7.800540639491E-17,0.242535625036,-0.970142500145
    ));
#3498 = PLANE('',#3499);
#3499 = AXIS2_PLACEMENT_3D('',#3500,#3501,#3502);
#3500 = CARTESIAN_POINT('',(7.493,-7.8485,2.157));
#3501 = DIRECTION('',(-1.,-3.216245299353E-16,0.));
#3502 = DIRECTION('',(-0.,0.,-1.));
#3503 = ADVANCED_FACE('',(#3504),#3522,.T.);
#3504 = FACE_BOUND('',#3505,.T.);
#3505 = EDGE_LOOP('',(#3506,#3507,#3508,#3516));
#3506 = ORIENTED_EDGE('',*,*,#2035,.T.);
#3507 = ORIENTED_EDGE('',*,*,#3493,.T.);
#3508 = ORIENTED_EDGE('',*,*,#3509,.F.);
#3509 = EDGE_CURVE('',#3510,#3486,#3512,.T.);
#3510 = VERTEX_POINT('',#3511);
#3511 = CARTESIAN_POINT('',(7.747,-7.73425,-3.3));
#3512 = LINE('',#3513,#3514);
#3513 = CARTESIAN_POINT('',(7.747,-7.73425,-3.3));
#3514 = VECTOR('',#3515,1.);
#3515 = DIRECTION('',(-1.,-3.216245299353E-16,0.));
#3516 = ORIENTED_EDGE('',*,*,#3517,.F.);
#3517 = EDGE_CURVE('',#2028,#3510,#3518,.T.);
#3518 = LINE('',#3519,#3520);
#3519 = CARTESIAN_POINT('',(7.747,-7.8485,-2.843));
#3520 = VECTOR('',#3521,1.);
#3521 = DIRECTION('',(-7.800540639491E-17,0.242535625036,-0.970142500145
    ));
#3522 = PLANE('',#3523);
#3523 = AXIS2_PLACEMENT_3D('',#3524,#3525,#3526);
#3524 = CARTESIAN_POINT('',(7.747,-7.8485,-2.843));
#3525 = DIRECTION('',(3.120216255796E-16,-0.970142500145,-0.242535625036
    ));
#3526 = DIRECTION('',(-7.800540639491E-17,0.242535625036,-0.970142500145
    ));
#3527 = ADVANCED_FACE('',(#3528),#3569,.F.);
#3528 = FACE_BOUND('',#3529,.F.);
#3529 = EDGE_LOOP('',(#3530,#3531,#3537,#3538,#3546,#3554,#3562,#3568));
#3530 = ORIENTED_EDGE('',*,*,#2027,.F.);
#3531 = ORIENTED_EDGE('',*,*,#3532,.F.);
#3532 = EDGE_CURVE('',#2182,#2019,#3533,.T.);
#3533 = LINE('',#3534,#3535);
#3534 = CARTESIAN_POINT('',(7.747,-6.858,1.776));
#3535 = VECTOR('',#3536,1.);
#3536 = DIRECTION('',(3.216245299353E-16,-1.,0.));
#3537 = ORIENTED_EDGE('',*,*,#2181,.F.);
#3538 = ORIENTED_EDGE('',*,*,#3539,.F.);
#3539 = EDGE_CURVE('',#3540,#2174,#3542,.T.);
#3540 = VERTEX_POINT('',#3541);
#3541 = CARTESIAN_POINT('',(7.747,-7.3915,0.));
#3542 = LINE('',#3543,#3544);
#3543 = CARTESIAN_POINT('',(7.747,-7.3915,0.));
#3544 = VECTOR('',#3545,1.);
#3545 = DIRECTION('',(-3.216245299353E-16,1.,0.));
#3546 = ORIENTED_EDGE('',*,*,#3547,.F.);
#3547 = EDGE_CURVE('',#3548,#3540,#3550,.T.);
#3548 = VERTEX_POINT('',#3549);
#3549 = CARTESIAN_POINT('',(7.747,-7.3915,-2.843));
#3550 = LINE('',#3551,#3552);
#3551 = CARTESIAN_POINT('',(7.747,-7.3915,-2.843));
#3552 = VECTOR('',#3553,1.);
#3553 = DIRECTION('',(0.,0.,1.));
#3554 = ORIENTED_EDGE('',*,*,#3555,.F.);
#3555 = EDGE_CURVE('',#3556,#3548,#3558,.T.);
#3556 = VERTEX_POINT('',#3557);
#3557 = CARTESIAN_POINT('',(7.747,-7.50575,-3.3));
#3558 = LINE('',#3559,#3560);
#3559 = CARTESIAN_POINT('',(7.747,-7.50575,-3.3));
#3560 = VECTOR('',#3561,1.);
#3561 = DIRECTION('',(-7.800540639491E-17,0.242535625036,0.970142500145)
  );
#3562 = ORIENTED_EDGE('',*,*,#3563,.F.);
#3563 = EDGE_CURVE('',#3510,#3556,#3564,.T.);
#3564 = LINE('',#3565,#3566);
#3565 = CARTESIAN_POINT('',(7.747,-7.73425,-3.3));
#3566 = VECTOR('',#3567,1.);
#3567 = DIRECTION('',(-3.216245299353E-16,1.,0.));
#3568 = ORIENTED_EDGE('',*,*,#3517,.F.);
#3569 = PLANE('',#3570);
#3570 = AXIS2_PLACEMENT_3D('',#3571,#3572,#3573);
#3571 = CARTESIAN_POINT('',(7.747,-7.8485,2.157));
#3572 = DIRECTION('',(-1.,-3.216245299353E-16,0.));
#3573 = DIRECTION('',(-0.,0.,-1.));
#3574 = ADVANCED_FACE('',(#3575),#3581,.T.);
#3575 = FACE_BOUND('',#3576,.T.);
#3576 = EDGE_LOOP('',(#3577,#3578,#3579,#3580));
#3577 = ORIENTED_EDGE('',*,*,#3442,.T.);
#3578 = ORIENTED_EDGE('',*,*,#2018,.T.);
#3579 = ORIENTED_EDGE('',*,*,#3532,.F.);
#3580 = ORIENTED_EDGE('',*,*,#2189,.F.);
#3581 = CYLINDRICAL_SURFACE('',#3582,0.381);
#3582 = AXIS2_PLACEMENT_3D('',#3583,#3584,#3585);
#3583 = CARTESIAN_POINT('',(7.366,-6.858,1.776));
#3584 = DIRECTION('',(3.216245299353E-16,-1.,0.));
#3585 = DIRECTION('',(0.,0.,1.));
#3586 = ADVANCED_FACE('',(#3587),#3600,.T.);
#3587 = FACE_BOUND('',#3588,.T.);
#3588 = EDGE_LOOP('',(#3589,#3590,#3591,#3592,#3598,#3599));
#3589 = ORIENTED_EDGE('',*,*,#3404,.F.);
#3590 = ORIENTED_EDGE('',*,*,#2460,.F.);
#3591 = ORIENTED_EDGE('',*,*,#2290,.F.);
#3592 = ORIENTED_EDGE('',*,*,#3593,.F.);
#3593 = EDGE_CURVE('',#2102,#2282,#3594,.T.);
#3594 = LINE('',#3595,#3596);
#3595 = CARTESIAN_POINT('',(7.366,0.2285,2.157));
#3596 = VECTOR('',#3597,1.);
#3597 = DIRECTION('',(3.216245299353E-16,-1.,0.));
#3598 = ORIENTED_EDGE('',*,*,#2110,.F.);
#3599 = ORIENTED_EDGE('',*,*,#2124,.F.);
#3600 = PLANE('',#3601);
#3601 = AXIS2_PLACEMENT_3D('',#3602,#3603,#3604);
#3602 = CARTESIAN_POINT('',(3.81,-0.762,2.157));
#3603 = DIRECTION('',(0.,0.,1.));
#3604 = DIRECTION('',(-4.440892098501E-16,1.,0.));
#3605 = ADVANCED_FACE('',(#3606),#3617,.T.);
#3606 = FACE_BOUND('',#3607,.T.);
#3607 = EDGE_LOOP('',(#3608,#3609,#3610,#3611));
#3608 = ORIENTED_EDGE('',*,*,#2101,.T.);
#3609 = ORIENTED_EDGE('',*,*,#3593,.T.);
#3610 = ORIENTED_EDGE('',*,*,#2281,.F.);
#3611 = ORIENTED_EDGE('',*,*,#3612,.F.);
#3612 = EDGE_CURVE('',#2094,#2274,#3613,.T.);
#3613 = LINE('',#3614,#3615);
#3614 = CARTESIAN_POINT('',(7.747,0.2285,1.776));
#3615 = VECTOR('',#3616,1.);
#3616 = DIRECTION('',(3.216245299353E-16,-1.,0.));
#3617 = CYLINDRICAL_SURFACE('',#3618,0.381);
#3618 = AXIS2_PLACEMENT_3D('',#3619,#3620,#3621);
#3619 = CARTESIAN_POINT('',(7.366,0.2285,1.776));
#3620 = DIRECTION('',(3.216245299353E-16,-1.,0.));
#3621 = DIRECTION('',(1.,3.216245299353E-16,0.));
#3622 = ADVANCED_FACE('',(#3623),#3666,.T.);
#3623 = FACE_BOUND('',#3624,.T.);
#3624 = EDGE_LOOP('',(#3625,#3626,#3627,#3628,#3636,#3644,#3652,#3660));
#3625 = ORIENTED_EDGE('',*,*,#2093,.F.);
#3626 = ORIENTED_EDGE('',*,*,#3612,.T.);
#3627 = ORIENTED_EDGE('',*,*,#2273,.F.);
#3628 = ORIENTED_EDGE('',*,*,#3629,.F.);
#3629 = EDGE_CURVE('',#3630,#2266,#3632,.T.);
#3630 = VERTEX_POINT('',#3631);
#3631 = CARTESIAN_POINT('',(7.747,-0.2285,0.));
#3632 = LINE('',#3633,#3634);
#3633 = CARTESIAN_POINT('',(7.747,-0.2285,0.));
#3634 = VECTOR('',#3635,1.);
#3635 = DIRECTION('',(3.216245299353E-16,-1.,0.));
#3636 = ORIENTED_EDGE('',*,*,#3637,.F.);
#3637 = EDGE_CURVE('',#3638,#3630,#3640,.T.);
#3638 = VERTEX_POINT('',#3639);
#3639 = CARTESIAN_POINT('',(7.747,-0.2285,-2.843));
#3640 = LINE('',#3641,#3642);
#3641 = CARTESIAN_POINT('',(7.747,-0.2285,-2.843));
#3642 = VECTOR('',#3643,1.);
#3643 = DIRECTION('',(0.,0.,1.));
#3644 = ORIENTED_EDGE('',*,*,#3645,.F.);
#3645 = EDGE_CURVE('',#3646,#3638,#3648,.T.);
#3646 = VERTEX_POINT('',#3647);
#3647 = CARTESIAN_POINT('',(7.747,-0.11425,-3.3));
#3648 = LINE('',#3649,#3650);
#3649 = CARTESIAN_POINT('',(7.747,-0.11425,-3.3));
#3650 = VECTOR('',#3651,1.);
#3651 = DIRECTION('',(7.800540639491E-17,-0.242535625036,0.970142500145)
  );
#3652 = ORIENTED_EDGE('',*,*,#3653,.F.);
#3653 = EDGE_CURVE('',#3654,#3646,#3656,.T.);
#3654 = VERTEX_POINT('',#3655);
#3655 = CARTESIAN_POINT('',(7.747,0.11425,-3.3));
#3656 = LINE('',#3657,#3658);
#3657 = CARTESIAN_POINT('',(7.747,0.11425,-3.3));
#3658 = VECTOR('',#3659,1.);
#3659 = DIRECTION('',(3.216245299353E-16,-1.,0.));
#3660 = ORIENTED_EDGE('',*,*,#3661,.F.);
#3661 = EDGE_CURVE('',#2086,#3654,#3662,.T.);
#3662 = LINE('',#3663,#3664);
#3663 = CARTESIAN_POINT('',(7.747,0.2285,-2.843));
#3664 = VECTOR('',#3665,1.);
#3665 = DIRECTION('',(7.800540639491E-17,-0.242535625036,-0.970142500145
    ));
#3666 = PLANE('',#3667);
#3667 = AXIS2_PLACEMENT_3D('',#3668,#3669,#3670);
#3668 = CARTESIAN_POINT('',(7.747,0.2285,2.157));
#3669 = DIRECTION('',(1.,3.216245299353E-16,0.));
#3670 = DIRECTION('',(0.,-0.,1.));
#3671 = ADVANCED_FACE('',(#3672),#3690,.F.);
#3672 = FACE_BOUND('',#3673,.F.);
#3673 = EDGE_LOOP('',(#3674,#3675,#3683,#3689));
#3674 = ORIENTED_EDGE('',*,*,#2085,.T.);
#3675 = ORIENTED_EDGE('',*,*,#3676,.T.);
#3676 = EDGE_CURVE('',#2078,#3677,#3679,.T.);
#3677 = VERTEX_POINT('',#3678);
#3678 = CARTESIAN_POINT('',(7.493,0.11425,-3.3));
#3679 = LINE('',#3680,#3681);
#3680 = CARTESIAN_POINT('',(7.493,0.2285,-2.843));
#3681 = VECTOR('',#3682,1.);
#3682 = DIRECTION('',(7.800540639491E-17,-0.242535625036,-0.970142500145
    ));
#3683 = ORIENTED_EDGE('',*,*,#3684,.F.);
#3684 = EDGE_CURVE('',#3654,#3677,#3685,.T.);
#3685 = LINE('',#3686,#3687);
#3686 = CARTESIAN_POINT('',(7.747,0.11425,-3.3));
#3687 = VECTOR('',#3688,1.);
#3688 = DIRECTION('',(-1.,-3.216245299353E-16,0.));
#3689 = ORIENTED_EDGE('',*,*,#3661,.F.);
#3690 = PLANE('',#3691);
#3691 = AXIS2_PLACEMENT_3D('',#3692,#3693,#3694);
#3692 = CARTESIAN_POINT('',(7.747,0.2285,-2.843));
#3693 = DIRECTION('',(3.120216255796E-16,-0.970142500145,0.242535625036)
  );
#3694 = DIRECTION('',(7.800540639491E-17,-0.242535625036,-0.970142500145
    ));
#3695 = ADVANCED_FACE('',(#3696),#3732,.F.);
#3696 = FACE_BOUND('',#3697,.F.);
#3697 = EDGE_LOOP('',(#3698,#3699,#3700,#3701,#3709,#3717,#3725,#3731));
#3698 = ORIENTED_EDGE('',*,*,#2077,.F.);
#3699 = ORIENTED_EDGE('',*,*,#2240,.T.);
#3700 = ORIENTED_EDGE('',*,*,#2257,.F.);
#3701 = ORIENTED_EDGE('',*,*,#3702,.F.);
#3702 = EDGE_CURVE('',#3703,#2258,#3705,.T.);
#3703 = VERTEX_POINT('',#3704);
#3704 = CARTESIAN_POINT('',(7.493,-0.2285,0.));
#3705 = LINE('',#3706,#3707);
#3706 = CARTESIAN_POINT('',(7.493,-0.2285,0.));
#3707 = VECTOR('',#3708,1.);
#3708 = DIRECTION('',(3.216245299353E-16,-1.,0.));
#3709 = ORIENTED_EDGE('',*,*,#3710,.F.);
#3710 = EDGE_CURVE('',#3711,#3703,#3713,.T.);
#3711 = VERTEX_POINT('',#3712);
#3712 = CARTESIAN_POINT('',(7.493,-0.2285,-2.843));
#3713 = LINE('',#3714,#3715);
#3714 = CARTESIAN_POINT('',(7.493,-0.2285,-2.843));
#3715 = VECTOR('',#3716,1.);
#3716 = DIRECTION('',(0.,0.,1.));
#3717 = ORIENTED_EDGE('',*,*,#3718,.F.);
#3718 = EDGE_CURVE('',#3719,#3711,#3721,.T.);
#3719 = VERTEX_POINT('',#3720);
#3720 = CARTESIAN_POINT('',(7.493,-0.11425,-3.3));
#3721 = LINE('',#3722,#3723);
#3722 = CARTESIAN_POINT('',(7.493,-0.11425,-3.3));
#3723 = VECTOR('',#3724,1.);
#3724 = DIRECTION('',(7.800540639491E-17,-0.242535625036,0.970142500145)
  );
#3725 = ORIENTED_EDGE('',*,*,#3726,.F.);
#3726 = EDGE_CURVE('',#3677,#3719,#3727,.T.);
#3727 = LINE('',#3728,#3729);
#3728 = CARTESIAN_POINT('',(7.493,0.11425,-3.3));
#3729 = VECTOR('',#3730,1.);
#3730 = DIRECTION('',(3.216245299353E-16,-1.,0.));
#3731 = ORIENTED_EDGE('',*,*,#3676,.F.);
#3732 = PLANE('',#3733);
#3733 = AXIS2_PLACEMENT_3D('',#3734,#3735,#3736);
#3734 = CARTESIAN_POINT('',(7.493,0.2285,2.157));
#3735 = DIRECTION('',(1.,3.216245299353E-16,0.));
#3736 = DIRECTION('',(0.,-0.,1.));
#3737 = ADVANCED_FACE('',(#3738),#3749,.T.);
#3738 = FACE_BOUND('',#3739,.T.);
#3739 = EDGE_LOOP('',(#3740,#3746,#3747,#3748));
#3740 = ORIENTED_EDGE('',*,*,#3741,.T.);
#3741 = EDGE_CURVE('',#3540,#3462,#3742,.T.);
#3742 = LINE('',#3743,#3744);
#3743 = CARTESIAN_POINT('',(7.747,-7.3915,0.));
#3744 = VECTOR('',#3745,1.);
#3745 = DIRECTION('',(-1.,-3.216245299353E-16,0.));
#3746 = ORIENTED_EDGE('',*,*,#3461,.T.);
#3747 = ORIENTED_EDGE('',*,*,#2173,.F.);
#3748 = ORIENTED_EDGE('',*,*,#3539,.F.);
#3749 = PLANE('',#3750);
#3750 = AXIS2_PLACEMENT_3D('',#3751,#3752,#3753);
#3751 = CARTESIAN_POINT('',(7.747,-7.3915,0.));
#3752 = DIRECTION('',(-0.,0.,-1.));
#3753 = DIRECTION('',(-3.216245299353E-16,1.,0.));
#3754 = ADVANCED_FACE('',(#3755),#3766,.F.);
#3755 = FACE_BOUND('',#3756,.F.);
#3756 = EDGE_LOOP('',(#3757,#3763,#3764,#3765));
#3757 = ORIENTED_EDGE('',*,*,#3758,.T.);
#3758 = EDGE_CURVE('',#3630,#3703,#3759,.T.);
#3759 = LINE('',#3760,#3761);
#3760 = CARTESIAN_POINT('',(7.747,-0.2285,0.));
#3761 = VECTOR('',#3762,1.);
#3762 = DIRECTION('',(-1.,-3.216245299353E-16,0.));
#3763 = ORIENTED_EDGE('',*,*,#3702,.T.);
#3764 = ORIENTED_EDGE('',*,*,#2265,.F.);
#3765 = ORIENTED_EDGE('',*,*,#3629,.F.);
#3766 = PLANE('',#3767);
#3767 = AXIS2_PLACEMENT_3D('',#3768,#3769,#3770);
#3768 = CARTESIAN_POINT('',(7.747,-0.2285,0.));
#3769 = DIRECTION('',(0.,0.,1.));
#3770 = DIRECTION('',(3.216245299353E-16,-1.,0.));
#3771 = ADVANCED_FACE('',(#3772),#3785,.T.);
#3772 = FACE_BOUND('',#3773,.T.);
#3773 = EDGE_LOOP('',(#3774,#3775,#3776,#3777,#3783,#3784));
#3774 = ORIENTED_EDGE('',*,*,#3390,.F.);
#3775 = ORIENTED_EDGE('',*,*,#2313,.F.);
#3776 = ORIENTED_EDGE('',*,*,#2337,.F.);
#3777 = ORIENTED_EDGE('',*,*,#3778,.F.);
#3778 = EDGE_CURVE('',#2485,#2338,#3779,.T.);
#3779 = LINE('',#3780,#3781);
#3780 = CARTESIAN_POINT('',(7.366,-4.318,2.157));
#3781 = VECTOR('',#3782,1.);
#3782 = DIRECTION('',(3.216245299353E-16,-1.,0.));
#3783 = ORIENTED_EDGE('',*,*,#2484,.F.);
#3784 = ORIENTED_EDGE('',*,*,#2632,.F.);
#3785 = PLANE('',#3786);
#3786 = AXIS2_PLACEMENT_3D('',#3787,#3788,#3789);
#3787 = CARTESIAN_POINT('',(3.683,-5.842,2.157));
#3788 = DIRECTION('',(0.,0.,1.));
#3789 = DIRECTION('',(-4.440892098501E-16,1.,0.));
#3790 = ADVANCED_FACE('',(#3791),#3850,.T.);
#3791 = FACE_BOUND('',#3792,.T.);
#3792 = EDGE_LOOP('',(#3793,#3794,#3795,#3796,#3804,#3812,#3820,#3828,
    #3836,#3844));
#3793 = ORIENTED_EDGE('',*,*,#2370,.F.);
#3794 = ORIENTED_EDGE('',*,*,#2540,.T.);
#3795 = ORIENTED_EDGE('',*,*,#2517,.F.);
#3796 = ORIENTED_EDGE('',*,*,#3797,.F.);
#3797 = EDGE_CURVE('',#3798,#2510,#3800,.T.);
#3798 = VERTEX_POINT('',#3799);
#3799 = CARTESIAN_POINT('',(7.493,-4.8515,0.));
#3800 = LINE('',#3801,#3802);
#3801 = CARTESIAN_POINT('',(7.493,-4.8515,0.));
#3802 = VECTOR('',#3803,1.);
#3803 = DIRECTION('',(-3.216245299353E-16,1.,0.));
#3804 = ORIENTED_EDGE('',*,*,#3805,.F.);
#3805 = EDGE_CURVE('',#3806,#3798,#3808,.T.);
#3806 = VERTEX_POINT('',#3807);
#3807 = CARTESIAN_POINT('',(7.493,-4.8515,-2.843));
#3808 = LINE('',#3809,#3810);
#3809 = CARTESIAN_POINT('',(7.493,-4.8515,-2.843));
#3810 = VECTOR('',#3811,1.);
#3811 = DIRECTION('',(0.,0.,1.));
#3812 = ORIENTED_EDGE('',*,*,#3813,.F.);
#3813 = EDGE_CURVE('',#3814,#3806,#3816,.T.);
#3814 = VERTEX_POINT('',#3815);
#3815 = CARTESIAN_POINT('',(7.493,-4.96575,-3.3));
#3816 = LINE('',#3817,#3818);
#3817 = CARTESIAN_POINT('',(7.493,-4.96575,-3.3));
#3818 = VECTOR('',#3819,1.);
#3819 = DIRECTION('',(-7.800540639491E-17,0.242535625036,0.970142500145)
  );
#3820 = ORIENTED_EDGE('',*,*,#3821,.F.);
#3821 = EDGE_CURVE('',#3822,#3814,#3824,.T.);
#3822 = VERTEX_POINT('',#3823);
#3823 = CARTESIAN_POINT('',(7.493,-5.19425,-3.3));
#3824 = LINE('',#3825,#3826);
#3825 = CARTESIAN_POINT('',(7.493,-5.19425,-3.3));
#3826 = VECTOR('',#3827,1.);
#3827 = DIRECTION('',(-3.216245299353E-16,1.,0.));
#3828 = ORIENTED_EDGE('',*,*,#3829,.F.);
#3829 = EDGE_CURVE('',#3830,#3822,#3832,.T.);
#3830 = VERTEX_POINT('',#3831);
#3831 = CARTESIAN_POINT('',(7.493,-5.3085,-2.843));
#3832 = LINE('',#3833,#3834);
#3833 = CARTESIAN_POINT('',(7.493,-5.3085,-2.843));
#3834 = VECTOR('',#3835,1.);
#3835 = DIRECTION('',(-7.800540639491E-17,0.242535625036,-0.970142500145
    ));
#3836 = ORIENTED_EDGE('',*,*,#3837,.F.);
#3837 = EDGE_CURVE('',#3838,#3830,#3840,.T.);
#3838 = VERTEX_POINT('',#3839);
#3839 = CARTESIAN_POINT('',(7.493,-5.3085,0.));
#3840 = LINE('',#3841,#3842);
#3841 = CARTESIAN_POINT('',(7.493,-5.3085,0.));
#3842 = VECTOR('',#3843,1.);
#3843 = DIRECTION('',(0.,0.,-1.));
#3844 = ORIENTED_EDGE('',*,*,#3845,.F.);
#3845 = EDGE_CURVE('',#2363,#3838,#3846,.T.);
#3846 = LINE('',#3847,#3848);
#3847 = CARTESIAN_POINT('',(7.493,-5.842,0.));
#3848 = VECTOR('',#3849,1.);
#3849 = DIRECTION('',(-3.216245299353E-16,1.,0.));
#3850 = PLANE('',#3851);
#3851 = AXIS2_PLACEMENT_3D('',#3852,#3853,#3854);
#3852 = CARTESIAN_POINT('',(7.493,-5.842,2.157));
#3853 = DIRECTION('',(-1.,-3.216245299353E-16,0.));
#3854 = DIRECTION('',(-0.,0.,-1.));
#3855 = ADVANCED_FACE('',(#3856),#3874,.T.);
#3856 = FACE_BOUND('',#3857,.T.);
#3857 = EDGE_LOOP('',(#3858,#3859,#3860,#3868));
#3858 = ORIENTED_EDGE('',*,*,#2362,.T.);
#3859 = ORIENTED_EDGE('',*,*,#3845,.T.);
#3860 = ORIENTED_EDGE('',*,*,#3861,.F.);
#3861 = EDGE_CURVE('',#3862,#3838,#3864,.T.);
#3862 = VERTEX_POINT('',#3863);
#3863 = CARTESIAN_POINT('',(7.747,-5.3085,0.));
#3864 = LINE('',#3865,#3866);
#3865 = CARTESIAN_POINT('',(7.747,-5.3085,0.));
#3866 = VECTOR('',#3867,1.);
#3867 = DIRECTION('',(-1.,-3.216245299353E-16,0.));
#3868 = ORIENTED_EDGE('',*,*,#3869,.F.);
#3869 = EDGE_CURVE('',#2355,#3862,#3870,.T.);
#3870 = LINE('',#3871,#3872);
#3871 = CARTESIAN_POINT('',(7.747,-5.842,0.));
#3872 = VECTOR('',#3873,1.);
#3873 = DIRECTION('',(-3.216245299353E-16,1.,0.));
#3874 = PLANE('',#3875);
#3875 = AXIS2_PLACEMENT_3D('',#3876,#3877,#3878);
#3876 = CARTESIAN_POINT('',(7.747,-5.842,0.));
#3877 = DIRECTION('',(-0.,0.,-1.));
#3878 = DIRECTION('',(-3.216245299353E-16,1.,0.));
#3879 = ADVANCED_FACE('',(#3880),#3937,.F.);
#3880 = FACE_BOUND('',#3881,.F.);
#3881 = EDGE_LOOP('',(#3882,#3883,#3889,#3890,#3898,#3906,#3914,#3922,
    #3930,#3936));
#3882 = ORIENTED_EDGE('',*,*,#2354,.F.);
#3883 = ORIENTED_EDGE('',*,*,#3884,.F.);
#3884 = EDGE_CURVE('',#2493,#2346,#3885,.T.);
#3885 = LINE('',#3886,#3887);
#3886 = CARTESIAN_POINT('',(7.747,-4.318,1.776));
#3887 = VECTOR('',#3888,1.);
#3888 = DIRECTION('',(3.216245299353E-16,-1.,0.));
#3889 = ORIENTED_EDGE('',*,*,#2501,.F.);
#3890 = ORIENTED_EDGE('',*,*,#3891,.F.);
#3891 = EDGE_CURVE('',#3892,#2502,#3894,.T.);
#3892 = VERTEX_POINT('',#3893);
#3893 = CARTESIAN_POINT('',(7.747,-4.8515,0.));
#3894 = LINE('',#3895,#3896);
#3895 = CARTESIAN_POINT('',(7.747,-4.8515,0.));
#3896 = VECTOR('',#3897,1.);
#3897 = DIRECTION('',(-3.216245299353E-16,1.,0.));
#3898 = ORIENTED_EDGE('',*,*,#3899,.F.);
#3899 = EDGE_CURVE('',#3900,#3892,#3902,.T.);
#3900 = VERTEX_POINT('',#3901);
#3901 = CARTESIAN_POINT('',(7.747,-4.8515,-2.843));
#3902 = LINE('',#3903,#3904);
#3903 = CARTESIAN_POINT('',(7.747,-4.8515,-2.843));
#3904 = VECTOR('',#3905,1.);
#3905 = DIRECTION('',(0.,0.,1.));
#3906 = ORIENTED_EDGE('',*,*,#3907,.F.);
#3907 = EDGE_CURVE('',#3908,#3900,#3910,.T.);
#3908 = VERTEX_POINT('',#3909);
#3909 = CARTESIAN_POINT('',(7.747,-4.96575,-3.3));
#3910 = LINE('',#3911,#3912);
#3911 = CARTESIAN_POINT('',(7.747,-4.96575,-3.3));
#3912 = VECTOR('',#3913,1.);
#3913 = DIRECTION('',(-7.800540639491E-17,0.242535625036,0.970142500145)
  );
#3914 = ORIENTED_EDGE('',*,*,#3915,.F.);
#3915 = EDGE_CURVE('',#3916,#3908,#3918,.T.);
#3916 = VERTEX_POINT('',#3917);
#3917 = CARTESIAN_POINT('',(7.747,-5.19425,-3.3));
#3918 = LINE('',#3919,#3920);
#3919 = CARTESIAN_POINT('',(7.747,-5.19425,-3.3));
#3920 = VECTOR('',#3921,1.);
#3921 = DIRECTION('',(-3.216245299353E-16,1.,0.));
#3922 = ORIENTED_EDGE('',*,*,#3923,.F.);
#3923 = EDGE_CURVE('',#3924,#3916,#3926,.T.);
#3924 = VERTEX_POINT('',#3925);
#3925 = CARTESIAN_POINT('',(7.747,-5.3085,-2.843));
#3926 = LINE('',#3927,#3928);
#3927 = CARTESIAN_POINT('',(7.747,-5.3085,-2.843));
#3928 = VECTOR('',#3929,1.);
#3929 = DIRECTION('',(-7.800540639491E-17,0.242535625036,-0.970142500145
    ));
#3930 = ORIENTED_EDGE('',*,*,#3931,.F.);
#3931 = EDGE_CURVE('',#3862,#3924,#3932,.T.);
#3932 = LINE('',#3933,#3934);
#3933 = CARTESIAN_POINT('',(7.747,-5.3085,0.));
#3934 = VECTOR('',#3935,1.);
#3935 = DIRECTION('',(0.,0.,-1.));
#3936 = ORIENTED_EDGE('',*,*,#3869,.F.);
#3937 = PLANE('',#3938);
#3938 = AXIS2_PLACEMENT_3D('',#3939,#3940,#3941);
#3939 = CARTESIAN_POINT('',(7.747,-5.842,2.157));
#3940 = DIRECTION('',(-1.,-3.216245299353E-16,0.));
#3941 = DIRECTION('',(-0.,0.,-1.));
#3942 = ADVANCED_FACE('',(#3943),#3949,.T.);
#3943 = FACE_BOUND('',#3944,.T.);
#3944 = EDGE_LOOP('',(#3945,#3946,#3947,#3948));
#3945 = ORIENTED_EDGE('',*,*,#3778,.T.);
#3946 = ORIENTED_EDGE('',*,*,#2345,.T.);
#3947 = ORIENTED_EDGE('',*,*,#3884,.F.);
#3948 = ORIENTED_EDGE('',*,*,#2492,.F.);
#3949 = CYLINDRICAL_SURFACE('',#3950,0.381);
#3950 = AXIS2_PLACEMENT_3D('',#3951,#3952,#3953);
#3951 = CARTESIAN_POINT('',(7.366,-4.318,1.776));
#3952 = DIRECTION('',(3.216245299353E-16,-1.,0.));
#3953 = DIRECTION('',(0.,0.,1.));
#3954 = ADVANCED_FACE('',(#3955),#4014,.T.);
#3955 = FACE_BOUND('',#3956,.T.);
#3956 = EDGE_LOOP('',(#3957,#3958,#3959,#3960,#3968,#3976,#3984,#3992,
    #4000,#4008));
#3957 = ORIENTED_EDGE('',*,*,#2617,.F.);
#3958 = ORIENTED_EDGE('',*,*,#2557,.T.);
#3959 = ORIENTED_EDGE('',*,*,#2428,.F.);
#3960 = ORIENTED_EDGE('',*,*,#3961,.F.);
#3961 = EDGE_CURVE('',#3962,#2421,#3964,.T.);
#3962 = VERTEX_POINT('',#3963);
#3963 = CARTESIAN_POINT('',(7.493,-2.3115,0.));
#3964 = LINE('',#3965,#3966);
#3965 = CARTESIAN_POINT('',(7.493,-2.3115,0.));
#3966 = VECTOR('',#3967,1.);
#3967 = DIRECTION('',(-3.216245299353E-16,1.,0.));
#3968 = ORIENTED_EDGE('',*,*,#3969,.F.);
#3969 = EDGE_CURVE('',#3970,#3962,#3972,.T.);
#3970 = VERTEX_POINT('',#3971);
#3971 = CARTESIAN_POINT('',(7.493,-2.3115,-2.843));
#3972 = LINE('',#3973,#3974);
#3973 = CARTESIAN_POINT('',(7.493,-2.3115,-2.843));
#3974 = VECTOR('',#3975,1.);
#3975 = DIRECTION('',(0.,0.,1.));
#3976 = ORIENTED_EDGE('',*,*,#3977,.F.);
#3977 = EDGE_CURVE('',#3978,#3970,#3980,.T.);
#3978 = VERTEX_POINT('',#3979);
#3979 = CARTESIAN_POINT('',(7.493,-2.42575,-3.3));
#3980 = LINE('',#3981,#3982);
#3981 = CARTESIAN_POINT('',(7.493,-2.42575,-3.3));
#3982 = VECTOR('',#3983,1.);
#3983 = DIRECTION('',(-7.800540639491E-17,0.242535625036,0.970142500145)
  );
#3984 = ORIENTED_EDGE('',*,*,#3985,.F.);
#3985 = EDGE_CURVE('',#3986,#3978,#3988,.T.);
#3986 = VERTEX_POINT('',#3987);
#3987 = CARTESIAN_POINT('',(7.493,-2.65425,-3.3));
#3988 = LINE('',#3989,#3990);
#3989 = CARTESIAN_POINT('',(7.493,-2.65425,-3.3));
#3990 = VECTOR('',#3991,1.);
#3991 = DIRECTION('',(-3.216245299353E-16,1.,0.));
#3992 = ORIENTED_EDGE('',*,*,#3993,.F.);
#3993 = EDGE_CURVE('',#3994,#3986,#3996,.T.);
#3994 = VERTEX_POINT('',#3995);
#3995 = CARTESIAN_POINT('',(7.493,-2.7685,-2.843));
#3996 = LINE('',#3997,#3998);
#3997 = CARTESIAN_POINT('',(7.493,-2.7685,-2.843));
#3998 = VECTOR('',#3999,1.);
#3999 = DIRECTION('',(-7.800540639491E-17,0.242535625036,-0.970142500145
    ));
#4000 = ORIENTED_EDGE('',*,*,#4001,.F.);
#4001 = EDGE_CURVE('',#4002,#3994,#4004,.T.);
#4002 = VERTEX_POINT('',#4003);
#4003 = CARTESIAN_POINT('',(7.493,-2.7685,0.));
#4004 = LINE('',#4005,#4006);
#4005 = CARTESIAN_POINT('',(7.493,-2.7685,0.));
#4006 = VECTOR('',#4007,1.);
#4007 = DIRECTION('',(0.,0.,-1.));
#4008 = ORIENTED_EDGE('',*,*,#4009,.F.);
#4009 = EDGE_CURVE('',#2610,#4002,#4010,.T.);
#4010 = LINE('',#4011,#4012);
#4011 = CARTESIAN_POINT('',(7.493,-3.302,0.));
#4012 = VECTOR('',#4013,1.);
#4013 = DIRECTION('',(-3.216245299353E-16,1.,0.));
#4014 = PLANE('',#4015);
#4015 = AXIS2_PLACEMENT_3D('',#4016,#4017,#4018);
#4016 = CARTESIAN_POINT('',(7.493,-3.302,2.157));
#4017 = DIRECTION('',(-1.,-3.216245299353E-16,0.));
#4018 = DIRECTION('',(-0.,0.,-1.));
#4019 = ADVANCED_FACE('',(#4020),#4038,.T.);
#4020 = FACE_BOUND('',#4021,.T.);
#4021 = EDGE_LOOP('',(#4022,#4030,#4031,#4032));
#4022 = ORIENTED_EDGE('',*,*,#4023,.T.);
#4023 = EDGE_CURVE('',#4024,#3962,#4026,.T.);
#4024 = VERTEX_POINT('',#4025);
#4025 = CARTESIAN_POINT('',(7.747,-2.3115,0.));
#4026 = LINE('',#4027,#4028);
#4027 = CARTESIAN_POINT('',(7.747,-2.3115,0.));
#4028 = VECTOR('',#4029,1.);
#4029 = DIRECTION('',(-1.,-3.216245299353E-16,0.));
#4030 = ORIENTED_EDGE('',*,*,#3961,.T.);
#4031 = ORIENTED_EDGE('',*,*,#2420,.F.);
#4032 = ORIENTED_EDGE('',*,*,#4033,.F.);
#4033 = EDGE_CURVE('',#4024,#2413,#4034,.T.);
#4034 = LINE('',#4035,#4036);
#4035 = CARTESIAN_POINT('',(7.747,-2.3115,0.));
#4036 = VECTOR('',#4037,1.);
#4037 = DIRECTION('',(-3.216245299353E-16,1.,0.));
#4038 = PLANE('',#4039);
#4039 = AXIS2_PLACEMENT_3D('',#4040,#4041,#4042);
#4040 = CARTESIAN_POINT('',(7.747,-2.3115,0.));
#4041 = DIRECTION('',(-0.,0.,-1.));
#4042 = DIRECTION('',(-3.216245299353E-16,1.,0.));
#4043 = ADVANCED_FACE('',(#4044),#4101,.F.);
#4044 = FACE_BOUND('',#4045,.F.);
#4045 = EDGE_LOOP('',(#4046,#4047,#4053,#4054,#4055,#4063,#4071,#4079,
    #4087,#4095));
#4046 = ORIENTED_EDGE('',*,*,#2601,.F.);
#4047 = ORIENTED_EDGE('',*,*,#4048,.F.);
#4048 = EDGE_CURVE('',#2404,#2593,#4049,.T.);
#4049 = LINE('',#4050,#4051);
#4050 = CARTESIAN_POINT('',(7.747,-1.778,1.776));
#4051 = VECTOR('',#4052,1.);
#4052 = DIRECTION('',(3.216245299353E-16,-1.,0.));
#4053 = ORIENTED_EDGE('',*,*,#2412,.F.);
#4054 = ORIENTED_EDGE('',*,*,#4033,.F.);
#4055 = ORIENTED_EDGE('',*,*,#4056,.F.);
#4056 = EDGE_CURVE('',#4057,#4024,#4059,.T.);
#4057 = VERTEX_POINT('',#4058);
#4058 = CARTESIAN_POINT('',(7.747,-2.3115,-2.843));
#4059 = LINE('',#4060,#4061);
#4060 = CARTESIAN_POINT('',(7.747,-2.3115,-2.843));
#4061 = VECTOR('',#4062,1.);
#4062 = DIRECTION('',(0.,0.,1.));
#4063 = ORIENTED_EDGE('',*,*,#4064,.F.);
#4064 = EDGE_CURVE('',#4065,#4057,#4067,.T.);
#4065 = VERTEX_POINT('',#4066);
#4066 = CARTESIAN_POINT('',(7.747,-2.42575,-3.3));
#4067 = LINE('',#4068,#4069);
#4068 = CARTESIAN_POINT('',(7.747,-2.42575,-3.3));
#4069 = VECTOR('',#4070,1.);
#4070 = DIRECTION('',(-7.800540639491E-17,0.242535625036,0.970142500145)
  );
#4071 = ORIENTED_EDGE('',*,*,#4072,.F.);
#4072 = EDGE_CURVE('',#4073,#4065,#4075,.T.);
#4073 = VERTEX_POINT('',#4074);
#4074 = CARTESIAN_POINT('',(7.747,-2.65425,-3.3));
#4075 = LINE('',#4076,#4077);
#4076 = CARTESIAN_POINT('',(7.747,-2.65425,-3.3));
#4077 = VECTOR('',#4078,1.);
#4078 = DIRECTION('',(-3.216245299353E-16,1.,0.));
#4079 = ORIENTED_EDGE('',*,*,#4080,.F.);
#4080 = EDGE_CURVE('',#4081,#4073,#4083,.T.);
#4081 = VERTEX_POINT('',#4082);
#4082 = CARTESIAN_POINT('',(7.747,-2.7685,-2.843));
#4083 = LINE('',#4084,#4085);
#4084 = CARTESIAN_POINT('',(7.747,-2.7685,-2.843));
#4085 = VECTOR('',#4086,1.);
#4086 = DIRECTION('',(-7.800540639491E-17,0.242535625036,-0.970142500145
    ));
#4087 = ORIENTED_EDGE('',*,*,#4088,.F.);
#4088 = EDGE_CURVE('',#4089,#4081,#4091,.T.);
#4089 = VERTEX_POINT('',#4090);
#4090 = CARTESIAN_POINT('',(7.747,-2.7685,0.));
#4091 = LINE('',#4092,#4093);
#4092 = CARTESIAN_POINT('',(7.747,-2.7685,0.));
#4093 = VECTOR('',#4094,1.);
#4094 = DIRECTION('',(0.,0.,-1.));
#4095 = ORIENTED_EDGE('',*,*,#4096,.F.);
#4096 = EDGE_CURVE('',#2602,#4089,#4097,.T.);
#4097 = LINE('',#4098,#4099);
#4098 = CARTESIAN_POINT('',(7.747,-3.302,0.));
#4099 = VECTOR('',#4100,1.);
#4100 = DIRECTION('',(-3.216245299353E-16,1.,0.));
#4101 = PLANE('',#4102);
#4102 = AXIS2_PLACEMENT_3D('',#4103,#4104,#4105);
#4103 = CARTESIAN_POINT('',(7.747,-3.302,2.157));
#4104 = DIRECTION('',(-1.,-3.216245299353E-16,0.));
#4105 = DIRECTION('',(-0.,0.,-1.));
#4106 = ADVANCED_FACE('',(#4107),#4118,.T.);
#4107 = FACE_BOUND('',#4108,.T.);
#4108 = EDGE_LOOP('',(#4109,#4115,#4116,#4117));
#4109 = ORIENTED_EDGE('',*,*,#4110,.T.);
#4110 = EDGE_CURVE('',#2396,#2585,#4111,.T.);
#4111 = LINE('',#4112,#4113);
#4112 = CARTESIAN_POINT('',(7.366,-1.778,2.157));
#4113 = VECTOR('',#4114,1.);
#4114 = DIRECTION('',(3.216245299353E-16,-1.,0.));
#4115 = ORIENTED_EDGE('',*,*,#2592,.T.);
#4116 = ORIENTED_EDGE('',*,*,#4048,.F.);
#4117 = ORIENTED_EDGE('',*,*,#2403,.F.);
#4118 = CYLINDRICAL_SURFACE('',#4119,0.381);
#4119 = AXIS2_PLACEMENT_3D('',#4120,#4121,#4122);
#4120 = CARTESIAN_POINT('',(7.366,-1.778,1.776));
#4121 = DIRECTION('',(3.216245299353E-16,-1.,0.));
#4122 = DIRECTION('',(0.,0.,1.));
#4123 = ADVANCED_FACE('',(#4124),#4132,.T.);
#4124 = FACE_BOUND('',#4125,.T.);
#4125 = EDGE_LOOP('',(#4126,#4127,#4128,#4129,#4130,#4131));
#4126 = ORIENTED_EDGE('',*,*,#3397,.F.);
#4127 = ORIENTED_EDGE('',*,*,#2641,.F.);
#4128 = ORIENTED_EDGE('',*,*,#2584,.F.);
#4129 = ORIENTED_EDGE('',*,*,#4110,.F.);
#4130 = ORIENTED_EDGE('',*,*,#2395,.F.);
#4131 = ORIENTED_EDGE('',*,*,#2451,.F.);
#4132 = PLANE('',#4133);
#4133 = AXIS2_PLACEMENT_3D('',#4134,#4135,#4136);
#4134 = CARTESIAN_POINT('',(3.683,-3.302,2.157));
#4135 = DIRECTION('',(0.,0.,1.));
#4136 = DIRECTION('',(-4.440892098501E-16,1.,0.));
#4137 = ADVANCED_FACE('',(#4138),#4149,.T.);
#4138 = FACE_BOUND('',#4139,.T.);
#4139 = EDGE_LOOP('',(#4140,#4146,#4147,#4148));
#4140 = ORIENTED_EDGE('',*,*,#4141,.T.);
#4141 = EDGE_CURVE('',#3892,#3798,#4142,.T.);
#4142 = LINE('',#4143,#4144);
#4143 = CARTESIAN_POINT('',(7.747,-4.8515,0.));
#4144 = VECTOR('',#4145,1.);
#4145 = DIRECTION('',(-1.,-3.216245299353E-16,0.));
#4146 = ORIENTED_EDGE('',*,*,#3797,.T.);
#4147 = ORIENTED_EDGE('',*,*,#2509,.F.);
#4148 = ORIENTED_EDGE('',*,*,#3891,.F.);
#4149 = PLANE('',#4150);
#4150 = AXIS2_PLACEMENT_3D('',#4151,#4152,#4153);
#4151 = CARTESIAN_POINT('',(7.747,-4.8515,0.));
#4152 = DIRECTION('',(-0.,0.,-1.));
#4153 = DIRECTION('',(-3.216245299353E-16,1.,0.));
#4154 = ADVANCED_FACE('',(#4155),#4166,.T.);
#4155 = FACE_BOUND('',#4156,.T.);
#4156 = EDGE_LOOP('',(#4157,#4158,#4159,#4165));
#4157 = ORIENTED_EDGE('',*,*,#2609,.T.);
#4158 = ORIENTED_EDGE('',*,*,#4009,.T.);
#4159 = ORIENTED_EDGE('',*,*,#4160,.F.);
#4160 = EDGE_CURVE('',#4089,#4002,#4161,.T.);
#4161 = LINE('',#4162,#4163);
#4162 = CARTESIAN_POINT('',(7.747,-2.7685,0.));
#4163 = VECTOR('',#4164,1.);
#4164 = DIRECTION('',(-1.,-3.216245299353E-16,0.));
#4165 = ORIENTED_EDGE('',*,*,#4096,.F.);
#4166 = PLANE('',#4167);
#4167 = AXIS2_PLACEMENT_3D('',#4168,#4169,#4170);
#4168 = CARTESIAN_POINT('',(7.747,-3.302,0.));
#4169 = DIRECTION('',(-0.,0.,-1.));
#4170 = DIRECTION('',(-3.216245299353E-16,1.,0.));
#4171 = ADVANCED_FACE('',(#4172),#4515,.T.);
#4172 = FACE_BOUND('',#4173,.T.);
#4173 = EDGE_LOOP('',(#4174,#4175,#4176,#4183,#4191,#4297,#4403,#4509));
#4174 = ORIENTED_EDGE('',*,*,#3411,.F.);
#4175 = ORIENTED_EDGE('',*,*,#2671,.T.);
#4176 = ORIENTED_EDGE('',*,*,#4177,.T.);
#4177 = EDGE_CURVE('',#2665,#4178,#4180,.T.);
#4178 = VERTEX_POINT('',#4179);
#4179 = CARTESIAN_POINT('',(1.033723643423,0.426276356577,3.68));
#4180 = B_SPLINE_CURVE_WITH_KNOTS('',1,(#4181,#4182),.UNSPECIFIED.,.F.,
  .F.,(2,2),(0.,1.),.PIECEWISE_BEZIER_KNOTS.);
#4181 = CARTESIAN_POINT('',(0.71,0.75,2.157));
#4182 = CARTESIAN_POINT('',(1.033723643423,0.426276356577,3.68));
#4183 = ORIENTED_EDGE('',*,*,#4184,.F.);
#4184 = EDGE_CURVE('',#4185,#4178,#4187,.T.);
#4185 = VERTEX_POINT('',#4186);
#4186 = CARTESIAN_POINT('',(3.06375942217,0.426276356577,3.68));
#4187 = LINE('',#4188,#4189);
#4188 = CARTESIAN_POINT('',(6.586276356577,0.426276356577,3.68));
#4189 = VECTOR('',#4190,1.);
#4190 = DIRECTION('',(-1.,-4.440892098501E-16,0.));
#4191 = ORIENTED_EDGE('',*,*,#4192,.F.);
#4192 = EDGE_CURVE('',#4193,#4185,#4195,.T.);
#4193 = VERTEX_POINT('',#4194);
#4194 = CARTESIAN_POINT('',(3.060652504409,0.532554637412,3.18));
#4195 = B_SPLINE_CURVE_WITH_KNOTS('',4,(#4196,#4197,#4198,#4199,#4200,
    #4201,#4202,#4203,#4204,#4205,#4206,#4207,#4208,#4209,#4210,#4211,
    #4212,#4213,#4214,#4215,#4216,#4217,#4218,#4219,#4220,#4221,#4222,
    #4223,#4224,#4225,#4226,#4227,#4228,#4229,#4230,#4231,#4232,#4233,
    #4234,#4235,#4236,#4237,#4238,#4239,#4240,#4241,#4242,#4243,#4244,
    #4245,#4246,#4247,#4248,#4249,#4250,#4251,#4252,#4253,#4254,#4255,
    #4256,#4257,#4258,#4259,#4260,#4261,#4262,#4263,#4264,#4265,#4266,
    #4267,#4268,#4269,#4270,#4271,#4272,#4273,#4274,#4275,#4276,#4277,
    #4278,#4279,#4280,#4281,#4282,#4283,#4284,#4285,#4286,#4287,#4288,
    #4289,#4290,#4291,#4292,#4293,#4294,#4295,#4296),.UNSPECIFIED.,.F.,
  .F.,(5,3,3,3,3,3,3,3,3,3,3,3,3,3,3,3,3,3,3,3,3,3,3,3,3,3,3,3,3,3,3,3,3
    ,5),(0.,3.832661857541E-02,7.588616027402E-02,0.112697851853,
    0.148780767068,0.184153940431,0.218836486671,0.252847727222,
    0.286207325059,0.318935429062,0.351052828922,0.382581121221,
    0.413542886787,0.443961878574,0.47386321812,0.503273596996,
    0.532221477517,0.560737284348,0.588853575632,0.616605179129,
    0.644029276191,0.671165414825,0.69805543375,0.723856466375,
    0.750392376563,0.776817491054,0.80317991565,0.829528157021,
    0.855910545381,0.882374672274,0.908966882882,0.935731854039,
    0.962712277262,1.),.UNSPECIFIED.);
#4196 = CARTESIAN_POINT('',(3.102443253723,0.75,2.157));
#4197 = CARTESIAN_POINT('',(3.10159836505,0.747596502417,2.168307567096)
  );
#4198 = CARTESIAN_POINT('',(3.100760043871,0.745176893235,2.179690933308
    ));
#4199 = CARTESIAN_POINT('',(3.099928470497,0.742740885558,2.191151448372
    ));
#4200 = CARTESIAN_POINT('',(3.098295716868,0.737884563992,2.213998645033
    ));
#4201 = CARTESIAN_POINT('',(3.097494261506,0.735464911842,2.225382213394
    ));
#4202 = CARTESIAN_POINT('',(3.096699660478,0.733028942322,2.236842548942
    ));
#4203 = CARTESIAN_POINT('',(3.095140251405,0.728172618361,2.259689756871
    ));
#4204 = CARTESIAN_POINT('',(3.094375165256,0.725752918822,2.271073548177
    ));
#4205 = CARTESIAN_POINT('',(3.093617046982,0.72331699024,2.282533691129)
  );
#4206 = CARTESIAN_POINT('',(3.092130026932,0.718460661398,2.305380922018
    ));
#4207 = CARTESIAN_POINT('',(3.091400843964,0.716040908555,2.316764964101
    ));
#4208 = CARTESIAN_POINT('',(3.090678749632,0.71360502492,2.328224895597)
  );
#4209 = CARTESIAN_POINT('',(3.089263222812,0.708748688464,2.351072162308
    ));
#4210 = CARTESIAN_POINT('',(3.088569506013,0.706328874704,2.362456490983
    ));
#4211 = CARTESIAN_POINT('',(3.087883006017,0.703893041415,2.373916185615
    ));
#4212 = CARTESIAN_POINT('',(3.08653813337,0.699036694321,2.396763502377)
  );
#4213 = CARTESIAN_POINT('',(3.085879473324,0.696616810106,2.408148162516
    ));
#4214 = CARTESIAN_POINT('',(3.085228165819,0.694181034144,2.419607587444
    ));
#4215 = CARTESIAN_POINT('',(3.083953162281,0.689324673051,2.442454970066
    ));
#4216 = CARTESIAN_POINT('',(3.08332917589,0.686904706661,2.453840016811)
  );
#4217 = CARTESIAN_POINT('',(3.08271268547,0.684468996804,2.465299130741)
  );
#4218 = CARTESIAN_POINT('',(3.081506817467,0.67961261797,2.488146596824)
  );
#4219 = CARTESIAN_POINT('',(3.080917146787,0.677192555215,2.499532096932
    ));
#4220 = CARTESIAN_POINT('',(3.080335123266,0.674756922283,2.510990848958
    ));
#4221 = CARTESIAN_POINT('',(3.079197706436,0.669900521543,2.533838418102
    ));
#4222 = CARTESIAN_POINT('',(3.078642017638,0.667480345451,2.545224451414
    ));
#4223 = CARTESIAN_POINT('',(3.078094134929,0.665044802583,2.556682779723
    ));
#4224 = CARTESIAN_POINT('',(3.07702453204,0.66018837531,2.579530473698)
  );
#4225 = CARTESIAN_POINT('',(3.07650251448,0.657768065798,2.590917134701)
  );
#4226 = CARTESIAN_POINT('',(3.075988469554,0.655332628757,2.602374965137
    ));
#4227 = CARTESIAN_POINT('',(3.074986088616,0.650476169835,2.625222808007
    ));
#4228 = CARTESIAN_POINT('',(3.074497454016,0.648055703366,2.636610207432
    ));
#4229 = CARTESIAN_POINT('',(3.074016965933,0.645620390865,2.64806745195)
  );
#4230 = CARTESIAN_POINT('',(3.073081258485,0.640763894688,2.670915470094
    ));
#4231 = CARTESIAN_POINT('',(3.072625740214,0.638343243943,2.682303736473
    ));
#4232 = CARTESIAN_POINT('',(3.072178549227,0.635908077994,2.693760291517
    ));
#4233 = CARTESIAN_POINT('',(3.071309008778,0.631051538489,2.716608513501
    ));
#4234 = CARTESIAN_POINT('',(3.070886361242,0.628630672067,2.727997794563
    ));
#4235 = CARTESIAN_POINT('',(3.070472227939,0.626195678326,2.739453539431
    ));
#4236 = CARTESIAN_POINT('',(3.069668388574,0.621339089031,2.762301995656
    ));
#4237 = CARTESIAN_POINT('',(3.069278386703,0.618917971229,2.773692459367
    ));
#4238 = CARTESIAN_POINT('',(3.068897091202,0.616483179322,2.785147254684
    ));
#4239 = CARTESIAN_POINT('',(3.068158526316,0.611626533526,2.807995976726
    ));
#4240 = CARTESIAN_POINT('',(3.067800965147,0.609205124242,2.81938781175)
  );
#4241 = CARTESIAN_POINT('',(3.067452306324,0.606770568034,2.83084149819)
  );
#4242 = CARTESIAN_POINT('',(3.066778627491,0.601913859003,2.85369051773)
  );
#4243 = CARTESIAN_POINT('',(3.066453321841,0.599492113826,2.865083933008
    ));
#4244 = CARTESIAN_POINT('',(3.066137116583,0.597057831594,2.876536330492
    ));
#4245 = CARTESIAN_POINT('',(3.065527972543,0.592201052906,2.899385677745
    ));
#4246 = CARTESIAN_POINT('',(3.065234756765,0.589778923466,2.910780900835
    ));
#4247 = CARTESIAN_POINT('',(3.064950839246,0.587344957907,2.922231808487
    ));
#4248 = CARTESIAN_POINT('',(3.064405914993,0.582488103904,2.945081510067
    ));
#4249 = CARTESIAN_POINT('',(3.064144642791,0.580065538575,2.956478783859
    ));
#4250 = CARTESIAN_POINT('',(3.063892863774,0.577631936579,2.967927981082
    ));
#4251 = CARTESIAN_POINT('',(3.063411879734,0.572775002947,2.99077805729)
  );
#4252 = CARTESIAN_POINT('',(3.063182424021,0.570351947956,3.002177634756
    ));
#4253 = CARTESIAN_POINT('',(3.062962650185,0.567918760056,3.01362488381)
  );
#4254 = CARTESIAN_POINT('',(3.062545361468,0.563061744495,3.036475345463
    ));
#4255 = CARTESIAN_POINT('',(3.062347614228,0.560638145511,3.047877482217
    ));
#4256 = CARTESIAN_POINT('',(3.062159727543,0.558205424932,3.059322532699
    ));
#4257 = CARTESIAN_POINT('',(3.061805923247,0.553348327874,3.082173377761
    ));
#4258 = CARTESIAN_POINT('',(3.06163979537,0.550924132049,3.093578322432)
  );
#4259 = CARTESIAN_POINT('',(3.061483692536,0.548491933287,3.105020917961
    ));
#4260 = CARTESIAN_POINT('',(3.061193195095,0.543634758563,3.127872128414
    ));
#4261 = CARTESIAN_POINT('',(3.061058616139,0.541209916965,3.139280111208
    ));
#4262 = CARTESIAN_POINT('',(3.060934208127,0.538778293878,3.150719998397
    ));
#4263 = CARTESIAN_POINT('',(3.060710635538,0.534001445917,3.173193301142
    ));
#4264 = CARTESIAN_POINT('',(3.060610652449,0.531656709793,3.184224417312
    ));
#4265 = CARTESIAN_POINT('',(3.060520286222,0.529306845248,3.195279660803
    ));
#4266 = CARTESIAN_POINT('',(3.060356690777,0.524531015986,3.217748170946
    ));
#4267 = CARTESIAN_POINT('',(3.060284022745,0.522104789354,3.229162669811
    ));
#4268 = CARTESIAN_POINT('',(3.060221741893,0.519674441603,3.240596557019
    ));
#4269 = CARTESIAN_POINT('',(3.060118326142,0.514817097121,3.26344856612)
  );
#4270 = CARTESIAN_POINT('',(3.060077103863,0.512390127828,3.274866558929
    ));
#4271 = CARTESIAN_POINT('',(3.060046335552,0.509960487816,3.286297116485
    ));
#4272 = CARTESIAN_POINT('',(3.060005839486,0.505103118425,3.309149242777
    ));
#4273 = CARTESIAN_POINT('',(3.059996061896,0.502675397106,3.320570773588
    ));
#4274 = CARTESIAN_POINT('',(3.059996772537,0.500246491538,3.331997875857
    ));
#4275 = CARTESIAN_POINT('',(3.060019176318,0.49538911742,3.354850024389)
  );
#4276 = CARTESIAN_POINT('',(3.060040858167,0.492960648212,3.366275073744
    ));
#4277 = CARTESIAN_POINT('',(3.060073028876,0.490532491387,3.37769865345)
  );
#4278 = CARTESIAN_POINT('',(3.060158343526,0.485675133035,3.400550727806
    ));
#4279 = CARTESIAN_POINT('',(3.060211514682,0.483245933163,3.411979214666
    ));
#4280 = CARTESIAN_POINT('',(3.060275141935,0.480818526053,3.423399267246
    ));
#4281 = CARTESIAN_POINT('',(3.060423409398,0.475961202735,3.446251176778
    ));
#4282 = CARTESIAN_POINT('',(3.060508114269,0.473531301133,3.457682965016
    ));
#4283 = CARTESIAN_POINT('',(3.06060321063,0.471104631472,3.469099548169)
  );
#4284 = CARTESIAN_POINT('',(3.060814503999,0.466247359896,3.491951214278
    ));
#4285 = CARTESIAN_POINT('',(3.060930801132,0.463816795086,3.503386122664
    ));
#4286 = CARTESIAN_POINT('',(3.061057395988,0.461390838462,3.514799351241
    ));
#4287 = CARTESIAN_POINT('',(3.061331819874,0.456533631832,3.537650711804
    ));
#4288 = CARTESIAN_POINT('',(3.06147978178,0.454102449372,3.549088526007)
  );
#4289 = CARTESIAN_POINT('',(3.061637921998,0.451677171116,3.560498563111
    ));
#4290 = CARTESIAN_POINT('',(3.061975613012,0.446820038677,3.583349574633
    ));
#4291 = CARTESIAN_POINT('',(3.062155326198,0.444388288514,3.594790059667
    ));
#4292 = CARTESIAN_POINT('',(3.062345076673,0.441963646102,3.606197105365
    ));
#4293 = CARTESIAN_POINT('',(3.062820569592,0.436206135645,3.633284062415
    ));
#4294 = CARTESIAN_POINT('',(3.063115291368,0.432880166482,3.64893151708)
  );
#4295 = CARTESIAN_POINT('',(3.063428406313,0.42956992391,3.664504983956)
  );
#4296 = CARTESIAN_POINT('',(3.06375942217,0.426276356577,3.68));
#4297 = ORIENTED_EDGE('',*,*,#4298,.T.);
#4298 = EDGE_CURVE('',#4193,#4299,#4301,.T.);
#4299 = VERTEX_POINT('',#4300);
#4300 = CARTESIAN_POINT('',(4.559347495591,0.532554637412,3.18));
#4301 = B_SPLINE_CURVE_WITH_KNOTS('',4,(#4302,#4303,#4304,#4305,#4306,
    #4307,#4308,#4309,#4310,#4311,#4312,#4313,#4314,#4315,#4316,#4317,
    #4318,#4319,#4320,#4321,#4322,#4323,#4324,#4325,#4326,#4327,#4328,
    #4329,#4330,#4331,#4332,#4333,#4334,#4335,#4336,#4337,#4338,#4339,
    #4340,#4341,#4342,#4343,#4344,#4345,#4346,#4347,#4348,#4349,#4350,
    #4351,#4352,#4353,#4354,#4355,#4356,#4357,#4358,#4359,#4360,#4361,
    #4362,#4363,#4364,#4365,#4366,#4367,#4368,#4369,#4370,#4371,#4372,
    #4373,#4374,#4375,#4376,#4377,#4378,#4379,#4380,#4381,#4382,#4383,
    #4384,#4385,#4386,#4387,#4388,#4389,#4390,#4391,#4392,#4393,#4394,
    #4395,#4396,#4397,#4398,#4399,#4400,#4401,#4402),.UNSPECIFIED.,.F.,
  .F.,(5,3,3,3,3,3,3,3,3,3,3,3,3,3,3,3,3,3,3,3,3,3,3,3,3,3,3,3,3,3,3,3,3
    ,5),(0.,3.000000000006E-02,6.000000000009E-02,9.000000000011E-02,
    0.12,0.15,0.18,0.21,0.24,0.27,0.3,0.33,0.36,0.389,0.419,0.449,0.479,
    0.509,0.539,0.569,0.599,0.629,0.658,0.688,0.718,0.748,0.778,0.808,
    0.838,0.868,0.898,0.928,0.958,1.),.UNSPECIFIED.);
#4302 = CARTESIAN_POINT('',(0.927445362588,0.532554637412,3.18));
#4303 = CARTESIAN_POINT('',(0.97068368215,0.532554637412,3.18));
#4304 = CARTESIAN_POINT('',(1.013922001711,0.532554637412,3.18));
#4305 = CARTESIAN_POINT('',(1.057160321272,0.532554637412,3.18));
#4306 = CARTESIAN_POINT('',(1.143636960394,0.532554637412,3.18));
#4307 = CARTESIAN_POINT('',(1.186875279956,0.532554637412,3.18));
#4308 = CARTESIAN_POINT('',(1.230113599517,0.532554637412,3.18));
#4309 = CARTESIAN_POINT('',(1.316590238639,0.532554637412,3.18));
#4310 = CARTESIAN_POINT('',(1.3598285582,0.532554637412,3.18));
#4311 = CARTESIAN_POINT('',(1.403066877761,0.532554637412,3.18));
#4312 = CARTESIAN_POINT('',(1.489543516884,0.532554637412,3.18));
#4313 = CARTESIAN_POINT('',(1.532781836445,0.532554637412,3.18));
#4314 = CARTESIAN_POINT('',(1.576020156006,0.532554637412,3.18));
#4315 = CARTESIAN_POINT('',(1.662496795128,0.532554637412,3.18));
#4316 = CARTESIAN_POINT('',(1.70573511469,0.532554637412,3.18));
#4317 = CARTESIAN_POINT('',(1.748973434251,0.532554637412,3.18));
#4318 = CARTESIAN_POINT('',(1.835450073373,0.532554637412,3.18));
#4319 = CARTESIAN_POINT('',(1.878688392934,0.532554637412,3.18));
#4320 = CARTESIAN_POINT('',(1.921926712495,0.532554637412,3.18));
#4321 = CARTESIAN_POINT('',(2.008403351618,0.532554637412,3.18));
#4322 = CARTESIAN_POINT('',(2.051641671179,0.532554637412,3.18));
#4323 = CARTESIAN_POINT('',(2.09487999074,0.532554637412,3.18));
#4324 = CARTESIAN_POINT('',(2.181356629862,0.532554637412,3.18));
#4325 = CARTESIAN_POINT('',(2.224594949424,0.532554637412,3.18));
#4326 = CARTESIAN_POINT('',(2.267833268985,0.532554637412,3.18));
#4327 = CARTESIAN_POINT('',(2.354309908107,0.532554637412,3.18));
#4328 = CARTESIAN_POINT('',(2.397548227668,0.532554637412,3.18));
#4329 = CARTESIAN_POINT('',(2.440786547229,0.532554637412,3.18));
#4330 = CARTESIAN_POINT('',(2.527263186352,0.532554637412,3.18));
#4331 = CARTESIAN_POINT('',(2.570501505913,0.532554637412,3.18));
#4332 = CARTESIAN_POINT('',(2.613739825474,0.532554637412,3.18));
#4333 = CARTESIAN_POINT('',(2.700216464596,0.532554637412,3.18));
#4334 = CARTESIAN_POINT('',(2.743454784158,0.532554637412,3.18));
#4335 = CARTESIAN_POINT('',(2.786693103719,0.532554637412,3.18));
#4336 = CARTESIAN_POINT('',(2.873169742841,0.532554637412,3.18));
#4337 = CARTESIAN_POINT('',(2.916408062402,0.532554637412,3.18));
#4338 = CARTESIAN_POINT('',(2.959646381963,0.532554637412,3.18));
#4339 = CARTESIAN_POINT('',(3.044681743767,0.532554637412,3.18));
#4340 = CARTESIAN_POINT('',(3.08647878601,0.532554637412,3.18));
#4341 = CARTESIAN_POINT('',(3.128275828252,0.532554637412,3.18));
#4342 = CARTESIAN_POINT('',(3.213311190056,0.532554637412,3.18));
#4343 = CARTESIAN_POINT('',(3.256549509617,0.532554637412,3.18));
#4344 = CARTESIAN_POINT('',(3.299787829178,0.532554637412,3.18));
#4345 = CARTESIAN_POINT('',(3.3862644683,0.532554637412,3.18));
#4346 = CARTESIAN_POINT('',(3.429502787862,0.532554637412,3.18));
#4347 = CARTESIAN_POINT('',(3.472741107423,0.532554637412,3.18));
#4348 = CARTESIAN_POINT('',(3.559217746545,0.532554637412,3.18));
#4349 = CARTESIAN_POINT('',(3.602456066106,0.532554637412,3.18));
#4350 = CARTESIAN_POINT('',(3.645694385667,0.532554637412,3.18));
#4351 = CARTESIAN_POINT('',(3.73217102479,0.532554637412,3.18));
#4352 = CARTESIAN_POINT('',(3.775409344351,0.532554637412,3.18));
#4353 = CARTESIAN_POINT('',(3.818647663912,0.532554637412,3.18));
#4354 = CARTESIAN_POINT('',(3.905124303035,0.532554637412,3.18));
#4355 = CARTESIAN_POINT('',(3.948362622596,0.532554637412,3.18));
#4356 = CARTESIAN_POINT('',(3.991600942157,0.532554637412,3.18));
#4357 = CARTESIAN_POINT('',(4.078077581279,0.532554637412,3.18));
#4358 = CARTESIAN_POINT('',(4.12131590084,0.532554637412,3.18));
#4359 = CARTESIAN_POINT('',(4.164554220402,0.532554637412,3.18));
#4360 = CARTESIAN_POINT('',(4.251030859524,0.532554637412,3.18));
#4361 = CARTESIAN_POINT('',(4.294269179085,0.532554637412,3.18));
#4362 = CARTESIAN_POINT('',(4.337507498646,0.532554637412,3.18));
#4363 = CARTESIAN_POINT('',(4.423984137769,0.532554637412,3.18));
#4364 = CARTESIAN_POINT('',(4.46722245733,0.532554637412,3.18));
#4365 = CARTESIAN_POINT('',(4.510460776891,0.532554637412,3.18));
#4366 = CARTESIAN_POINT('',(4.595496138695,0.532554637412,3.18));
#4367 = CARTESIAN_POINT('',(4.637293180937,0.532554637412,3.18));
#4368 = CARTESIAN_POINT('',(4.67909022318,0.532554637412,3.18));
#4369 = CARTESIAN_POINT('',(4.764125584983,0.532554637412,3.18));
#4370 = CARTESIAN_POINT('',(4.807363904544,0.532554637412,3.18));
#4371 = CARTESIAN_POINT('',(4.850602224106,0.532554637412,3.18));
#4372 = CARTESIAN_POINT('',(4.937078863228,0.532554637412,3.18));
#4373 = CARTESIAN_POINT('',(4.980317182789,0.532554637412,3.18));
#4374 = CARTESIAN_POINT('',(5.02355550235,0.532554637412,3.18));
#4375 = CARTESIAN_POINT('',(5.110032141473,0.532554637412,3.18));
#4376 = CARTESIAN_POINT('',(5.153270461034,0.532554637412,3.18));
#4377 = CARTESIAN_POINT('',(5.196508780595,0.532554637412,3.18));
#4378 = CARTESIAN_POINT('',(5.282985419717,0.532554637412,3.18));
#4379 = CARTESIAN_POINT('',(5.326223739278,0.532554637412,3.18));
#4380 = CARTESIAN_POINT('',(5.36946205884,0.532554637412,3.18));
#4381 = CARTESIAN_POINT('',(5.455938697962,0.532554637412,3.18));
#4382 = CARTESIAN_POINT('',(5.499177017523,0.532554637412,3.18));
#4383 = CARTESIAN_POINT('',(5.542415337084,0.532554637412,3.18));
#4384 = CARTESIAN_POINT('',(5.628891976207,0.532554637412,3.18));
#4385 = CARTESIAN_POINT('',(5.672130295768,0.532554637412,3.18));
#4386 = CARTESIAN_POINT('',(5.715368615329,0.532554637412,3.18));
#4387 = CARTESIAN_POINT('',(5.801845254451,0.532554637412,3.18));
#4388 = CARTESIAN_POINT('',(5.845083574013,0.532554637412,3.18));
#4389 = CARTESIAN_POINT('',(5.888321893574,0.532554637412,3.18));
#4390 = CARTESIAN_POINT('',(5.974798532696,0.532554637412,3.18));
#4391 = CARTESIAN_POINT('',(6.018036852257,0.532554637412,3.18));
#4392 = CARTESIAN_POINT('',(6.061275171818,0.532554637412,3.18));
#4393 = CARTESIAN_POINT('',(6.147751810941,0.532554637412,3.18));
#4394 = CARTESIAN_POINT('',(6.190990130502,0.532554637412,3.18));
#4395 = CARTESIAN_POINT('',(6.234228450063,0.532554637412,3.18));
#4396 = CARTESIAN_POINT('',(6.320705089185,0.532554637412,3.18));
#4397 = CARTESIAN_POINT('',(6.363943408747,0.532554637412,3.18));
#4398 = CARTESIAN_POINT('',(6.407181728308,0.532554637412,3.18));
#4399 = CARTESIAN_POINT('',(6.510953695255,0.532554637412,3.18));
#4400 = CARTESIAN_POINT('',(6.57148734264,0.532554637412,3.18));
#4401 = CARTESIAN_POINT('',(6.632020990026,0.532554637412,3.18));
#4402 = CARTESIAN_POINT('',(6.692554637412,0.532554637412,3.18));
#4403 = ORIENTED_EDGE('',*,*,#4404,.T.);
#4404 = EDGE_CURVE('',#4299,#4405,#4407,.T.);
#4405 = VERTEX_POINT('',#4406);
#4406 = CARTESIAN_POINT('',(4.55624057783,0.426276356577,3.68));
#4407 = B_SPLINE_CURVE_WITH_KNOTS('',4,(#4408,#4409,#4410,#4411,#4412,
    #4413,#4414,#4415,#4416,#4417,#4418,#4419,#4420,#4421,#4422,#4423,
    #4424,#4425,#4426,#4427,#4428,#4429,#4430,#4431,#4432,#4433,#4434,
    #4435,#4436,#4437,#4438,#4439,#4440,#4441,#4442,#4443,#4444,#4445,
    #4446,#4447,#4448,#4449,#4450,#4451,#4452,#4453,#4454,#4455,#4456,
    #4457,#4458,#4459,#4460,#4461,#4462,#4463,#4464,#4465,#4466,#4467,
    #4468,#4469,#4470,#4471,#4472,#4473,#4474,#4475,#4476,#4477,#4478,
    #4479,#4480,#4481,#4482,#4483,#4484,#4485,#4486,#4487,#4488,#4489,
    #4490,#4491,#4492,#4493,#4494,#4495,#4496,#4497,#4498,#4499,#4500,
    #4501,#4502,#4503,#4504,#4505,#4506,#4507,#4508),.UNSPECIFIED.,.F.,
  .F.,(5,3,3,3,3,3,3,3,3,3,3,3,3,3,3,3,3,3,3,3,3,3,3,3,3,3,3,3,3,3,3,3,3
    ,5),(0.,3.832661857541E-02,7.588616027406E-02,0.112697851853,
    0.148780767068,0.184153940431,0.218836486671,0.252847727222,
    0.286207325059,0.318935429062,0.351052828922,0.382581121221,
    0.413542886787,0.443961878574,0.47386321812,0.503273596997,
    0.532221477517,0.560737284349,0.588853575632,0.61660517913,
    0.644029276191,0.671165414826,0.69805543375,0.723856466375,
    0.750392376563,0.776817491055,0.803179915651,0.829528157022,
    0.855910545381,0.882374672274,0.908966882882,0.935731854039,
    0.962712277262,1.),.UNSPECIFIED.);
#4408 = CARTESIAN_POINT('',(4.517556746277,0.75,2.157));
#4409 = CARTESIAN_POINT('',(4.51840163495,0.747596502417,2.168307567096)
  );
#4410 = CARTESIAN_POINT('',(4.519239956129,0.745176893235,2.179690933308
    ));
#4411 = CARTESIAN_POINT('',(4.520071529503,0.742740885558,2.191151448372
    ));
#4412 = CARTESIAN_POINT('',(4.521704283132,0.737884563992,2.213998645033
    ));
#4413 = CARTESIAN_POINT('',(4.522505738494,0.735464911842,2.225382213394
    ));
#4414 = CARTESIAN_POINT('',(4.523300339522,0.733028942322,2.236842548942
    ));
#4415 = CARTESIAN_POINT('',(4.524859748595,0.728172618361,2.259689756871
    ));
#4416 = CARTESIAN_POINT('',(4.525624834744,0.725752918822,2.271073548177
    ));
#4417 = CARTESIAN_POINT('',(4.526382953018,0.72331699024,2.282533691129)
  );
#4418 = CARTESIAN_POINT('',(4.527869973068,0.718460661398,2.305380922018
    ));
#4419 = CARTESIAN_POINT('',(4.528599156036,0.716040908555,2.316764964101
    ));
#4420 = CARTESIAN_POINT('',(4.529321250368,0.71360502492,2.328224895597)
  );
#4421 = CARTESIAN_POINT('',(4.530736777188,0.708748688464,2.351072162308
    ));
#4422 = CARTESIAN_POINT('',(4.531430493987,0.706328874704,2.362456490983
    ));
#4423 = CARTESIAN_POINT('',(4.532116993983,0.703893041415,2.373916185615
    ));
#4424 = CARTESIAN_POINT('',(4.53346186663,0.699036694321,2.396763502377)
  );
#4425 = CARTESIAN_POINT('',(4.534120526676,0.696616810106,2.408148162516
    ));
#4426 = CARTESIAN_POINT('',(4.534771834181,0.694181034144,2.419607587444
    ));
#4427 = CARTESIAN_POINT('',(4.536046837719,0.689324673051,2.442454970066
    ));
#4428 = CARTESIAN_POINT('',(4.53667082411,0.686904706661,2.453840016811)
  );
#4429 = CARTESIAN_POINT('',(4.53728731453,0.684468996804,2.465299130741)
  );
#4430 = CARTESIAN_POINT('',(4.538493182533,0.67961261797,2.488146596824)
  );
#4431 = CARTESIAN_POINT('',(4.539082853213,0.677192555215,2.499532096932
    ));
#4432 = CARTESIAN_POINT('',(4.539664876734,0.674756922283,2.510990848958
    ));
#4433 = CARTESIAN_POINT('',(4.540802293564,0.669900521543,2.533838418102
    ));
#4434 = CARTESIAN_POINT('',(4.541357982362,0.667480345451,2.545224451414
    ));
#4435 = CARTESIAN_POINT('',(4.541905865071,0.665044802583,2.556682779723
    ));
#4436 = CARTESIAN_POINT('',(4.54297546796,0.66018837531,2.579530473698)
  );
#4437 = CARTESIAN_POINT('',(4.54349748552,0.657768065798,2.590917134701)
  );
#4438 = CARTESIAN_POINT('',(4.544011530446,0.655332628757,2.602374965137
    ));
#4439 = CARTESIAN_POINT('',(4.545013911384,0.650476169835,2.625222808007
    ));
#4440 = CARTESIAN_POINT('',(4.545502545984,0.648055703366,2.636610207432
    ));
#4441 = CARTESIAN_POINT('',(4.545983034067,0.645620390865,2.64806745195)
  );
#4442 = CARTESIAN_POINT('',(4.546918741515,0.640763894688,2.670915470094
    ));
#4443 = CARTESIAN_POINT('',(4.547374259786,0.638343243943,2.682303736473
    ));
#4444 = CARTESIAN_POINT('',(4.547821450773,0.635908077994,2.693760291517
    ));
#4445 = CARTESIAN_POINT('',(4.548690991222,0.631051538489,2.716608513501
    ));
#4446 = CARTESIAN_POINT('',(4.549113638758,0.628630672067,2.727997794563
    ));
#4447 = CARTESIAN_POINT('',(4.549527772061,0.626195678326,2.739453539431
    ));
#4448 = CARTESIAN_POINT('',(4.550331611426,0.621339089031,2.762301995656
    ));
#4449 = CARTESIAN_POINT('',(4.550721613297,0.618917971229,2.773692459367
    ));
#4450 = CARTESIAN_POINT('',(4.551102908798,0.616483179322,2.785147254684
    ));
#4451 = CARTESIAN_POINT('',(4.551841473684,0.611626533526,2.807995976726
    ));
#4452 = CARTESIAN_POINT('',(4.552199034853,0.609205124242,2.81938781175)
  );
#4453 = CARTESIAN_POINT('',(4.552547693676,0.606770568034,2.83084149819)
  );
#4454 = CARTESIAN_POINT('',(4.553221372509,0.601913859003,2.85369051773)
  );
#4455 = CARTESIAN_POINT('',(4.553546678159,0.599492113826,2.865083933008
    ));
#4456 = CARTESIAN_POINT('',(4.553862883417,0.597057831594,2.876536330492
    ));
#4457 = CARTESIAN_POINT('',(4.554472027457,0.592201052906,2.899385677745
    ));
#4458 = CARTESIAN_POINT('',(4.554765243235,0.589778923466,2.910780900835
    ));
#4459 = CARTESIAN_POINT('',(4.555049160754,0.587344957907,2.922231808488
    ));
#4460 = CARTESIAN_POINT('',(4.555594085007,0.582488103904,2.945081510067
    ));
#4461 = CARTESIAN_POINT('',(4.555855357209,0.580065538575,2.956478783859
    ));
#4462 = CARTESIAN_POINT('',(4.556107136226,0.577631936579,2.967927981082
    ));
#4463 = CARTESIAN_POINT('',(4.556588120266,0.572775002947,2.99077805729)
  );
#4464 = CARTESIAN_POINT('',(4.556817575979,0.570351947956,3.002177634756
    ));
#4465 = CARTESIAN_POINT('',(4.557037349815,0.567918760056,3.01362488381)
  );
#4466 = CARTESIAN_POINT('',(4.557454638532,0.563061744495,3.036475345463
    ));
#4467 = CARTESIAN_POINT('',(4.557652385772,0.560638145511,3.047877482217
    ));
#4468 = CARTESIAN_POINT('',(4.557840272457,0.558205424932,3.059322532699
    ));
#4469 = CARTESIAN_POINT('',(4.558194076753,0.553348327874,3.082173377761
    ));
#4470 = CARTESIAN_POINT('',(4.55836020463,0.550924132049,3.093578322432)
  );
#4471 = CARTESIAN_POINT('',(4.558516307464,0.548491933287,3.105020917961
    ));
#4472 = CARTESIAN_POINT('',(4.558806804905,0.543634758563,3.127872128414
    ));
#4473 = CARTESIAN_POINT('',(4.558941383861,0.541209916965,3.139280111208
    ));
#4474 = CARTESIAN_POINT('',(4.559065791873,0.538778293878,3.150719998397
    ));
#4475 = CARTESIAN_POINT('',(4.559289364462,0.534001445917,3.173193301142
    ));
#4476 = CARTESIAN_POINT('',(4.559389347551,0.531656709793,3.184224417312
    ));
#4477 = CARTESIAN_POINT('',(4.559479713778,0.529306845248,3.195279660803
    ));
#4478 = CARTESIAN_POINT('',(4.559643309223,0.524531015986,3.217748170946
    ));
#4479 = CARTESIAN_POINT('',(4.559715977255,0.522104789354,3.229162669811
    ));
#4480 = CARTESIAN_POINT('',(4.559778258107,0.519674441603,3.240596557019
    ));
#4481 = CARTESIAN_POINT('',(4.559881673858,0.514817097121,3.263448566119
    ));
#4482 = CARTESIAN_POINT('',(4.559922896137,0.512390127828,3.274866558929
    ));
#4483 = CARTESIAN_POINT('',(4.559953664448,0.509960487816,3.286297116485
    ));
#4484 = CARTESIAN_POINT('',(4.559994160514,0.505103118425,3.309149242777
    ));
#4485 = CARTESIAN_POINT('',(4.560003938104,0.502675397106,3.320570773588
    ));
#4486 = CARTESIAN_POINT('',(4.560003227463,0.500246491538,3.331997875857
    ));
#4487 = CARTESIAN_POINT('',(4.559980823682,0.49538911742,3.354850024389)
  );
#4488 = CARTESIAN_POINT('',(4.559959141833,0.492960648212,3.366275073744
    ));
#4489 = CARTESIAN_POINT('',(4.559926971124,0.490532491387,3.37769865345)
  );
#4490 = CARTESIAN_POINT('',(4.559841656474,0.485675133035,3.400550727806
    ));
#4491 = CARTESIAN_POINT('',(4.559788485318,0.483245933163,3.411979214666
    ));
#4492 = CARTESIAN_POINT('',(4.559724858065,0.480818526053,3.423399267246
    ));
#4493 = CARTESIAN_POINT('',(4.559576590602,0.475961202735,3.446251176778
    ));
#4494 = CARTESIAN_POINT('',(4.559491885731,0.473531301133,3.457682965016
    ));
#4495 = CARTESIAN_POINT('',(4.55939678937,0.471104631472,3.469099548169)
  );
#4496 = CARTESIAN_POINT('',(4.559185496001,0.466247359896,3.491951214278
    ));
#4497 = CARTESIAN_POINT('',(4.559069198868,0.463816795086,3.503386122664
    ));
#4498 = CARTESIAN_POINT('',(4.558942604012,0.461390838462,3.514799351241
    ));
#4499 = CARTESIAN_POINT('',(4.558668180126,0.456533631832,3.537650711804
    ));
#4500 = CARTESIAN_POINT('',(4.55852021822,0.454102449372,3.549088526007)
  );
#4501 = CARTESIAN_POINT('',(4.558362078002,0.451677171116,3.560498563111
    ));
#4502 = CARTESIAN_POINT('',(4.558024386988,0.446820038677,3.583349574633
    ));
#4503 = CARTESIAN_POINT('',(4.557844673802,0.444388288514,3.594790059667
    ));
#4504 = CARTESIAN_POINT('',(4.557654923327,0.441963646102,3.606197105365
    ));
#4505 = CARTESIAN_POINT('',(4.557179430408,0.436206135645,3.633284062415
    ));
#4506 = CARTESIAN_POINT('',(4.556884708632,0.432880166482,3.64893151708)
  );
#4507 = CARTESIAN_POINT('',(4.556571593687,0.42956992391,3.664504983956)
  );
#4508 = CARTESIAN_POINT('',(4.55624057783,0.426276356577,3.68));
#4509 = ORIENTED_EDGE('',*,*,#4510,.F.);
#4510 = EDGE_CURVE('',#3412,#4405,#4511,.T.);
#4511 = LINE('',#4512,#4513);
#4512 = CARTESIAN_POINT('',(6.586276356577,0.426276356577,3.68));
#4513 = VECTOR('',#4514,1.);
#4514 = DIRECTION('',(-1.,-4.440892098501E-16,0.));
#4515 = B_SPLINE_SURFACE_WITH_KNOTS('',1,1,(
    (#4516,#4517)
    ,(#4518,#4519
    )),.UNSPECIFIED.,.F.,.F.,.F.,(2,2),(2,2),(0.,6.2),(0.,1.),
  .PIECEWISE_BEZIER_KNOTS.);
#4516 = CARTESIAN_POINT('',(6.91,0.75,2.157));
#4517 = CARTESIAN_POINT('',(6.586276356577,0.426276356577,3.68));
#4518 = CARTESIAN_POINT('',(0.71,0.75,2.157));
#4519 = CARTESIAN_POINT('',(1.033723643423,0.426276356577,3.68));
#4520 = ADVANCED_FACE('',(#4521),#4566,.T.);
#4521 = FACE_BOUND('',#4522,.T.);
#4522 = EDGE_LOOP('',(#4523,#4524,#4530,#4531,#4537,#4538,#4544,#4545,
    #4551,#4552,#4559,#4565));
#4523 = ORIENTED_EDGE('',*,*,#2696,.T.);
#4524 = ORIENTED_EDGE('',*,*,#4525,.T.);
#4525 = EDGE_CURVE('',#2689,#3007,#4526,.T.);
#4526 = LINE('',#4527,#4528);
#4527 = CARTESIAN_POINT('',(0.71,0.75,2.157));
#4528 = VECTOR('',#4529,1.);
#4529 = DIRECTION('',(4.440892098501E-16,-1.,0.));
#4530 = ORIENTED_EDGE('',*,*,#3023,.T.);
#4531 = ORIENTED_EDGE('',*,*,#4532,.T.);
#4532 = EDGE_CURVE('',#3016,#3335,#4533,.T.);
#4533 = LINE('',#4534,#4535);
#4534 = CARTESIAN_POINT('',(0.71,0.75,2.157));
#4535 = VECTOR('',#4536,1.);
#4536 = DIRECTION('',(4.440892098501E-16,-1.,0.));
#4537 = ORIENTED_EDGE('',*,*,#3351,.T.);
#4538 = ORIENTED_EDGE('',*,*,#4539,.T.);
#4539 = EDGE_CURVE('',#3344,#3154,#4540,.T.);
#4540 = LINE('',#4541,#4542);
#4541 = CARTESIAN_POINT('',(0.71,0.75,2.157));
#4542 = VECTOR('',#4543,1.);
#4543 = DIRECTION('',(4.440892098501E-16,-1.,0.));
#4544 = ORIENTED_EDGE('',*,*,#3170,.T.);
#4545 = ORIENTED_EDGE('',*,*,#4546,.T.);
#4546 = EDGE_CURVE('',#3163,#2827,#4547,.T.);
#4547 = LINE('',#4548,#4549);
#4548 = CARTESIAN_POINT('',(0.71,0.75,2.157));
#4549 = VECTOR('',#4550,1.);
#4550 = DIRECTION('',(4.440892098501E-16,-1.,0.));
#4551 = ORIENTED_EDGE('',*,*,#2842,.T.);
#4552 = ORIENTED_EDGE('',*,*,#4553,.T.);
#4553 = EDGE_CURVE('',#2836,#4554,#4556,.T.);
#4554 = VERTEX_POINT('',#4555);
#4555 = CARTESIAN_POINT('',(1.033723643423,-8.046276356577,3.68));
#4556 = B_SPLINE_CURVE_WITH_KNOTS('',1,(#4557,#4558),.UNSPECIFIED.,.F.,
  .F.,(2,2),(0.,1.),.PIECEWISE_BEZIER_KNOTS.);
#4557 = CARTESIAN_POINT('',(0.71,-8.37,2.157));
#4558 = CARTESIAN_POINT('',(1.033723643423,-8.046276356577,3.68));
#4559 = ORIENTED_EDGE('',*,*,#4560,.F.);
#4560 = EDGE_CURVE('',#4178,#4554,#4561,.T.);
#4561 = LINE('',#4562,#4563);
#4562 = CARTESIAN_POINT('',(1.033723643423,0.426276356577,3.68));
#4563 = VECTOR('',#4564,1.);
#4564 = DIRECTION('',(4.440892098501E-16,-1.,0.));
#4565 = ORIENTED_EDGE('',*,*,#4177,.F.);
#4566 = B_SPLINE_SURFACE_WITH_KNOTS('',1,1,(
    (#4567,#4568)
    ,(#4569,#4570
    )),.UNSPECIFIED.,.F.,.F.,.F.,(2,2),(2,2),(0.,9.12),(0.,1.),
  .PIECEWISE_BEZIER_KNOTS.);
#4567 = CARTESIAN_POINT('',(0.71,0.75,2.157));
#4568 = CARTESIAN_POINT('',(1.033723643423,0.426276356577,3.68));
#4569 = CARTESIAN_POINT('',(0.71,-8.37,2.157));
#4570 = CARTESIAN_POINT('',(1.033723643423,-8.046276356577,3.68));
#4571 = ADVANCED_FACE('',(#4572),#4585,.T.);
#4572 = FACE_BOUND('',#4573,.T.);
#4573 = EDGE_LOOP('',(#4574,#4575,#4576,#4577,#4578,#4584));
#4574 = ORIENTED_EDGE('',*,*,#3006,.F.);
#4575 = ORIENTED_EDGE('',*,*,#4525,.F.);
#4576 = ORIENTED_EDGE('',*,*,#2688,.F.);
#4577 = ORIENTED_EDGE('',*,*,#2710,.F.);
#4578 = ORIENTED_EDGE('',*,*,#4579,.F.);
#4579 = EDGE_CURVE('',#2857,#2711,#4580,.T.);
#4580 = LINE('',#4581,#4582);
#4581 = CARTESIAN_POINT('',(0.254,-0.762,2.157));
#4582 = VECTOR('',#4583,1.);
#4583 = DIRECTION('',(-4.440892098501E-16,1.,0.));
#4584 = ORIENTED_EDGE('',*,*,#2900,.F.);
#4585 = PLANE('',#4586);
#4586 = AXIS2_PLACEMENT_3D('',#4587,#4588,#4589);
#4587 = CARTESIAN_POINT('',(3.81,-0.762,2.157));
#4588 = DIRECTION('',(0.,0.,1.));
#4589 = DIRECTION('',(-4.440892098501E-16,1.,0.));
#4590 = ADVANCED_FACE('',(#4591),#4634,.T.);
#4591 = FACE_BOUND('',#4592,.T.);
#4592 = EDGE_LOOP('',(#4593,#4594,#4595,#4596,#4604,#4612,#4620,#4628));
#4593 = ORIENTED_EDGE('',*,*,#2743,.F.);
#4594 = ORIENTED_EDGE('',*,*,#2914,.T.);
#4595 = ORIENTED_EDGE('',*,*,#2883,.F.);
#4596 = ORIENTED_EDGE('',*,*,#4597,.F.);
#4597 = EDGE_CURVE('',#4598,#2876,#4600,.T.);
#4598 = VERTEX_POINT('',#4599);
#4599 = CARTESIAN_POINT('',(0.127,-0.2285,0.));
#4600 = LINE('',#4601,#4602);
#4601 = CARTESIAN_POINT('',(0.127,-0.2285,0.));
#4602 = VECTOR('',#4603,1.);
#4603 = DIRECTION('',(4.440892098501E-16,-1.,0.));
#4604 = ORIENTED_EDGE('',*,*,#4605,.F.);
#4605 = EDGE_CURVE('',#4606,#4598,#4608,.T.);
#4606 = VERTEX_POINT('',#4607);
#4607 = CARTESIAN_POINT('',(0.127,-0.2285,-2.843));
#4608 = LINE('',#4609,#4610);
#4609 = CARTESIAN_POINT('',(0.127,-0.2285,-2.843));
#4610 = VECTOR('',#4611,1.);
#4611 = DIRECTION('',(0.,0.,1.));
#4612 = ORIENTED_EDGE('',*,*,#4613,.F.);
#4613 = EDGE_CURVE('',#4614,#4606,#4616,.T.);
#4614 = VERTEX_POINT('',#4615);
#4615 = CARTESIAN_POINT('',(0.127,-0.11425,-3.3));
#4616 = LINE('',#4617,#4618);
#4617 = CARTESIAN_POINT('',(0.127,-0.11425,-3.3));
#4618 = VECTOR('',#4619,1.);
#4619 = DIRECTION('',(1.077074540829E-16,-0.242535625036,0.970142500145)
  );
#4620 = ORIENTED_EDGE('',*,*,#4621,.F.);
#4621 = EDGE_CURVE('',#4622,#4614,#4624,.T.);
#4622 = VERTEX_POINT('',#4623);
#4623 = CARTESIAN_POINT('',(0.127,0.11425,-3.3));
#4624 = LINE('',#4625,#4626);
#4625 = CARTESIAN_POINT('',(0.127,0.11425,-3.3));
#4626 = VECTOR('',#4627,1.);
#4627 = DIRECTION('',(4.440892098501E-16,-1.,0.));
#4628 = ORIENTED_EDGE('',*,*,#4629,.F.);
#4629 = EDGE_CURVE('',#2736,#4622,#4630,.T.);
#4630 = LINE('',#4631,#4632);
#4631 = CARTESIAN_POINT('',(0.127,0.2285,-2.843));
#4632 = VECTOR('',#4633,1.);
#4633 = DIRECTION('',(1.077074540829E-16,-0.242535625036,-0.970142500145
    ));
#4634 = PLANE('',#4635);
#4635 = AXIS2_PLACEMENT_3D('',#4636,#4637,#4638);
#4636 = CARTESIAN_POINT('',(0.127,0.2285,2.157));
#4637 = DIRECTION('',(1.,4.440892098501E-16,0.));
#4638 = DIRECTION('',(0.,0.,-1.));
#4639 = ADVANCED_FACE('',(#4640),#4658,.T.);
#4640 = FACE_BOUND('',#4641,.T.);
#4641 = EDGE_LOOP('',(#4642,#4643,#4644,#4652));
#4642 = ORIENTED_EDGE('',*,*,#2735,.T.);
#4643 = ORIENTED_EDGE('',*,*,#4629,.T.);
#4644 = ORIENTED_EDGE('',*,*,#4645,.F.);
#4645 = EDGE_CURVE('',#4646,#4622,#4648,.T.);
#4646 = VERTEX_POINT('',#4647);
#4647 = CARTESIAN_POINT('',(-0.127,0.11425,-3.3));
#4648 = LINE('',#4649,#4650);
#4649 = CARTESIAN_POINT('',(-0.127,0.11425,-3.3));
#4650 = VECTOR('',#4651,1.);
#4651 = DIRECTION('',(1.,4.440892098501E-16,0.));
#4652 = ORIENTED_EDGE('',*,*,#4653,.F.);
#4653 = EDGE_CURVE('',#2728,#4646,#4654,.T.);
#4654 = LINE('',#4655,#4656);
#4655 = CARTESIAN_POINT('',(-0.127,0.2285,-2.843));
#4656 = VECTOR('',#4657,1.);
#4657 = DIRECTION('',(1.077074540829E-16,-0.242535625036,-0.970142500145
    ));
#4658 = PLANE('',#4659);
#4659 = AXIS2_PLACEMENT_3D('',#4660,#4661,#4662);
#4660 = CARTESIAN_POINT('',(-0.127,0.2285,-2.843));
#4661 = DIRECTION('',(-4.308298163317E-16,0.970142500145,-0.242535625036
    ));
#4662 = DIRECTION('',(1.077074540829E-16,-0.242535625036,-0.970142500145
    ));
#4663 = ADVANCED_FACE('',(#4664),#4705,.F.);
#4664 = FACE_BOUND('',#4665,.F.);
#4665 = EDGE_LOOP('',(#4666,#4667,#4673,#4674,#4682,#4690,#4698,#4704));
#4666 = ORIENTED_EDGE('',*,*,#2727,.F.);
#4667 = ORIENTED_EDGE('',*,*,#4668,.F.);
#4668 = EDGE_CURVE('',#2859,#2719,#4669,.T.);
#4669 = LINE('',#4670,#4671);
#4670 = CARTESIAN_POINT('',(-0.127,-0.762,1.776));
#4671 = VECTOR('',#4672,1.);
#4672 = DIRECTION('',(-4.440892098501E-16,1.,0.));
#4673 = ORIENTED_EDGE('',*,*,#2867,.F.);
#4674 = ORIENTED_EDGE('',*,*,#4675,.F.);
#4675 = EDGE_CURVE('',#4676,#2868,#4678,.T.);
#4676 = VERTEX_POINT('',#4677);
#4677 = CARTESIAN_POINT('',(-0.127,-0.2285,0.));
#4678 = LINE('',#4679,#4680);
#4679 = CARTESIAN_POINT('',(-0.127,-0.2285,0.));
#4680 = VECTOR('',#4681,1.);
#4681 = DIRECTION('',(4.440892098501E-16,-1.,0.));
#4682 = ORIENTED_EDGE('',*,*,#4683,.F.);
#4683 = EDGE_CURVE('',#4684,#4676,#4686,.T.);
#4684 = VERTEX_POINT('',#4685);
#4685 = CARTESIAN_POINT('',(-0.127,-0.2285,-2.843));
#4686 = LINE('',#4687,#4688);
#4687 = CARTESIAN_POINT('',(-0.127,-0.2285,-2.843));
#4688 = VECTOR('',#4689,1.);
#4689 = DIRECTION('',(0.,0.,1.));
#4690 = ORIENTED_EDGE('',*,*,#4691,.F.);
#4691 = EDGE_CURVE('',#4692,#4684,#4694,.T.);
#4692 = VERTEX_POINT('',#4693);
#4693 = CARTESIAN_POINT('',(-0.127,-0.11425,-3.3));
#4694 = LINE('',#4695,#4696);
#4695 = CARTESIAN_POINT('',(-0.127,-0.11425,-3.3));
#4696 = VECTOR('',#4697,1.);
#4697 = DIRECTION('',(1.077074540829E-16,-0.242535625036,0.970142500145)
  );
#4698 = ORIENTED_EDGE('',*,*,#4699,.F.);
#4699 = EDGE_CURVE('',#4646,#4692,#4700,.T.);
#4700 = LINE('',#4701,#4702);
#4701 = CARTESIAN_POINT('',(-0.127,0.11425,-3.3));
#4702 = VECTOR('',#4703,1.);
#4703 = DIRECTION('',(4.440892098501E-16,-1.,0.));
#4704 = ORIENTED_EDGE('',*,*,#4653,.F.);
#4705 = PLANE('',#4706);
#4706 = AXIS2_PLACEMENT_3D('',#4707,#4708,#4709);
#4707 = CARTESIAN_POINT('',(-0.127,0.2285,2.157));
#4708 = DIRECTION('',(1.,4.440892098501E-16,0.));
#4709 = DIRECTION('',(0.,0.,-1.));
#4710 = ADVANCED_FACE('',(#4711),#4717,.T.);
#4711 = FACE_BOUND('',#4712,.T.);
#4712 = EDGE_LOOP('',(#4713,#4714,#4715,#4716));
#4713 = ORIENTED_EDGE('',*,*,#4579,.T.);
#4714 = ORIENTED_EDGE('',*,*,#2718,.T.);
#4715 = ORIENTED_EDGE('',*,*,#4668,.F.);
#4716 = ORIENTED_EDGE('',*,*,#2856,.F.);
#4717 = CYLINDRICAL_SURFACE('',#4718,0.381);
#4718 = AXIS2_PLACEMENT_3D('',#4719,#4720,#4721);
#4719 = CARTESIAN_POINT('',(0.254,-0.762,1.776));
#4720 = DIRECTION('',(-4.440892098501E-16,1.,0.));
#4721 = DIRECTION('',(0.,0.,1.));
#4722 = ADVANCED_FACE('',(#4723),#4771,.T.);
#4723 = FACE_BOUND('',#4724,.T.);
#4724 = EDGE_LOOP('',(#4725,#4726,#4732,#4733,#4741,#4749,#4757,#4765));
#4725 = ORIENTED_EDGE('',*,*,#2768,.F.);
#4726 = ORIENTED_EDGE('',*,*,#4727,.T.);
#4727 = EDGE_CURVE('',#2769,#2940,#4728,.T.);
#4728 = LINE('',#4729,#4730);
#4729 = CARTESIAN_POINT('',(-0.127,-7.8485,1.776));
#4730 = VECTOR('',#4731,1.);
#4731 = DIRECTION('',(-4.440892098501E-16,1.,0.));
#4732 = ORIENTED_EDGE('',*,*,#2948,.F.);
#4733 = ORIENTED_EDGE('',*,*,#4734,.F.);
#4734 = EDGE_CURVE('',#4735,#2949,#4737,.T.);
#4735 = VERTEX_POINT('',#4736);
#4736 = CARTESIAN_POINT('',(-0.127,-7.3915,0.));
#4737 = LINE('',#4738,#4739);
#4738 = CARTESIAN_POINT('',(-0.127,-7.3915,0.));
#4739 = VECTOR('',#4740,1.);
#4740 = DIRECTION('',(-4.440892098501E-16,1.,0.));
#4741 = ORIENTED_EDGE('',*,*,#4742,.F.);
#4742 = EDGE_CURVE('',#4743,#4735,#4745,.T.);
#4743 = VERTEX_POINT('',#4744);
#4744 = CARTESIAN_POINT('',(-0.127,-7.3915,-2.843));
#4745 = LINE('',#4746,#4747);
#4746 = CARTESIAN_POINT('',(-0.127,-7.3915,-2.843));
#4747 = VECTOR('',#4748,1.);
#4748 = DIRECTION('',(0.,0.,1.));
#4749 = ORIENTED_EDGE('',*,*,#4750,.F.);
#4750 = EDGE_CURVE('',#4751,#4743,#4753,.T.);
#4751 = VERTEX_POINT('',#4752);
#4752 = CARTESIAN_POINT('',(-0.127,-7.50575,-3.3));
#4753 = LINE('',#4754,#4755);
#4754 = CARTESIAN_POINT('',(-0.127,-7.50575,-3.3));
#4755 = VECTOR('',#4756,1.);
#4756 = DIRECTION('',(-1.077074540829E-16,0.242535625036,0.970142500145)
  );
#4757 = ORIENTED_EDGE('',*,*,#4758,.F.);
#4758 = EDGE_CURVE('',#4759,#4751,#4761,.T.);
#4759 = VERTEX_POINT('',#4760);
#4760 = CARTESIAN_POINT('',(-0.127,-7.73425,-3.3));
#4761 = LINE('',#4762,#4763);
#4762 = CARTESIAN_POINT('',(-0.127,-7.73425,-3.3));
#4763 = VECTOR('',#4764,1.);
#4764 = DIRECTION('',(-4.440892098501E-16,1.,0.));
#4765 = ORIENTED_EDGE('',*,*,#4766,.F.);
#4766 = EDGE_CURVE('',#2771,#4759,#4767,.T.);
#4767 = LINE('',#4768,#4769);
#4768 = CARTESIAN_POINT('',(-0.127,-7.8485,-2.843));
#4769 = VECTOR('',#4770,1.);
#4770 = DIRECTION('',(-1.077074540829E-16,0.242535625036,-0.970142500145
    ));
#4771 = PLANE('',#4772);
#4772 = AXIS2_PLACEMENT_3D('',#4773,#4774,#4775);
#4773 = CARTESIAN_POINT('',(-0.127,-7.8485,2.157));
#4774 = DIRECTION('',(-1.,-4.440892098501E-16,0.));
#4775 = DIRECTION('',(0.,0.,1.));
#4776 = ADVANCED_FACE('',(#4777),#4795,.F.);
#4777 = FACE_BOUND('',#4778,.F.);
#4778 = EDGE_LOOP('',(#4779,#4780,#4788,#4794));
#4779 = ORIENTED_EDGE('',*,*,#2812,.T.);
#4780 = ORIENTED_EDGE('',*,*,#4781,.T.);
#4781 = EDGE_CURVE('',#2805,#4782,#4784,.T.);
#4782 = VERTEX_POINT('',#4783);
#4783 = CARTESIAN_POINT('',(0.127,-7.73425,-3.3));
#4784 = LINE('',#4785,#4786);
#4785 = CARTESIAN_POINT('',(0.127,-7.8485,-2.843));
#4786 = VECTOR('',#4787,1.);
#4787 = DIRECTION('',(-1.077074540829E-16,0.242535625036,-0.970142500145
    ));
#4788 = ORIENTED_EDGE('',*,*,#4789,.F.);
#4789 = EDGE_CURVE('',#4759,#4782,#4790,.T.);
#4790 = LINE('',#4791,#4792);
#4791 = CARTESIAN_POINT('',(-0.127,-7.73425,-3.3));
#4792 = VECTOR('',#4793,1.);
#4793 = DIRECTION('',(1.,4.440892098501E-16,0.));
#4794 = ORIENTED_EDGE('',*,*,#4766,.F.);
#4795 = PLANE('',#4796);
#4796 = AXIS2_PLACEMENT_3D('',#4797,#4798,#4799);
#4797 = CARTESIAN_POINT('',(-0.127,-7.8485,-2.843));
#4798 = DIRECTION('',(-4.308298163317E-16,0.970142500145,0.242535625036)
  );
#4799 = DIRECTION('',(-1.077074540829E-16,0.242535625036,-0.970142500145
    ));
#4800 = ADVANCED_FACE('',(#4801),#4837,.F.);
#4801 = FACE_BOUND('',#4802,.F.);
#4802 = EDGE_LOOP('',(#4803,#4804,#4805,#4806,#4814,#4822,#4830,#4836));
#4803 = ORIENTED_EDGE('',*,*,#2804,.F.);
#4804 = ORIENTED_EDGE('',*,*,#2992,.T.);
#4805 = ORIENTED_EDGE('',*,*,#2964,.F.);
#4806 = ORIENTED_EDGE('',*,*,#4807,.F.);
#4807 = EDGE_CURVE('',#4808,#2957,#4810,.T.);
#4808 = VERTEX_POINT('',#4809);
#4809 = CARTESIAN_POINT('',(0.127,-7.3915,0.));
#4810 = LINE('',#4811,#4812);
#4811 = CARTESIAN_POINT('',(0.127,-7.3915,0.));
#4812 = VECTOR('',#4813,1.);
#4813 = DIRECTION('',(-4.440892098501E-16,1.,0.));
#4814 = ORIENTED_EDGE('',*,*,#4815,.F.);
#4815 = EDGE_CURVE('',#4816,#4808,#4818,.T.);
#4816 = VERTEX_POINT('',#4817);
#4817 = CARTESIAN_POINT('',(0.127,-7.3915,-2.843));
#4818 = LINE('',#4819,#4820);
#4819 = CARTESIAN_POINT('',(0.127,-7.3915,-2.843));
#4820 = VECTOR('',#4821,1.);
#4821 = DIRECTION('',(0.,0.,1.));
#4822 = ORIENTED_EDGE('',*,*,#4823,.F.);
#4823 = EDGE_CURVE('',#4824,#4816,#4826,.T.);
#4824 = VERTEX_POINT('',#4825);
#4825 = CARTESIAN_POINT('',(0.127,-7.50575,-3.3));
#4826 = LINE('',#4827,#4828);
#4827 = CARTESIAN_POINT('',(0.127,-7.50575,-3.3));
#4828 = VECTOR('',#4829,1.);
#4829 = DIRECTION('',(-1.077074540829E-16,0.242535625036,0.970142500145)
  );
#4830 = ORIENTED_EDGE('',*,*,#4831,.F.);
#4831 = EDGE_CURVE('',#4782,#4824,#4832,.T.);
#4832 = LINE('',#4833,#4834);
#4833 = CARTESIAN_POINT('',(0.127,-7.73425,-3.3));
#4834 = VECTOR('',#4835,1.);
#4835 = DIRECTION('',(-4.440892098501E-16,1.,0.));
#4836 = ORIENTED_EDGE('',*,*,#4781,.F.);
#4837 = PLANE('',#4838);
#4838 = AXIS2_PLACEMENT_3D('',#4839,#4840,#4841);
#4839 = CARTESIAN_POINT('',(0.127,-7.8485,2.157));
#4840 = DIRECTION('',(-1.,-4.440892098501E-16,0.));
#4841 = DIRECTION('',(0.,0.,1.));
#4842 = ADVANCED_FACE('',(#4843),#4856,.T.);
#4843 = FACE_BOUND('',#4844,.T.);
#4844 = EDGE_LOOP('',(#4845,#4846,#4847,#4848,#4849,#4855));
#4845 = ORIENTED_EDGE('',*,*,#2826,.F.);
#4846 = ORIENTED_EDGE('',*,*,#4546,.F.);
#4847 = ORIENTED_EDGE('',*,*,#3162,.F.);
#4848 = ORIENTED_EDGE('',*,*,#2931,.F.);
#4849 = ORIENTED_EDGE('',*,*,#4850,.F.);
#4850 = EDGE_CURVE('',#2779,#2932,#4851,.T.);
#4851 = LINE('',#4852,#4853);
#4852 = CARTESIAN_POINT('',(0.254,-7.8485,2.157));
#4853 = VECTOR('',#4854,1.);
#4854 = DIRECTION('',(-4.440892098501E-16,1.,0.));
#4855 = ORIENTED_EDGE('',*,*,#2787,.F.);
#4856 = PLANE('',#4857);
#4857 = AXIS2_PLACEMENT_3D('',#4858,#4859,#4860);
#4858 = CARTESIAN_POINT('',(3.81,-7.8485,2.157));
#4859 = DIRECTION('',(0.,0.,1.));
#4860 = DIRECTION('',(-4.440892098501E-16,1.,0.));
#4861 = ADVANCED_FACE('',(#4862),#4868,.T.);
#4862 = FACE_BOUND('',#4863,.T.);
#4863 = EDGE_LOOP('',(#4864,#4865,#4866,#4867));
#4864 = ORIENTED_EDGE('',*,*,#2778,.T.);
#4865 = ORIENTED_EDGE('',*,*,#4850,.T.);
#4866 = ORIENTED_EDGE('',*,*,#2939,.F.);
#4867 = ORIENTED_EDGE('',*,*,#4727,.F.);
#4868 = CYLINDRICAL_SURFACE('',#4869,0.381);
#4869 = AXIS2_PLACEMENT_3D('',#4870,#4871,#4872);
#4870 = CARTESIAN_POINT('',(0.254,-7.8485,1.776));
#4871 = DIRECTION('',(-4.440892098501E-16,1.,0.));
#4872 = DIRECTION('',(-1.,-4.440892098501E-16,0.));
#4873 = ADVANCED_FACE('',(#4874),#4885,.T.);
#4874 = FACE_BOUND('',#4875,.T.);
#4875 = EDGE_LOOP('',(#4876,#4882,#4883,#4884));
#4876 = ORIENTED_EDGE('',*,*,#4877,.T.);
#4877 = EDGE_CURVE('',#4676,#4598,#4878,.T.);
#4878 = LINE('',#4879,#4880);
#4879 = CARTESIAN_POINT('',(-0.127,-0.2285,0.));
#4880 = VECTOR('',#4881,1.);
#4881 = DIRECTION('',(1.,4.440892098501E-16,0.));
#4882 = ORIENTED_EDGE('',*,*,#4597,.T.);
#4883 = ORIENTED_EDGE('',*,*,#2875,.F.);
#4884 = ORIENTED_EDGE('',*,*,#4675,.F.);
#4885 = PLANE('',#4886);
#4886 = AXIS2_PLACEMENT_3D('',#4887,#4888,#4889);
#4887 = CARTESIAN_POINT('',(-0.127,-0.2285,0.));
#4888 = DIRECTION('',(0.,0.,-1.));
#4889 = DIRECTION('',(4.440892098501E-16,-1.,0.));
#4890 = ADVANCED_FACE('',(#4891),#4902,.F.);
#4891 = FACE_BOUND('',#4892,.F.);
#4892 = EDGE_LOOP('',(#4893,#4899,#4900,#4901));
#4893 = ORIENTED_EDGE('',*,*,#4894,.T.);
#4894 = EDGE_CURVE('',#4735,#4808,#4895,.T.);
#4895 = LINE('',#4896,#4897);
#4896 = CARTESIAN_POINT('',(-0.127,-7.3915,0.));
#4897 = VECTOR('',#4898,1.);
#4898 = DIRECTION('',(1.,4.440892098501E-16,0.));
#4899 = ORIENTED_EDGE('',*,*,#4807,.T.);
#4900 = ORIENTED_EDGE('',*,*,#2956,.F.);
#4901 = ORIENTED_EDGE('',*,*,#4734,.F.);
#4902 = PLANE('',#4903);
#4903 = AXIS2_PLACEMENT_3D('',#4904,#4905,#4906);
#4904 = CARTESIAN_POINT('',(-0.127,-7.3915,0.));
#4905 = DIRECTION('',(0.,0.,1.));
#4906 = DIRECTION('',(-4.440892098501E-16,1.,0.));
#4907 = ADVANCED_FACE('',(#4908),#4921,.T.);
#4908 = FACE_BOUND('',#4909,.T.);
#4909 = EDGE_LOOP('',(#4910,#4911,#4912,#4913,#4914,#4920));
#4910 = ORIENTED_EDGE('',*,*,#3334,.F.);
#4911 = ORIENTED_EDGE('',*,*,#4532,.F.);
#4912 = ORIENTED_EDGE('',*,*,#3015,.F.);
#4913 = ORIENTED_EDGE('',*,*,#3048,.F.);
#4914 = ORIENTED_EDGE('',*,*,#4915,.F.);
#4915 = EDGE_CURVE('',#3185,#3038,#4916,.T.);
#4916 = LINE('',#4917,#4918);
#4917 = CARTESIAN_POINT('',(0.254,-3.302,2.157));
#4918 = VECTOR('',#4919,1.);
#4919 = DIRECTION('',(-4.440892098501E-16,1.,0.));
#4920 = ORIENTED_EDGE('',*,*,#3195,.F.);
#4921 = PLANE('',#4922);
#4922 = AXIS2_PLACEMENT_3D('',#4923,#4924,#4925);
#4923 = CARTESIAN_POINT('',(3.683,-3.302,2.157));
#4924 = DIRECTION('',(0.,0.,1.));
#4925 = DIRECTION('',(-4.440892098501E-16,1.,0.));
#4926 = ADVANCED_FACE('',(#4927),#4938,.T.);
#4927 = FACE_BOUND('',#4928,.T.);
#4928 = EDGE_LOOP('',(#4929,#4930,#4931,#4937));
#4929 = ORIENTED_EDGE('',*,*,#4915,.T.);
#4930 = ORIENTED_EDGE('',*,*,#3037,.T.);
#4931 = ORIENTED_EDGE('',*,*,#4932,.F.);
#4932 = EDGE_CURVE('',#3187,#3040,#4933,.T.);
#4933 = LINE('',#4934,#4935);
#4934 = CARTESIAN_POINT('',(-0.127,-3.302,1.776));
#4935 = VECTOR('',#4936,1.);
#4936 = DIRECTION('',(-4.440892098501E-16,1.,0.));
#4937 = ORIENTED_EDGE('',*,*,#3184,.F.);
#4938 = CYLINDRICAL_SURFACE('',#4939,0.381);
#4939 = AXIS2_PLACEMENT_3D('',#4940,#4941,#4942);
#4940 = CARTESIAN_POINT('',(0.254,-3.302,1.776));
#4941 = DIRECTION('',(-4.440892098501E-16,1.,0.));
#4942 = DIRECTION('',(0.,0.,1.));
#4943 = ADVANCED_FACE('',(#4944),#5003,.F.);
#4944 = FACE_BOUND('',#4945,.F.);
#4945 = EDGE_LOOP('',(#4946,#4947,#4948,#4949,#4957,#4965,#4973,#4981,
    #4989,#4997));
#4946 = ORIENTED_EDGE('',*,*,#3081,.F.);
#4947 = ORIENTED_EDGE('',*,*,#4932,.F.);
#4948 = ORIENTED_EDGE('',*,*,#3228,.F.);
#4949 = ORIENTED_EDGE('',*,*,#4950,.F.);
#4950 = EDGE_CURVE('',#4951,#3221,#4953,.T.);
#4951 = VERTEX_POINT('',#4952);
#4952 = CARTESIAN_POINT('',(-0.127,-2.7685,0.));
#4953 = LINE('',#4954,#4955);
#4954 = CARTESIAN_POINT('',(-0.127,-2.7685,0.));
#4955 = VECTOR('',#4956,1.);
#4956 = DIRECTION('',(4.440892098501E-16,-1.,0.));
#4957 = ORIENTED_EDGE('',*,*,#4958,.F.);
#4958 = EDGE_CURVE('',#4959,#4951,#4961,.T.);
#4959 = VERTEX_POINT('',#4960);
#4960 = CARTESIAN_POINT('',(-0.127,-2.7685,-2.843));
#4961 = LINE('',#4962,#4963);
#4962 = CARTESIAN_POINT('',(-0.127,-2.7685,-2.843));
#4963 = VECTOR('',#4964,1.);
#4964 = DIRECTION('',(0.,0.,1.));
#4965 = ORIENTED_EDGE('',*,*,#4966,.F.);
#4966 = EDGE_CURVE('',#4967,#4959,#4969,.T.);
#4967 = VERTEX_POINT('',#4968);
#4968 = CARTESIAN_POINT('',(-0.127,-2.65425,-3.3));
#4969 = LINE('',#4970,#4971);
#4970 = CARTESIAN_POINT('',(-0.127,-2.65425,-3.3));
#4971 = VECTOR('',#4972,1.);
#4972 = DIRECTION('',(1.077074540829E-16,-0.242535625036,0.970142500145)
  );
#4973 = ORIENTED_EDGE('',*,*,#4974,.F.);
#4974 = EDGE_CURVE('',#4975,#4967,#4977,.T.);
#4975 = VERTEX_POINT('',#4976);
#4976 = CARTESIAN_POINT('',(-0.127,-2.42575,-3.3));
#4977 = LINE('',#4978,#4979);
#4978 = CARTESIAN_POINT('',(-0.127,-2.42575,-3.3));
#4979 = VECTOR('',#4980,1.);
#4980 = DIRECTION('',(4.440892098501E-16,-1.,0.));
#4981 = ORIENTED_EDGE('',*,*,#4982,.F.);
#4982 = EDGE_CURVE('',#4983,#4975,#4985,.T.);
#4983 = VERTEX_POINT('',#4984);
#4984 = CARTESIAN_POINT('',(-0.127,-2.3115,-2.843));
#4985 = LINE('',#4986,#4987);
#4986 = CARTESIAN_POINT('',(-0.127,-2.3115,-2.843));
#4987 = VECTOR('',#4988,1.);
#4988 = DIRECTION('',(1.077074540829E-16,-0.242535625036,-0.970142500145
    ));
#4989 = ORIENTED_EDGE('',*,*,#4990,.F.);
#4990 = EDGE_CURVE('',#4991,#4983,#4993,.T.);
#4991 = VERTEX_POINT('',#4992);
#4992 = CARTESIAN_POINT('',(-0.127,-2.3115,0.));
#4993 = LINE('',#4994,#4995);
#4994 = CARTESIAN_POINT('',(-0.127,-2.3115,0.));
#4995 = VECTOR('',#4996,1.);
#4996 = DIRECTION('',(-0.,0.,-1.));
#4997 = ORIENTED_EDGE('',*,*,#4998,.F.);
#4998 = EDGE_CURVE('',#3074,#4991,#4999,.T.);
#4999 = LINE('',#5000,#5001);
#5000 = CARTESIAN_POINT('',(-0.127,-1.778,0.));
#5001 = VECTOR('',#5002,1.);
#5002 = DIRECTION('',(4.440892098501E-16,-1.,0.));
#5003 = PLANE('',#5004);
#5004 = AXIS2_PLACEMENT_3D('',#5005,#5006,#5007);
#5005 = CARTESIAN_POINT('',(-0.127,-1.778,2.157));
#5006 = DIRECTION('',(1.,4.440892098501E-16,0.));
#5007 = DIRECTION('',(0.,0.,-1.));
#5008 = ADVANCED_FACE('',(#5009),#5027,.T.);
#5009 = FACE_BOUND('',#5010,.T.);
#5010 = EDGE_LOOP('',(#5011,#5012,#5020,#5026));
#5011 = ORIENTED_EDGE('',*,*,#3073,.T.);
#5012 = ORIENTED_EDGE('',*,*,#5013,.T.);
#5013 = EDGE_CURVE('',#3066,#5014,#5016,.T.);
#5014 = VERTEX_POINT('',#5015);
#5015 = CARTESIAN_POINT('',(0.127,-2.3115,0.));
#5016 = LINE('',#5017,#5018);
#5017 = CARTESIAN_POINT('',(0.127,-1.778,0.));
#5018 = VECTOR('',#5019,1.);
#5019 = DIRECTION('',(4.440892098501E-16,-1.,0.));
#5020 = ORIENTED_EDGE('',*,*,#5021,.F.);
#5021 = EDGE_CURVE('',#4991,#5014,#5022,.T.);
#5022 = LINE('',#5023,#5024);
#5023 = CARTESIAN_POINT('',(-0.127,-2.3115,0.));
#5024 = VECTOR('',#5025,1.);
#5025 = DIRECTION('',(1.,4.440892098501E-16,0.));
#5026 = ORIENTED_EDGE('',*,*,#4998,.F.);
#5027 = PLANE('',#5028);
#5028 = AXIS2_PLACEMENT_3D('',#5029,#5030,#5031);
#5029 = CARTESIAN_POINT('',(-0.127,-1.778,0.));
#5030 = DIRECTION('',(0.,0.,-1.));
#5031 = DIRECTION('',(4.440892098501E-16,-1.,0.));
#5032 = ADVANCED_FACE('',(#5033),#5085,.T.);
#5033 = FACE_BOUND('',#5034,.T.);
#5034 = EDGE_LOOP('',(#5035,#5036,#5037,#5038,#5046,#5054,#5062,#5070,
    #5078,#5084));
#5035 = ORIENTED_EDGE('',*,*,#3065,.F.);
#5036 = ORIENTED_EDGE('',*,*,#3242,.T.);
#5037 = ORIENTED_EDGE('',*,*,#3212,.F.);
#5038 = ORIENTED_EDGE('',*,*,#5039,.F.);
#5039 = EDGE_CURVE('',#5040,#3213,#5042,.T.);
#5040 = VERTEX_POINT('',#5041);
#5041 = CARTESIAN_POINT('',(0.127,-2.7685,0.));
#5042 = LINE('',#5043,#5044);
#5043 = CARTESIAN_POINT('',(0.127,-2.7685,0.));
#5044 = VECTOR('',#5045,1.);
#5045 = DIRECTION('',(4.440892098501E-16,-1.,0.));
#5046 = ORIENTED_EDGE('',*,*,#5047,.F.);
#5047 = EDGE_CURVE('',#5048,#5040,#5050,.T.);
#5048 = VERTEX_POINT('',#5049);
#5049 = CARTESIAN_POINT('',(0.127,-2.7685,-2.843));
#5050 = LINE('',#5051,#5052);
#5051 = CARTESIAN_POINT('',(0.127,-2.7685,-2.843));
#5052 = VECTOR('',#5053,1.);
#5053 = DIRECTION('',(0.,0.,1.));
#5054 = ORIENTED_EDGE('',*,*,#5055,.F.);
#5055 = EDGE_CURVE('',#5056,#5048,#5058,.T.);
#5056 = VERTEX_POINT('',#5057);
#5057 = CARTESIAN_POINT('',(0.127,-2.65425,-3.3));
#5058 = LINE('',#5059,#5060);
#5059 = CARTESIAN_POINT('',(0.127,-2.65425,-3.3));
#5060 = VECTOR('',#5061,1.);
#5061 = DIRECTION('',(1.077074540829E-16,-0.242535625036,0.970142500145)
  );
#5062 = ORIENTED_EDGE('',*,*,#5063,.F.);
#5063 = EDGE_CURVE('',#5064,#5056,#5066,.T.);
#5064 = VERTEX_POINT('',#5065);
#5065 = CARTESIAN_POINT('',(0.127,-2.42575,-3.3));
#5066 = LINE('',#5067,#5068);
#5067 = CARTESIAN_POINT('',(0.127,-2.42575,-3.3));
#5068 = VECTOR('',#5069,1.);
#5069 = DIRECTION('',(4.440892098501E-16,-1.,0.));
#5070 = ORIENTED_EDGE('',*,*,#5071,.F.);
#5071 = EDGE_CURVE('',#5072,#5064,#5074,.T.);
#5072 = VERTEX_POINT('',#5073);
#5073 = CARTESIAN_POINT('',(0.127,-2.3115,-2.843));
#5074 = LINE('',#5075,#5076);
#5075 = CARTESIAN_POINT('',(0.127,-2.3115,-2.843));
#5076 = VECTOR('',#5077,1.);
#5077 = DIRECTION('',(1.077074540829E-16,-0.242535625036,-0.970142500145
    ));
#5078 = ORIENTED_EDGE('',*,*,#5079,.F.);
#5079 = EDGE_CURVE('',#5014,#5072,#5080,.T.);
#5080 = LINE('',#5081,#5082);
#5081 = CARTESIAN_POINT('',(0.127,-2.3115,0.));
#5082 = VECTOR('',#5083,1.);
#5083 = DIRECTION('',(-0.,0.,-1.));
#5084 = ORIENTED_EDGE('',*,*,#5013,.F.);
#5085 = PLANE('',#5086);
#5086 = AXIS2_PLACEMENT_3D('',#5087,#5088,#5089);
#5087 = CARTESIAN_POINT('',(0.127,-1.778,2.157));
#5088 = DIRECTION('',(1.,4.440892098501E-16,0.));
#5089 = DIRECTION('',(0.,0.,-1.));
#5090 = ADVANCED_FACE('',(#5091),#5107,.T.);
#5091 = FACE_BOUND('',#5092,.T.);
#5092 = EDGE_LOOP('',(#5093,#5099,#5100,#5106));
#5093 = ORIENTED_EDGE('',*,*,#5094,.T.);
#5094 = EDGE_CURVE('',#3096,#3260,#5095,.T.);
#5095 = LINE('',#5096,#5097);
#5096 = CARTESIAN_POINT('',(0.254,-5.842,2.157));
#5097 = VECTOR('',#5098,1.);
#5098 = DIRECTION('',(-4.440892098501E-16,1.,0.));
#5099 = ORIENTED_EDGE('',*,*,#3259,.T.);
#5100 = ORIENTED_EDGE('',*,*,#5101,.F.);
#5101 = EDGE_CURVE('',#3098,#3262,#5102,.T.);
#5102 = LINE('',#5103,#5104);
#5103 = CARTESIAN_POINT('',(-0.127,-5.842,1.776));
#5104 = VECTOR('',#5105,1.);
#5105 = DIRECTION('',(-4.440892098501E-16,1.,0.));
#5106 = ORIENTED_EDGE('',*,*,#3095,.F.);
#5107 = CYLINDRICAL_SURFACE('',#5108,0.381);
#5108 = AXIS2_PLACEMENT_3D('',#5109,#5110,#5111);
#5109 = CARTESIAN_POINT('',(0.254,-5.842,1.776));
#5110 = DIRECTION('',(-4.440892098501E-16,1.,0.));
#5111 = DIRECTION('',(0.,0.,1.));
#5112 = ADVANCED_FACE('',(#5113),#5172,.F.);
#5113 = FACE_BOUND('',#5114,.F.);
#5114 = EDGE_LOOP('',(#5115,#5116,#5117,#5118,#5126,#5134,#5142,#5150,
    #5158,#5166));
#5115 = ORIENTED_EDGE('',*,*,#3303,.F.);
#5116 = ORIENTED_EDGE('',*,*,#5101,.F.);
#5117 = ORIENTED_EDGE('',*,*,#3139,.F.);
#5118 = ORIENTED_EDGE('',*,*,#5119,.F.);
#5119 = EDGE_CURVE('',#5120,#3132,#5122,.T.);
#5120 = VERTEX_POINT('',#5121);
#5121 = CARTESIAN_POINT('',(-0.127,-5.3085,0.));
#5122 = LINE('',#5123,#5124);
#5123 = CARTESIAN_POINT('',(-0.127,-5.3085,0.));
#5124 = VECTOR('',#5125,1.);
#5125 = DIRECTION('',(4.440892098501E-16,-1.,0.));
#5126 = ORIENTED_EDGE('',*,*,#5127,.F.);
#5127 = EDGE_CURVE('',#5128,#5120,#5130,.T.);
#5128 = VERTEX_POINT('',#5129);
#5129 = CARTESIAN_POINT('',(-0.127,-5.3085,-2.843));
#5130 = LINE('',#5131,#5132);
#5131 = CARTESIAN_POINT('',(-0.127,-5.3085,-2.843));
#5132 = VECTOR('',#5133,1.);
#5133 = DIRECTION('',(0.,0.,1.));
#5134 = ORIENTED_EDGE('',*,*,#5135,.F.);
#5135 = EDGE_CURVE('',#5136,#5128,#5138,.T.);
#5136 = VERTEX_POINT('',#5137);
#5137 = CARTESIAN_POINT('',(-0.127,-5.19425,-3.3));
#5138 = LINE('',#5139,#5140);
#5139 = CARTESIAN_POINT('',(-0.127,-5.19425,-3.3));
#5140 = VECTOR('',#5141,1.);
#5141 = DIRECTION('',(1.077074540829E-16,-0.242535625036,0.970142500145)
  );
#5142 = ORIENTED_EDGE('',*,*,#5143,.F.);
#5143 = EDGE_CURVE('',#5144,#5136,#5146,.T.);
#5144 = VERTEX_POINT('',#5145);
#5145 = CARTESIAN_POINT('',(-0.127,-4.96575,-3.3));
#5146 = LINE('',#5147,#5148);
#5147 = CARTESIAN_POINT('',(-0.127,-4.96575,-3.3));
#5148 = VECTOR('',#5149,1.);
#5149 = DIRECTION('',(4.440892098501E-16,-1.,0.));
#5150 = ORIENTED_EDGE('',*,*,#5151,.F.);
#5151 = EDGE_CURVE('',#5152,#5144,#5154,.T.);
#5152 = VERTEX_POINT('',#5153);
#5153 = CARTESIAN_POINT('',(-0.127,-4.8515,-2.843));
#5154 = LINE('',#5155,#5156);
#5155 = CARTESIAN_POINT('',(-0.127,-4.8515,-2.843));
#5156 = VECTOR('',#5157,1.);
#5157 = DIRECTION('',(1.077074540829E-16,-0.242535625036,-0.970142500145
    ));
#5158 = ORIENTED_EDGE('',*,*,#5159,.F.);
#5159 = EDGE_CURVE('',#5160,#5152,#5162,.T.);
#5160 = VERTEX_POINT('',#5161);
#5161 = CARTESIAN_POINT('',(-0.127,-4.8515,0.));
#5162 = LINE('',#5163,#5164);
#5163 = CARTESIAN_POINT('',(-0.127,-4.8515,0.));
#5164 = VECTOR('',#5165,1.);
#5165 = DIRECTION('',(-0.,0.,-1.));
#5166 = ORIENTED_EDGE('',*,*,#5167,.F.);
#5167 = EDGE_CURVE('',#3296,#5160,#5168,.T.);
#5168 = LINE('',#5169,#5170);
#5169 = CARTESIAN_POINT('',(-0.127,-4.318,0.));
#5170 = VECTOR('',#5171,1.);
#5171 = DIRECTION('',(4.440892098501E-16,-1.,0.));
#5172 = PLANE('',#5173);
#5173 = AXIS2_PLACEMENT_3D('',#5174,#5175,#5176);
#5174 = CARTESIAN_POINT('',(-0.127,-4.318,2.157));
#5175 = DIRECTION('',(1.,4.440892098501E-16,0.));
#5176 = DIRECTION('',(0.,0.,-1.));
#5177 = ADVANCED_FACE('',(#5178),#5196,.T.);
#5178 = FACE_BOUND('',#5179,.T.);
#5179 = EDGE_LOOP('',(#5180,#5188,#5194,#5195));
#5180 = ORIENTED_EDGE('',*,*,#5181,.T.);
#5181 = EDGE_CURVE('',#5120,#5182,#5184,.T.);
#5182 = VERTEX_POINT('',#5183);
#5183 = CARTESIAN_POINT('',(0.127,-5.3085,0.));
#5184 = LINE('',#5185,#5186);
#5185 = CARTESIAN_POINT('',(-0.127,-5.3085,0.));
#5186 = VECTOR('',#5187,1.);
#5187 = DIRECTION('',(1.,4.440892098501E-16,0.));
#5188 = ORIENTED_EDGE('',*,*,#5189,.T.);
#5189 = EDGE_CURVE('',#5182,#3124,#5190,.T.);
#5190 = LINE('',#5191,#5192);
#5191 = CARTESIAN_POINT('',(0.127,-5.3085,0.));
#5192 = VECTOR('',#5193,1.);
#5193 = DIRECTION('',(4.440892098501E-16,-1.,0.));
#5194 = ORIENTED_EDGE('',*,*,#3131,.F.);
#5195 = ORIENTED_EDGE('',*,*,#5119,.F.);
#5196 = PLANE('',#5197);
#5197 = AXIS2_PLACEMENT_3D('',#5198,#5199,#5200);
#5198 = CARTESIAN_POINT('',(-0.127,-5.3085,0.));
#5199 = DIRECTION('',(0.,0.,-1.));
#5200 = DIRECTION('',(4.440892098501E-16,-1.,0.));
#5201 = ADVANCED_FACE('',(#5202),#5254,.T.);
#5202 = FACE_BOUND('',#5203,.T.);
#5203 = EDGE_LOOP('',(#5204,#5205,#5206,#5207,#5208,#5216,#5224,#5232,
    #5240,#5248));
#5204 = ORIENTED_EDGE('',*,*,#3287,.F.);
#5205 = ORIENTED_EDGE('',*,*,#3317,.T.);
#5206 = ORIENTED_EDGE('',*,*,#3123,.F.);
#5207 = ORIENTED_EDGE('',*,*,#5189,.F.);
#5208 = ORIENTED_EDGE('',*,*,#5209,.F.);
#5209 = EDGE_CURVE('',#5210,#5182,#5212,.T.);
#5210 = VERTEX_POINT('',#5211);
#5211 = CARTESIAN_POINT('',(0.127,-5.3085,-2.843));
#5212 = LINE('',#5213,#5214);
#5213 = CARTESIAN_POINT('',(0.127,-5.3085,-2.843));
#5214 = VECTOR('',#5215,1.);
#5215 = DIRECTION('',(0.,0.,1.));
#5216 = ORIENTED_EDGE('',*,*,#5217,.F.);
#5217 = EDGE_CURVE('',#5218,#5210,#5220,.T.);
#5218 = VERTEX_POINT('',#5219);
#5219 = CARTESIAN_POINT('',(0.127,-5.19425,-3.3));
#5220 = LINE('',#5221,#5222);
#5221 = CARTESIAN_POINT('',(0.127,-5.19425,-3.3));
#5222 = VECTOR('',#5223,1.);
#5223 = DIRECTION('',(1.077074540829E-16,-0.242535625036,0.970142500145)
  );
#5224 = ORIENTED_EDGE('',*,*,#5225,.F.);
#5225 = EDGE_CURVE('',#5226,#5218,#5228,.T.);
#5226 = VERTEX_POINT('',#5227);
#5227 = CARTESIAN_POINT('',(0.127,-4.96575,-3.3));
#5228 = LINE('',#5229,#5230);
#5229 = CARTESIAN_POINT('',(0.127,-4.96575,-3.3));
#5230 = VECTOR('',#5231,1.);
#5231 = DIRECTION('',(4.440892098501E-16,-1.,0.));
#5232 = ORIENTED_EDGE('',*,*,#5233,.F.);
#5233 = EDGE_CURVE('',#5234,#5226,#5236,.T.);
#5234 = VERTEX_POINT('',#5235);
#5235 = CARTESIAN_POINT('',(0.127,-4.8515,-2.843));
#5236 = LINE('',#5237,#5238);
#5237 = CARTESIAN_POINT('',(0.127,-4.8515,-2.843));
#5238 = VECTOR('',#5239,1.);
#5239 = DIRECTION('',(1.077074540829E-16,-0.242535625036,-0.970142500145
    ));
#5240 = ORIENTED_EDGE('',*,*,#5241,.F.);
#5241 = EDGE_CURVE('',#5242,#5234,#5244,.T.);
#5242 = VERTEX_POINT('',#5243);
#5243 = CARTESIAN_POINT('',(0.127,-4.8515,0.));
#5244 = LINE('',#5245,#5246);
#5245 = CARTESIAN_POINT('',(0.127,-4.8515,0.));
#5246 = VECTOR('',#5247,1.);
#5247 = DIRECTION('',(-0.,0.,-1.));
#5248 = ORIENTED_EDGE('',*,*,#5249,.F.);
#5249 = EDGE_CURVE('',#3288,#5242,#5250,.T.);
#5250 = LINE('',#5251,#5252);
#5251 = CARTESIAN_POINT('',(0.127,-4.318,0.));
#5252 = VECTOR('',#5253,1.);
#5253 = DIRECTION('',(4.440892098501E-16,-1.,0.));
#5254 = PLANE('',#5255);
#5255 = AXIS2_PLACEMENT_3D('',#5256,#5257,#5258);
#5256 = CARTESIAN_POINT('',(0.127,-4.318,2.157));
#5257 = DIRECTION('',(1.,4.440892098501E-16,0.));
#5258 = DIRECTION('',(0.,0.,-1.));
#5259 = ADVANCED_FACE('',(#5260),#5268,.T.);
#5260 = FACE_BOUND('',#5261,.T.);
#5261 = EDGE_LOOP('',(#5262,#5263,#5264,#5265,#5266,#5267));
#5262 = ORIENTED_EDGE('',*,*,#3153,.F.);
#5263 = ORIENTED_EDGE('',*,*,#4539,.F.);
#5264 = ORIENTED_EDGE('',*,*,#3343,.F.);
#5265 = ORIENTED_EDGE('',*,*,#3270,.F.);
#5266 = ORIENTED_EDGE('',*,*,#5094,.F.);
#5267 = ORIENTED_EDGE('',*,*,#3106,.F.);
#5268 = PLANE('',#5269);
#5269 = AXIS2_PLACEMENT_3D('',#5270,#5271,#5272);
#5270 = CARTESIAN_POINT('',(3.683,-5.842,2.157));
#5271 = DIRECTION('',(0.,0.,1.));
#5272 = DIRECTION('',(-4.440892098501E-16,1.,0.));
#5273 = ADVANCED_FACE('',(#5274),#5285,.T.);
#5274 = FACE_BOUND('',#5275,.T.);
#5275 = EDGE_LOOP('',(#5276,#5282,#5283,#5284));
#5276 = ORIENTED_EDGE('',*,*,#5277,.T.);
#5277 = EDGE_CURVE('',#4951,#5040,#5278,.T.);
#5278 = LINE('',#5279,#5280);
#5279 = CARTESIAN_POINT('',(-0.127,-2.7685,0.));
#5280 = VECTOR('',#5281,1.);
#5281 = DIRECTION('',(1.,4.440892098501E-16,0.));
#5282 = ORIENTED_EDGE('',*,*,#5039,.T.);
#5283 = ORIENTED_EDGE('',*,*,#3220,.F.);
#5284 = ORIENTED_EDGE('',*,*,#4950,.F.);
#5285 = PLANE('',#5286);
#5286 = AXIS2_PLACEMENT_3D('',#5287,#5288,#5289);
#5287 = CARTESIAN_POINT('',(-0.127,-2.7685,0.));
#5288 = DIRECTION('',(0.,0.,-1.));
#5289 = DIRECTION('',(4.440892098501E-16,-1.,0.));
#5290 = ADVANCED_FACE('',(#5291),#5302,.T.);
#5291 = FACE_BOUND('',#5292,.T.);
#5292 = EDGE_LOOP('',(#5293,#5294,#5295,#5301));
#5293 = ORIENTED_EDGE('',*,*,#3295,.T.);
#5294 = ORIENTED_EDGE('',*,*,#5249,.T.);
#5295 = ORIENTED_EDGE('',*,*,#5296,.F.);
#5296 = EDGE_CURVE('',#5160,#5242,#5297,.T.);
#5297 = LINE('',#5298,#5299);
#5298 = CARTESIAN_POINT('',(-0.127,-4.8515,0.));
#5299 = VECTOR('',#5300,1.);
#5300 = DIRECTION('',(1.,4.440892098501E-16,0.));
#5301 = ORIENTED_EDGE('',*,*,#5167,.F.);
#5302 = PLANE('',#5303);
#5303 = AXIS2_PLACEMENT_3D('',#5304,#5305,#5306);
#5304 = CARTESIAN_POINT('',(-0.127,-4.318,0.));
#5305 = DIRECTION('',(0.,0.,-1.));
#5306 = DIRECTION('',(4.440892098501E-16,-1.,0.));
#5307 = ADVANCED_FACE('',(#5308),#5319,.T.);
#5308 = FACE_BOUND('',#5309,.T.);
#5309 = EDGE_LOOP('',(#5310,#5311,#5312,#5318));
#5310 = ORIENTED_EDGE('',*,*,#3367,.T.);
#5311 = ORIENTED_EDGE('',*,*,#3426,.T.);
#5312 = ORIENTED_EDGE('',*,*,#5313,.F.);
#5313 = EDGE_CURVE('',#4554,#3419,#5314,.T.);
#5314 = LINE('',#5315,#5316);
#5315 = CARTESIAN_POINT('',(1.033723643423,-8.046276356577,3.68));
#5316 = VECTOR('',#5317,1.);
#5317 = DIRECTION('',(1.,4.440892098501E-16,0.));
#5318 = ORIENTED_EDGE('',*,*,#4553,.F.);
#5319 = B_SPLINE_SURFACE_WITH_KNOTS('',1,1,(
    (#5320,#5321)
    ,(#5322,#5323
    )),.UNSPECIFIED.,.F.,.F.,.F.,(2,2),(2,2),(0.,6.2),(0.,1.),
  .PIECEWISE_BEZIER_KNOTS.);
#5320 = CARTESIAN_POINT('',(0.71,-8.37,2.157));
#5321 = CARTESIAN_POINT('',(1.033723643423,-8.046276356577,3.68));
#5322 = CARTESIAN_POINT('',(6.91,-8.37,2.157));
#5323 = CARTESIAN_POINT('',(6.586276356577,-8.046276356577,3.68));
#5324 = ADVANCED_FACE('',(#5325),#5348,.F.);
#5325 = FACE_BOUND('',#5326,.F.);
#5326 = EDGE_LOOP('',(#5327,#5328,#5329,#5330,#5331,#5340,#5347));
#5327 = ORIENTED_EDGE('',*,*,#3418,.F.);
#5328 = ORIENTED_EDGE('',*,*,#5313,.F.);
#5329 = ORIENTED_EDGE('',*,*,#4560,.F.);
#5330 = ORIENTED_EDGE('',*,*,#4184,.F.);
#5331 = ORIENTED_EDGE('',*,*,#5332,.F.);
#5332 = EDGE_CURVE('',#5333,#4185,#5335,.T.);
#5333 = VERTEX_POINT('',#5334);
#5334 = CARTESIAN_POINT('',(3.81,-0.248723643423,3.68));
#5335 = CIRCLE('',#5336,0.75);
#5336 = AXIS2_PLACEMENT_3D('',#5337,#5338,#5339);
#5337 = CARTESIAN_POINT('',(3.81,0.501276356577,3.68));
#5338 = DIRECTION('',(0.,-0.,-1.));
#5339 = DIRECTION('',(4.440892098501E-16,-1.,0.));
#5340 = ORIENTED_EDGE('',*,*,#5341,.F.);
#5341 = EDGE_CURVE('',#4405,#5333,#5342,.T.);
#5342 = CIRCLE('',#5343,0.75);
#5343 = AXIS2_PLACEMENT_3D('',#5344,#5345,#5346);
#5344 = CARTESIAN_POINT('',(3.81,0.501276356577,3.68));
#5345 = DIRECTION('',(0.,-0.,-1.));
#5346 = DIRECTION('',(4.440892098501E-16,-1.,0.));
#5347 = ORIENTED_EDGE('',*,*,#4510,.F.);
#5348 = PLANE('',#5349);
#5349 = AXIS2_PLACEMENT_3D('',#5350,#5351,#5352);
#5350 = CARTESIAN_POINT('',(6.586276356577,-8.046276356577,3.68));
#5351 = DIRECTION('',(-0.,0.,-1.));
#5352 = DIRECTION('',(-0.548134684942,0.836390080742,0.));
#5353 = ADVANCED_FACE('',(#5354),#5365,.T.);
#5354 = FACE_BOUND('',#5355,.T.);
#5355 = EDGE_LOOP('',(#5356,#5357,#5358,#5364));
#5356 = ORIENTED_EDGE('',*,*,#3509,.T.);
#5357 = ORIENTED_EDGE('',*,*,#3485,.T.);
#5358 = ORIENTED_EDGE('',*,*,#5359,.F.);
#5359 = EDGE_CURVE('',#3556,#3478,#5360,.T.);
#5360 = LINE('',#5361,#5362);
#5361 = CARTESIAN_POINT('',(7.747,-7.50575,-3.3));
#5362 = VECTOR('',#5363,1.);
#5363 = DIRECTION('',(-1.,-3.216245299353E-16,0.));
#5364 = ORIENTED_EDGE('',*,*,#3563,.F.);
#5365 = PLANE('',#5366);
#5366 = AXIS2_PLACEMENT_3D('',#5367,#5368,#5369);
#5367 = CARTESIAN_POINT('',(7.747,-7.73425,-3.3));
#5368 = DIRECTION('',(-0.,0.,-1.));
#5369 = DIRECTION('',(-3.216245299353E-16,1.,0.));
#5370 = ADVANCED_FACE('',(#5371),#5382,.T.);
#5371 = FACE_BOUND('',#5372,.T.);
#5372 = EDGE_LOOP('',(#5373,#5374,#5375,#5381));
#5373 = ORIENTED_EDGE('',*,*,#5359,.T.);
#5374 = ORIENTED_EDGE('',*,*,#3477,.T.);
#5375 = ORIENTED_EDGE('',*,*,#5376,.F.);
#5376 = EDGE_CURVE('',#3548,#3470,#5377,.T.);
#5377 = LINE('',#5378,#5379);
#5378 = CARTESIAN_POINT('',(7.747,-7.3915,-2.843));
#5379 = VECTOR('',#5380,1.);
#5380 = DIRECTION('',(-1.,-3.216245299353E-16,0.));
#5381 = ORIENTED_EDGE('',*,*,#3555,.F.);
#5382 = PLANE('',#5383);
#5383 = AXIS2_PLACEMENT_3D('',#5384,#5385,#5386);
#5384 = CARTESIAN_POINT('',(7.747,-7.50575,-3.3));
#5385 = DIRECTION('',(-3.120216255796E-16,0.970142500145,-0.242535625036
    ));
#5386 = DIRECTION('',(-7.800540639491E-17,0.242535625036,0.970142500145)
  );
#5387 = ADVANCED_FACE('',(#5388),#5394,.T.);
#5388 = FACE_BOUND('',#5389,.T.);
#5389 = EDGE_LOOP('',(#5390,#5391,#5392,#5393));
#5390 = ORIENTED_EDGE('',*,*,#5376,.T.);
#5391 = ORIENTED_EDGE('',*,*,#3469,.T.);
#5392 = ORIENTED_EDGE('',*,*,#3741,.F.);
#5393 = ORIENTED_EDGE('',*,*,#3547,.F.);
#5394 = PLANE('',#5395);
#5395 = AXIS2_PLACEMENT_3D('',#5396,#5397,#5398);
#5396 = CARTESIAN_POINT('',(7.747,-7.3915,-2.843));
#5397 = DIRECTION('',(-3.216245299353E-16,1.,0.));
#5398 = DIRECTION('',(0.,0.,1.));
#5399 = ADVANCED_FACE('',(#5400),#5411,.F.);
#5400 = FACE_BOUND('',#5401,.F.);
#5401 = EDGE_LOOP('',(#5402,#5403,#5404,#5410));
#5402 = ORIENTED_EDGE('',*,*,#3684,.T.);
#5403 = ORIENTED_EDGE('',*,*,#3726,.T.);
#5404 = ORIENTED_EDGE('',*,*,#5405,.F.);
#5405 = EDGE_CURVE('',#3646,#3719,#5406,.T.);
#5406 = LINE('',#5407,#5408);
#5407 = CARTESIAN_POINT('',(7.747,-0.11425,-3.3));
#5408 = VECTOR('',#5409,1.);
#5409 = DIRECTION('',(-1.,-3.216245299353E-16,0.));
#5410 = ORIENTED_EDGE('',*,*,#3653,.F.);
#5411 = PLANE('',#5412);
#5412 = AXIS2_PLACEMENT_3D('',#5413,#5414,#5415);
#5413 = CARTESIAN_POINT('',(7.747,0.11425,-3.3));
#5414 = DIRECTION('',(0.,0.,1.));
#5415 = DIRECTION('',(3.216245299353E-16,-1.,0.));
#5416 = ADVANCED_FACE('',(#5417),#5428,.F.);
#5417 = FACE_BOUND('',#5418,.F.);
#5418 = EDGE_LOOP('',(#5419,#5420,#5421,#5427));
#5419 = ORIENTED_EDGE('',*,*,#5405,.T.);
#5420 = ORIENTED_EDGE('',*,*,#3718,.T.);
#5421 = ORIENTED_EDGE('',*,*,#5422,.F.);
#5422 = EDGE_CURVE('',#3638,#3711,#5423,.T.);
#5423 = LINE('',#5424,#5425);
#5424 = CARTESIAN_POINT('',(7.747,-0.2285,-2.843));
#5425 = VECTOR('',#5426,1.);
#5426 = DIRECTION('',(-1.,-3.216245299353E-16,0.));
#5427 = ORIENTED_EDGE('',*,*,#3645,.F.);
#5428 = PLANE('',#5429);
#5429 = AXIS2_PLACEMENT_3D('',#5430,#5431,#5432);
#5430 = CARTESIAN_POINT('',(7.747,-0.11425,-3.3));
#5431 = DIRECTION('',(-3.120216255796E-16,0.970142500145,0.242535625036)
  );
#5432 = DIRECTION('',(7.800540639491E-17,-0.242535625036,0.970142500145)
  );
#5433 = ADVANCED_FACE('',(#5434),#5440,.F.);
#5434 = FACE_BOUND('',#5435,.F.);
#5435 = EDGE_LOOP('',(#5436,#5437,#5438,#5439));
#5436 = ORIENTED_EDGE('',*,*,#5422,.T.);
#5437 = ORIENTED_EDGE('',*,*,#3710,.T.);
#5438 = ORIENTED_EDGE('',*,*,#3758,.F.);
#5439 = ORIENTED_EDGE('',*,*,#3637,.F.);
#5440 = PLANE('',#5441);
#5441 = AXIS2_PLACEMENT_3D('',#5442,#5443,#5444);
#5442 = CARTESIAN_POINT('',(7.747,-0.2285,-2.843));
#5443 = DIRECTION('',(-3.216245299353E-16,1.,0.));
#5444 = DIRECTION('',(0.,0.,1.));
#5445 = ADVANCED_FACE('',(#5446),#5457,.T.);
#5446 = FACE_BOUND('',#5447,.T.);
#5447 = EDGE_LOOP('',(#5448,#5449,#5450,#5456));
#5448 = ORIENTED_EDGE('',*,*,#3861,.T.);
#5449 = ORIENTED_EDGE('',*,*,#3837,.T.);
#5450 = ORIENTED_EDGE('',*,*,#5451,.F.);
#5451 = EDGE_CURVE('',#3924,#3830,#5452,.T.);
#5452 = LINE('',#5453,#5454);
#5453 = CARTESIAN_POINT('',(7.747,-5.3085,-2.843));
#5454 = VECTOR('',#5455,1.);
#5455 = DIRECTION('',(-1.,-3.216245299353E-16,0.));
#5456 = ORIENTED_EDGE('',*,*,#3931,.F.);
#5457 = PLANE('',#5458);
#5458 = AXIS2_PLACEMENT_3D('',#5459,#5460,#5461);
#5459 = CARTESIAN_POINT('',(7.747,-5.3085,0.));
#5460 = DIRECTION('',(3.216245299353E-16,-1.,0.));
#5461 = DIRECTION('',(0.,0.,-1.));
#5462 = ADVANCED_FACE('',(#5463),#5474,.T.);
#5463 = FACE_BOUND('',#5464,.T.);
#5464 = EDGE_LOOP('',(#5465,#5466,#5467,#5473));
#5465 = ORIENTED_EDGE('',*,*,#5451,.T.);
#5466 = ORIENTED_EDGE('',*,*,#3829,.T.);
#5467 = ORIENTED_EDGE('',*,*,#5468,.F.);
#5468 = EDGE_CURVE('',#3916,#3822,#5469,.T.);
#5469 = LINE('',#5470,#5471);
#5470 = CARTESIAN_POINT('',(7.747,-5.19425,-3.3));
#5471 = VECTOR('',#5472,1.);
#5472 = DIRECTION('',(-1.,-3.216245299353E-16,0.));
#5473 = ORIENTED_EDGE('',*,*,#3923,.F.);
#5474 = PLANE('',#5475);
#5475 = AXIS2_PLACEMENT_3D('',#5476,#5477,#5478);
#5476 = CARTESIAN_POINT('',(7.747,-5.3085,-2.843));
#5477 = DIRECTION('',(3.120216255796E-16,-0.970142500145,-0.242535625036
    ));
#5478 = DIRECTION('',(-7.800540639491E-17,0.242535625036,-0.970142500145
    ));
#5479 = ADVANCED_FACE('',(#5480),#5491,.T.);
#5480 = FACE_BOUND('',#5481,.T.);
#5481 = EDGE_LOOP('',(#5482,#5488,#5489,#5490));
#5482 = ORIENTED_EDGE('',*,*,#5483,.T.);
#5483 = EDGE_CURVE('',#3900,#3806,#5484,.T.);
#5484 = LINE('',#5485,#5486);
#5485 = CARTESIAN_POINT('',(7.747,-4.8515,-2.843));
#5486 = VECTOR('',#5487,1.);
#5487 = DIRECTION('',(-1.,-3.216245299353E-16,0.));
#5488 = ORIENTED_EDGE('',*,*,#3805,.T.);
#5489 = ORIENTED_EDGE('',*,*,#4141,.F.);
#5490 = ORIENTED_EDGE('',*,*,#3899,.F.);
#5491 = PLANE('',#5492);
#5492 = AXIS2_PLACEMENT_3D('',#5493,#5494,#5495);
#5493 = CARTESIAN_POINT('',(7.747,-4.8515,-2.843));
#5494 = DIRECTION('',(-3.216245299353E-16,1.,0.));
#5495 = DIRECTION('',(0.,0.,1.));
#5496 = ADVANCED_FACE('',(#5497),#5508,.T.);
#5497 = FACE_BOUND('',#5498,.T.);
#5498 = EDGE_LOOP('',(#5499,#5500,#5501,#5507));
#5499 = ORIENTED_EDGE('',*,*,#5468,.T.);
#5500 = ORIENTED_EDGE('',*,*,#3821,.T.);
#5501 = ORIENTED_EDGE('',*,*,#5502,.F.);
#5502 = EDGE_CURVE('',#3908,#3814,#5503,.T.);
#5503 = LINE('',#5504,#5505);
#5504 = CARTESIAN_POINT('',(7.747,-4.96575,-3.3));
#5505 = VECTOR('',#5506,1.);
#5506 = DIRECTION('',(-1.,-3.216245299353E-16,0.));
#5507 = ORIENTED_EDGE('',*,*,#3915,.F.);
#5508 = PLANE('',#5509);
#5509 = AXIS2_PLACEMENT_3D('',#5510,#5511,#5512);
#5510 = CARTESIAN_POINT('',(7.747,-5.19425,-3.3));
#5511 = DIRECTION('',(-0.,0.,-1.));
#5512 = DIRECTION('',(-3.216245299353E-16,1.,0.));
#5513 = ADVANCED_FACE('',(#5514),#5520,.T.);
#5514 = FACE_BOUND('',#5515,.T.);
#5515 = EDGE_LOOP('',(#5516,#5517,#5518,#5519));
#5516 = ORIENTED_EDGE('',*,*,#5502,.T.);
#5517 = ORIENTED_EDGE('',*,*,#3813,.T.);
#5518 = ORIENTED_EDGE('',*,*,#5483,.F.);
#5519 = ORIENTED_EDGE('',*,*,#3907,.F.);
#5520 = PLANE('',#5521);
#5521 = AXIS2_PLACEMENT_3D('',#5522,#5523,#5524);
#5522 = CARTESIAN_POINT('',(7.747,-4.96575,-3.3));
#5523 = DIRECTION('',(-3.120216255796E-16,0.970142500145,-0.242535625036
    ));
#5524 = DIRECTION('',(-7.800540639491E-17,0.242535625036,0.970142500145)
  );
#5525 = ADVANCED_FACE('',(#5526),#5537,.T.);
#5526 = FACE_BOUND('',#5527,.T.);
#5527 = EDGE_LOOP('',(#5528,#5529,#5530,#5536));
#5528 = ORIENTED_EDGE('',*,*,#4160,.T.);
#5529 = ORIENTED_EDGE('',*,*,#4001,.T.);
#5530 = ORIENTED_EDGE('',*,*,#5531,.F.);
#5531 = EDGE_CURVE('',#4081,#3994,#5532,.T.);
#5532 = LINE('',#5533,#5534);
#5533 = CARTESIAN_POINT('',(7.747,-2.7685,-2.843));
#5534 = VECTOR('',#5535,1.);
#5535 = DIRECTION('',(-1.,-3.216245299353E-16,0.));
#5536 = ORIENTED_EDGE('',*,*,#4088,.F.);
#5537 = PLANE('',#5538);
#5538 = AXIS2_PLACEMENT_3D('',#5539,#5540,#5541);
#5539 = CARTESIAN_POINT('',(7.747,-2.7685,0.));
#5540 = DIRECTION('',(3.216245299353E-16,-1.,0.));
#5541 = DIRECTION('',(0.,0.,-1.));
#5542 = ADVANCED_FACE('',(#5543),#5554,.T.);
#5543 = FACE_BOUND('',#5544,.T.);
#5544 = EDGE_LOOP('',(#5545,#5546,#5547,#5553));
#5545 = ORIENTED_EDGE('',*,*,#5531,.T.);
#5546 = ORIENTED_EDGE('',*,*,#3993,.T.);
#5547 = ORIENTED_EDGE('',*,*,#5548,.F.);
#5548 = EDGE_CURVE('',#4073,#3986,#5549,.T.);
#5549 = LINE('',#5550,#5551);
#5550 = CARTESIAN_POINT('',(7.747,-2.65425,-3.3));
#5551 = VECTOR('',#5552,1.);
#5552 = DIRECTION('',(-1.,-3.216245299353E-16,0.));
#5553 = ORIENTED_EDGE('',*,*,#4080,.F.);
#5554 = PLANE('',#5555);
#5555 = AXIS2_PLACEMENT_3D('',#5556,#5557,#5558);
#5556 = CARTESIAN_POINT('',(7.747,-2.7685,-2.843));
#5557 = DIRECTION('',(3.120216255796E-16,-0.970142500145,-0.242535625036
    ));
#5558 = DIRECTION('',(-7.800540639491E-17,0.242535625036,-0.970142500145
    ));
#5559 = ADVANCED_FACE('',(#5560),#5571,.T.);
#5560 = FACE_BOUND('',#5561,.T.);
#5561 = EDGE_LOOP('',(#5562,#5568,#5569,#5570));
#5562 = ORIENTED_EDGE('',*,*,#5563,.T.);
#5563 = EDGE_CURVE('',#4057,#3970,#5564,.T.);
#5564 = LINE('',#5565,#5566);
#5565 = CARTESIAN_POINT('',(7.747,-2.3115,-2.843));
#5566 = VECTOR('',#5567,1.);
#5567 = DIRECTION('',(-1.,-3.216245299353E-16,0.));
#5568 = ORIENTED_EDGE('',*,*,#3969,.T.);
#5569 = ORIENTED_EDGE('',*,*,#4023,.F.);
#5570 = ORIENTED_EDGE('',*,*,#4056,.F.);
#5571 = PLANE('',#5572);
#5572 = AXIS2_PLACEMENT_3D('',#5573,#5574,#5575);
#5573 = CARTESIAN_POINT('',(7.747,-2.3115,-2.843));
#5574 = DIRECTION('',(-3.216245299353E-16,1.,0.));
#5575 = DIRECTION('',(0.,0.,1.));
#5576 = ADVANCED_FACE('',(#5577),#5588,.T.);
#5577 = FACE_BOUND('',#5578,.T.);
#5578 = EDGE_LOOP('',(#5579,#5580,#5581,#5587));
#5579 = ORIENTED_EDGE('',*,*,#5548,.T.);
#5580 = ORIENTED_EDGE('',*,*,#3985,.T.);
#5581 = ORIENTED_EDGE('',*,*,#5582,.F.);
#5582 = EDGE_CURVE('',#4065,#3978,#5583,.T.);
#5583 = LINE('',#5584,#5585);
#5584 = CARTESIAN_POINT('',(7.747,-2.42575,-3.3));
#5585 = VECTOR('',#5586,1.);
#5586 = DIRECTION('',(-1.,-3.216245299353E-16,0.));
#5587 = ORIENTED_EDGE('',*,*,#4072,.F.);
#5588 = PLANE('',#5589);
#5589 = AXIS2_PLACEMENT_3D('',#5590,#5591,#5592);
#5590 = CARTESIAN_POINT('',(7.747,-2.65425,-3.3));
#5591 = DIRECTION('',(-0.,0.,-1.));
#5592 = DIRECTION('',(-3.216245299353E-16,1.,0.));
#5593 = ADVANCED_FACE('',(#5594),#5600,.T.);
#5594 = FACE_BOUND('',#5595,.T.);
#5595 = EDGE_LOOP('',(#5596,#5597,#5598,#5599));
#5596 = ORIENTED_EDGE('',*,*,#5582,.T.);
#5597 = ORIENTED_EDGE('',*,*,#3977,.T.);
#5598 = ORIENTED_EDGE('',*,*,#5563,.F.);
#5599 = ORIENTED_EDGE('',*,*,#4064,.F.);
#5600 = PLANE('',#5601);
#5601 = AXIS2_PLACEMENT_3D('',#5602,#5603,#5604);
#5602 = CARTESIAN_POINT('',(7.747,-2.42575,-3.3));
#5603 = DIRECTION('',(-3.120216255796E-16,0.970142500145,-0.242535625036
    ));
#5604 = DIRECTION('',(-7.800540639491E-17,0.242535625036,0.970142500145)
  );
#5605 = ADVANCED_FACE('',(#5606),#5628,.F.);
#5606 = FACE_BOUND('',#5607,.F.);
#5607 = EDGE_LOOP('',(#5608,#5609,#5618,#5625,#5626,#5627));
#5608 = ORIENTED_EDGE('',*,*,#4192,.F.);
#5609 = ORIENTED_EDGE('',*,*,#5610,.F.);
#5610 = EDGE_CURVE('',#5611,#4193,#5613,.T.);
#5611 = VERTEX_POINT('',#5612);
#5612 = CARTESIAN_POINT('',(3.81,-0.248723643423,3.18));
#5613 = CIRCLE('',#5614,0.75);
#5614 = AXIS2_PLACEMENT_3D('',#5615,#5616,#5617);
#5615 = CARTESIAN_POINT('',(3.81,0.501276356577,3.18));
#5616 = DIRECTION('',(0.,-0.,-1.));
#5617 = DIRECTION('',(4.440892098501E-16,-1.,0.));
#5618 = ORIENTED_EDGE('',*,*,#5619,.F.);
#5619 = EDGE_CURVE('',#4299,#5611,#5620,.T.);
#5620 = CIRCLE('',#5621,0.75);
#5621 = AXIS2_PLACEMENT_3D('',#5622,#5623,#5624);
#5622 = CARTESIAN_POINT('',(3.81,0.501276356577,3.18));
#5623 = DIRECTION('',(0.,-0.,-1.));
#5624 = DIRECTION('',(4.440892098501E-16,-1.,0.));
#5625 = ORIENTED_EDGE('',*,*,#4404,.T.);
#5626 = ORIENTED_EDGE('',*,*,#5341,.T.);
#5627 = ORIENTED_EDGE('',*,*,#5332,.T.);
#5628 = CYLINDRICAL_SURFACE('',#5629,0.75);
#5629 = AXIS2_PLACEMENT_3D('',#5630,#5631,#5632);
#5630 = CARTESIAN_POINT('',(3.81,0.501276356577,3.68));
#5631 = DIRECTION('',(-0.,0.,-1.));
#5632 = DIRECTION('',(4.440892098501E-16,-1.,-0.));
#5633 = ADVANCED_FACE('',(#5634),#5639,.F.);
#5634 = FACE_BOUND('',#5635,.F.);
#5635 = EDGE_LOOP('',(#5636,#5637,#5638));
#5636 = ORIENTED_EDGE('',*,*,#5619,.T.);
#5637 = ORIENTED_EDGE('',*,*,#5610,.T.);
#5638 = ORIENTED_EDGE('',*,*,#4298,.T.);
#5639 = PLANE('',#5640);
#5640 = AXIS2_PLACEMENT_3D('',#5641,#5642,#5643);
#5641 = CARTESIAN_POINT('',(3.81,0.501276356577,3.18));
#5642 = DIRECTION('',(-0.,0.,-1.));
#5643 = DIRECTION('',(4.440892098501E-16,-1.,-0.));
#5644 = ADVANCED_FACE('',(#5645),#5656,.T.);
#5645 = FACE_BOUND('',#5646,.T.);
#5646 = EDGE_LOOP('',(#5647,#5648,#5649,#5655));
#5647 = ORIENTED_EDGE('',*,*,#4645,.T.);
#5648 = ORIENTED_EDGE('',*,*,#4621,.T.);
#5649 = ORIENTED_EDGE('',*,*,#5650,.F.);
#5650 = EDGE_CURVE('',#4692,#4614,#5651,.T.);
#5651 = LINE('',#5652,#5653);
#5652 = CARTESIAN_POINT('',(-0.127,-0.11425,-3.3));
#5653 = VECTOR('',#5654,1.);
#5654 = DIRECTION('',(1.,4.440892098501E-16,0.));
#5655 = ORIENTED_EDGE('',*,*,#4699,.F.);
#5656 = PLANE('',#5657);
#5657 = AXIS2_PLACEMENT_3D('',#5658,#5659,#5660);
#5658 = CARTESIAN_POINT('',(-0.127,0.11425,-3.3));
#5659 = DIRECTION('',(0.,0.,-1.));
#5660 = DIRECTION('',(4.440892098501E-16,-1.,0.));
#5661 = ADVANCED_FACE('',(#5662),#5673,.T.);
#5662 = FACE_BOUND('',#5663,.T.);
#5663 = EDGE_LOOP('',(#5664,#5665,#5666,#5672));
#5664 = ORIENTED_EDGE('',*,*,#5650,.T.);
#5665 = ORIENTED_EDGE('',*,*,#4613,.T.);
#5666 = ORIENTED_EDGE('',*,*,#5667,.F.);
#5667 = EDGE_CURVE('',#4684,#4606,#5668,.T.);
#5668 = LINE('',#5669,#5670);
#5669 = CARTESIAN_POINT('',(-0.127,-0.2285,-2.843));
#5670 = VECTOR('',#5671,1.);
#5671 = DIRECTION('',(1.,4.440892098501E-16,0.));
#5672 = ORIENTED_EDGE('',*,*,#4691,.F.);
#5673 = PLANE('',#5674);
#5674 = AXIS2_PLACEMENT_3D('',#5675,#5676,#5677);
#5675 = CARTESIAN_POINT('',(-0.127,-0.11425,-3.3));
#5676 = DIRECTION('',(4.308298163317E-16,-0.970142500145,-0.242535625036
    ));
#5677 = DIRECTION('',(1.077074540829E-16,-0.242535625036,0.970142500145)
  );
#5678 = ADVANCED_FACE('',(#5679),#5685,.T.);
#5679 = FACE_BOUND('',#5680,.T.);
#5680 = EDGE_LOOP('',(#5681,#5682,#5683,#5684));
#5681 = ORIENTED_EDGE('',*,*,#5667,.T.);
#5682 = ORIENTED_EDGE('',*,*,#4605,.T.);
#5683 = ORIENTED_EDGE('',*,*,#4877,.F.);
#5684 = ORIENTED_EDGE('',*,*,#4683,.F.);
#5685 = PLANE('',#5686);
#5686 = AXIS2_PLACEMENT_3D('',#5687,#5688,#5689);
#5687 = CARTESIAN_POINT('',(-0.127,-0.2285,-2.843));
#5688 = DIRECTION('',(4.440892098501E-16,-1.,0.));
#5689 = DIRECTION('',(0.,0.,1.));
#5690 = ADVANCED_FACE('',(#5691),#5702,.F.);
#5691 = FACE_BOUND('',#5692,.F.);
#5692 = EDGE_LOOP('',(#5693,#5694,#5695,#5701));
#5693 = ORIENTED_EDGE('',*,*,#4789,.T.);
#5694 = ORIENTED_EDGE('',*,*,#4831,.T.);
#5695 = ORIENTED_EDGE('',*,*,#5696,.F.);
#5696 = EDGE_CURVE('',#4751,#4824,#5697,.T.);
#5697 = LINE('',#5698,#5699);
#5698 = CARTESIAN_POINT('',(-0.127,-7.50575,-3.3));
#5699 = VECTOR('',#5700,1.);
#5700 = DIRECTION('',(1.,4.440892098501E-16,0.));
#5701 = ORIENTED_EDGE('',*,*,#4758,.F.);
#5702 = PLANE('',#5703);
#5703 = AXIS2_PLACEMENT_3D('',#5704,#5705,#5706);
#5704 = CARTESIAN_POINT('',(-0.127,-7.73425,-3.3));
#5705 = DIRECTION('',(0.,0.,1.));
#5706 = DIRECTION('',(-4.440892098501E-16,1.,0.));
#5707 = ADVANCED_FACE('',(#5708),#5719,.F.);
#5708 = FACE_BOUND('',#5709,.F.);
#5709 = EDGE_LOOP('',(#5710,#5711,#5712,#5718));
#5710 = ORIENTED_EDGE('',*,*,#5696,.T.);
#5711 = ORIENTED_EDGE('',*,*,#4823,.T.);
#5712 = ORIENTED_EDGE('',*,*,#5713,.F.);
#5713 = EDGE_CURVE('',#4743,#4816,#5714,.T.);
#5714 = LINE('',#5715,#5716);
#5715 = CARTESIAN_POINT('',(-0.127,-7.3915,-2.843));
#5716 = VECTOR('',#5717,1.);
#5717 = DIRECTION('',(1.,4.440892098501E-16,0.));
#5718 = ORIENTED_EDGE('',*,*,#4750,.F.);
#5719 = PLANE('',#5720);
#5720 = AXIS2_PLACEMENT_3D('',#5721,#5722,#5723);
#5721 = CARTESIAN_POINT('',(-0.127,-7.50575,-3.3));
#5722 = DIRECTION('',(4.308298163317E-16,-0.970142500145,0.242535625036)
  );
#5723 = DIRECTION('',(-1.077074540829E-16,0.242535625036,0.970142500145)
  );
#5724 = ADVANCED_FACE('',(#5725),#5731,.F.);
#5725 = FACE_BOUND('',#5726,.F.);
#5726 = EDGE_LOOP('',(#5727,#5728,#5729,#5730));
#5727 = ORIENTED_EDGE('',*,*,#5713,.T.);
#5728 = ORIENTED_EDGE('',*,*,#4815,.T.);
#5729 = ORIENTED_EDGE('',*,*,#4894,.F.);
#5730 = ORIENTED_EDGE('',*,*,#4742,.F.);
#5731 = PLANE('',#5732);
#5732 = AXIS2_PLACEMENT_3D('',#5733,#5734,#5735);
#5733 = CARTESIAN_POINT('',(-0.127,-7.3915,-2.843));
#5734 = DIRECTION('',(4.440892098501E-16,-1.,0.));
#5735 = DIRECTION('',(0.,0.,1.));
#5736 = ADVANCED_FACE('',(#5737),#5748,.T.);
#5737 = FACE_BOUND('',#5738,.T.);
#5738 = EDGE_LOOP('',(#5739,#5740,#5741,#5747));
#5739 = ORIENTED_EDGE('',*,*,#5021,.T.);
#5740 = ORIENTED_EDGE('',*,*,#5079,.T.);
#5741 = ORIENTED_EDGE('',*,*,#5742,.F.);
#5742 = EDGE_CURVE('',#4983,#5072,#5743,.T.);
#5743 = LINE('',#5744,#5745);
#5744 = CARTESIAN_POINT('',(-0.127,-2.3115,-2.843));
#5745 = VECTOR('',#5746,1.);
#5746 = DIRECTION('',(1.,4.440892098501E-16,0.));
#5747 = ORIENTED_EDGE('',*,*,#4990,.F.);
#5748 = PLANE('',#5749);
#5749 = AXIS2_PLACEMENT_3D('',#5750,#5751,#5752);
#5750 = CARTESIAN_POINT('',(-0.127,-2.3115,0.));
#5751 = DIRECTION('',(-4.440892098501E-16,1.,0.));
#5752 = DIRECTION('',(0.,0.,-1.));
#5753 = ADVANCED_FACE('',(#5754),#5765,.T.);
#5754 = FACE_BOUND('',#5755,.T.);
#5755 = EDGE_LOOP('',(#5756,#5757,#5758,#5764));
#5756 = ORIENTED_EDGE('',*,*,#5742,.T.);
#5757 = ORIENTED_EDGE('',*,*,#5071,.T.);
#5758 = ORIENTED_EDGE('',*,*,#5759,.F.);
#5759 = EDGE_CURVE('',#4975,#5064,#5760,.T.);
#5760 = LINE('',#5761,#5762);
#5761 = CARTESIAN_POINT('',(-0.127,-2.42575,-3.3));
#5762 = VECTOR('',#5763,1.);
#5763 = DIRECTION('',(1.,4.440892098501E-16,0.));
#5764 = ORIENTED_EDGE('',*,*,#4982,.F.);
#5765 = PLANE('',#5766);
#5766 = AXIS2_PLACEMENT_3D('',#5767,#5768,#5769);
#5767 = CARTESIAN_POINT('',(-0.127,-2.3115,-2.843));
#5768 = DIRECTION('',(-4.308298163317E-16,0.970142500145,-0.242535625036
    ));
#5769 = DIRECTION('',(1.077074540829E-16,-0.242535625036,-0.970142500145
    ));
#5770 = ADVANCED_FACE('',(#5771),#5782,.T.);
#5771 = FACE_BOUND('',#5772,.T.);
#5772 = EDGE_LOOP('',(#5773,#5779,#5780,#5781));
#5773 = ORIENTED_EDGE('',*,*,#5774,.T.);
#5774 = EDGE_CURVE('',#4959,#5048,#5775,.T.);
#5775 = LINE('',#5776,#5777);
#5776 = CARTESIAN_POINT('',(-0.127,-2.7685,-2.843));
#5777 = VECTOR('',#5778,1.);
#5778 = DIRECTION('',(1.,4.440892098501E-16,0.));
#5779 = ORIENTED_EDGE('',*,*,#5047,.T.);
#5780 = ORIENTED_EDGE('',*,*,#5277,.F.);
#5781 = ORIENTED_EDGE('',*,*,#4958,.F.);
#5782 = PLANE('',#5783);
#5783 = AXIS2_PLACEMENT_3D('',#5784,#5785,#5786);
#5784 = CARTESIAN_POINT('',(-0.127,-2.7685,-2.843));
#5785 = DIRECTION('',(4.440892098501E-16,-1.,0.));
#5786 = DIRECTION('',(0.,0.,1.));
#5787 = ADVANCED_FACE('',(#5788),#5799,.T.);
#5788 = FACE_BOUND('',#5789,.T.);
#5789 = EDGE_LOOP('',(#5790,#5791,#5792,#5798));
#5790 = ORIENTED_EDGE('',*,*,#5759,.T.);
#5791 = ORIENTED_EDGE('',*,*,#5063,.T.);
#5792 = ORIENTED_EDGE('',*,*,#5793,.F.);
#5793 = EDGE_CURVE('',#4967,#5056,#5794,.T.);
#5794 = LINE('',#5795,#5796);
#5795 = CARTESIAN_POINT('',(-0.127,-2.65425,-3.3));
#5796 = VECTOR('',#5797,1.);
#5797 = DIRECTION('',(1.,4.440892098501E-16,0.));
#5798 = ORIENTED_EDGE('',*,*,#4974,.F.);
#5799 = PLANE('',#5800);
#5800 = AXIS2_PLACEMENT_3D('',#5801,#5802,#5803);
#5801 = CARTESIAN_POINT('',(-0.127,-2.42575,-3.3));
#5802 = DIRECTION('',(0.,0.,-1.));
#5803 = DIRECTION('',(4.440892098501E-16,-1.,0.));
#5804 = ADVANCED_FACE('',(#5805),#5811,.T.);
#5805 = FACE_BOUND('',#5806,.T.);
#5806 = EDGE_LOOP('',(#5807,#5808,#5809,#5810));
#5807 = ORIENTED_EDGE('',*,*,#5793,.T.);
#5808 = ORIENTED_EDGE('',*,*,#5055,.T.);
#5809 = ORIENTED_EDGE('',*,*,#5774,.F.);
#5810 = ORIENTED_EDGE('',*,*,#4966,.F.);
#5811 = PLANE('',#5812);
#5812 = AXIS2_PLACEMENT_3D('',#5813,#5814,#5815);
#5813 = CARTESIAN_POINT('',(-0.127,-2.65425,-3.3));
#5814 = DIRECTION('',(4.308298163317E-16,-0.970142500145,-0.242535625036
    ));
#5815 = DIRECTION('',(1.077074540829E-16,-0.242535625036,0.970142500145)
  );
#5816 = ADVANCED_FACE('',(#5817),#5828,.T.);
#5817 = FACE_BOUND('',#5818,.T.);
#5818 = EDGE_LOOP('',(#5819,#5820,#5821,#5827));
#5819 = ORIENTED_EDGE('',*,*,#5296,.T.);
#5820 = ORIENTED_EDGE('',*,*,#5241,.T.);
#5821 = ORIENTED_EDGE('',*,*,#5822,.F.);
#5822 = EDGE_CURVE('',#5152,#5234,#5823,.T.);
#5823 = LINE('',#5824,#5825);
#5824 = CARTESIAN_POINT('',(-0.127,-4.8515,-2.843));
#5825 = VECTOR('',#5826,1.);
#5826 = DIRECTION('',(1.,4.440892098501E-16,0.));
#5827 = ORIENTED_EDGE('',*,*,#5159,.F.);
#5828 = PLANE('',#5829);
#5829 = AXIS2_PLACEMENT_3D('',#5830,#5831,#5832);
#5830 = CARTESIAN_POINT('',(-0.127,-4.8515,0.));
#5831 = DIRECTION('',(-4.440892098501E-16,1.,0.));
#5832 = DIRECTION('',(0.,0.,-1.));
#5833 = ADVANCED_FACE('',(#5834),#5845,.T.);
#5834 = FACE_BOUND('',#5835,.T.);
#5835 = EDGE_LOOP('',(#5836,#5837,#5838,#5844));
#5836 = ORIENTED_EDGE('',*,*,#5822,.T.);
#5837 = ORIENTED_EDGE('',*,*,#5233,.T.);
#5838 = ORIENTED_EDGE('',*,*,#5839,.F.);
#5839 = EDGE_CURVE('',#5144,#5226,#5840,.T.);
#5840 = LINE('',#5841,#5842);
#5841 = CARTESIAN_POINT('',(-0.127,-4.96575,-3.3));
#5842 = VECTOR('',#5843,1.);
#5843 = DIRECTION('',(1.,4.440892098501E-16,0.));
#5844 = ORIENTED_EDGE('',*,*,#5151,.F.);
#5845 = PLANE('',#5846);
#5846 = AXIS2_PLACEMENT_3D('',#5847,#5848,#5849);
#5847 = CARTESIAN_POINT('',(-0.127,-4.8515,-2.843));
#5848 = DIRECTION('',(-4.308298163317E-16,0.970142500145,-0.242535625036
    ));
#5849 = DIRECTION('',(1.077074540829E-16,-0.242535625036,-0.970142500145
    ));
#5850 = ADVANCED_FACE('',(#5851),#5862,.T.);
#5851 = FACE_BOUND('',#5852,.T.);
#5852 = EDGE_LOOP('',(#5853,#5859,#5860,#5861));
#5853 = ORIENTED_EDGE('',*,*,#5854,.T.);
#5854 = EDGE_CURVE('',#5128,#5210,#5855,.T.);
#5855 = LINE('',#5856,#5857);
#5856 = CARTESIAN_POINT('',(-0.127,-5.3085,-2.843));
#5857 = VECTOR('',#5858,1.);
#5858 = DIRECTION('',(1.,4.440892098501E-16,0.));
#5859 = ORIENTED_EDGE('',*,*,#5209,.T.);
#5860 = ORIENTED_EDGE('',*,*,#5181,.F.);
#5861 = ORIENTED_EDGE('',*,*,#5127,.F.);
#5862 = PLANE('',#5863);
#5863 = AXIS2_PLACEMENT_3D('',#5864,#5865,#5866);
#5864 = CARTESIAN_POINT('',(-0.127,-5.3085,-2.843));
#5865 = DIRECTION('',(4.440892098501E-16,-1.,0.));
#5866 = DIRECTION('',(0.,0.,1.));
#5867 = ADVANCED_FACE('',(#5868),#5879,.T.);
#5868 = FACE_BOUND('',#5869,.T.);
#5869 = EDGE_LOOP('',(#5870,#5871,#5872,#5878));
#5870 = ORIENTED_EDGE('',*,*,#5839,.T.);
#5871 = ORIENTED_EDGE('',*,*,#5225,.T.);
#5872 = ORIENTED_EDGE('',*,*,#5873,.F.);
#5873 = EDGE_CURVE('',#5136,#5218,#5874,.T.);
#5874 = LINE('',#5875,#5876);
#5875 = CARTESIAN_POINT('',(-0.127,-5.19425,-3.3));
#5876 = VECTOR('',#5877,1.);
#5877 = DIRECTION('',(1.,4.440892098501E-16,0.));
#5878 = ORIENTED_EDGE('',*,*,#5143,.F.);
#5879 = PLANE('',#5880);
#5880 = AXIS2_PLACEMENT_3D('',#5881,#5882,#5883);
#5881 = CARTESIAN_POINT('',(-0.127,-4.96575,-3.3));
#5882 = DIRECTION('',(0.,0.,-1.));
#5883 = DIRECTION('',(4.440892098501E-16,-1.,0.));
#5884 = ADVANCED_FACE('',(#5885),#5891,.T.);
#5885 = FACE_BOUND('',#5886,.T.);
#5886 = EDGE_LOOP('',(#5887,#5888,#5889,#5890));
#5887 = ORIENTED_EDGE('',*,*,#5873,.T.);
#5888 = ORIENTED_EDGE('',*,*,#5217,.T.);
#5889 = ORIENTED_EDGE('',*,*,#5854,.F.);
#5890 = ORIENTED_EDGE('',*,*,#5135,.F.);
#5891 = PLANE('',#5892);
#5892 = AXIS2_PLACEMENT_3D('',#5893,#5894,#5895);
#5893 = CARTESIAN_POINT('',(-0.127,-5.19425,-3.3));
#5894 = DIRECTION('',(4.308298163317E-16,-0.970142500145,-0.242535625036
    ));
#5895 = DIRECTION('',(1.077074540829E-16,-0.242535625036,0.970142500145)
  );
#5896 = ( GEOMETRIC_REPRESENTATION_CONTEXT(3) 
GLOBAL_UNCERTAINTY_ASSIGNED_CONTEXT((#5900)) 
GLOBAL_UNIT_ASSIGNED_CONTEXT((#5897,#5898,#5899)) REPRESENTATION_CONTEXT
('Context #1','3D Context with UNIT and UNCERTAINTY') );
#5897 = ( LENGTH_UNIT() NAMED_UNIT(*) SI_UNIT(.MILLI.,.METRE.) );
#5898 = ( NAMED_UNIT(*) PLANE_ANGLE_UNIT() SI_UNIT($,.RADIAN.) );
#5899 = ( NAMED_UNIT(*) SI_UNIT($,.STERADIAN.) SOLID_ANGLE_UNIT() );
#5900 = UNCERTAINTY_MEASURE_WITH_UNIT(LENGTH_MEASURE(1.E-06),#5897,
  'distance_accuracy_value','confusion accuracy');
#5901 = CONTEXT_DEPENDENT_SHAPE_REPRESENTATION(#5902,#5904);
#5902 = ( REPRESENTATION_RELATIONSHIP('','',#1123,#10) 
REPRESENTATION_RELATIONSHIP_WITH_TRANSFORMATION(#5903) 
SHAPE_REPRESENTATION_RELATIONSHIP() );
#5903 = ITEM_DEFINED_TRANSFORMATION('','',#11,#31);
#5904 = PRODUCT_DEFINITION_SHAPE('Placement','Placement of an item',
  #5905);
#5905 = NEXT_ASSEMBLY_USAGE_OCCURRENCE('5','U3','',#5,#1118,$);
#5906 = PRODUCT_RELATED_PRODUCT_CATEGORY('part',$,(#1120));
#5907 = CONTEXT_DEPENDENT_SHAPE_REPRESENTATION(#5908,#5910);
#5908 = ( REPRESENTATION_RELATIONSHIP('','',#124,#10) 
REPRESENTATION_RELATIONSHIP_WITH_TRANSFORMATION(#5909) 
SHAPE_REPRESENTATION_RELATIONSHIP() );
#5909 = ITEM_DEFINED_TRANSFORMATION('','',#11,#35);
#5910 = PRODUCT_DEFINITION_SHAPE('Placement','Placement of an item',
  #5911);
#5911 = NEXT_ASSEMBLY_USAGE_OCCURRENCE('6','R6','',#5,#119,$);
#5912 = CONTEXT_DEPENDENT_SHAPE_REPRESENTATION(#5913,#5915);
#5913 = ( REPRESENTATION_RELATIONSHIP('','',#124,#10) 
REPRESENTATION_RELATIONSHIP_WITH_TRANSFORMATION(#5914) 
SHAPE_REPRESENTATION_RELATIONSHIP() );
#5914 = ITEM_DEFINED_TRANSFORMATION('','',#11,#39);
#5915 = PRODUCT_DEFINITION_SHAPE('Placement','Placement of an item',
  #5916);
#5916 = NEXT_ASSEMBLY_USAGE_OCCURRENCE('7','R1','',#5,#119,$);
#5917 = CONTEXT_DEPENDENT_SHAPE_REPRESENTATION(#5918,#5920);
#5918 = ( REPRESENTATION_RELATIONSHIP('','',#535,#10) 
REPRESENTATION_RELATIONSHIP_WITH_TRANSFORMATION(#5919) 
SHAPE_REPRESENTATION_RELATIONSHIP() );
#5919 = ITEM_DEFINED_TRANSFORMATION('','',#11,#43);
#5920 = PRODUCT_DEFINITION_SHAPE('Placement','Placement of an item',
  #5921);
#5921 = NEXT_ASSEMBLY_USAGE_OCCURRENCE('8','C9','',#5,#530,$);
#5922 = SHAPE_DEFINITION_REPRESENTATION(#5923,#5929);
#5923 = PRODUCT_DEFINITION_SHAPE('','',#5924);
#5924 = PRODUCT_DEFINITION('design','',#5925,#5928);
#5925 = PRODUCT_DEFINITION_FORMATION('','',#5926);
#5926 = PRODUCT('JST_XH_S4B-XH-A-1_1x04_P2.50mm_Horizontal',
  'JST_XH_S4B-XH-A-1_1x04_P2.50mm_Horizontal','',(#5927));
#5927 = PRODUCT_CONTEXT('',#2,'mechanical');
#5928 = PRODUCT_DEFINITION_CONTEXT('part definition',#2,'design');
#5929 = ADVANCED_BREP_SHAPE_REPRESENTATION('',(#11,#5930),#10933);
#5930 = MANIFOLD_SOLID_BREP('',#5931);
#5931 = CLOSED_SHELL('',(#5932,#6100,#6147,#6187,#6211,#6251,#6275,#6315
    ,#6339,#6379,#6403,#6443,#6467,#6507,#6531,#6571,#6595,#6635,#6675,
    #6715,#6803,#6836,#6860,#6932,#7122,#7139,#7185,#7202,#7248,#7265,
    #7311,#7328,#7374,#7398,#7463,#7480,#7492,#7523,#7548,#7565,#7597,
    #7621,#7638,#7650,#7674,#7699,#7876,#7893,#7910,#7927,#7944,#7961,
    #7978,#7995,#8012,#8029,#8046,#8063,#8080,#8097,#8114,#8131,#8148,
    #8160,#8257,#8281,#8371,#8388,#8419,#8477,#8501,#8552,#8583,#8641,
    #8665,#8716,#8813,#8837,#8927,#8944,#8969,#8986,#9013,#9040,#9057,
    #9205,#9222,#9239,#9256,#9289,#9329,#9360,#9377,#9394,#9406,#9439,
    #9456,#9473,#9490,#9521,#9538,#9569,#9586,#9603,#9620,#9651,#9668,
    #9699,#9716,#9733,#9750,#9783,#9823,#9854,#9871,#9888,#9900,#9933,
    #9964,#9988,#10012,#10029,#10060,#10084,#10108,#10125,#10156,#10180,
    #10204,#10221,#10252,#10276,#10300,#10317,#10334,#10351,#10363,
    #10380,#10397,#10409,#10426,#10443,#10455,#10472,#10489,#10501,
    #10532,#10556,#10580,#10597,#10628,#10652,#10676,#10693,#10724,
    #10748,#10772,#10789,#10820,#10844,#10868,#10885,#10897,#10909,
    #10921));
#5932 = ADVANCED_FACE('',(#5933),#6095,.F.);
#5933 = FACE_BOUND('',#5934,.F.);
#5934 = EDGE_LOOP('',(#5935,#5945,#5953,#5961,#5969,#5977,#5985,#5993,
    #6001,#6009,#6017,#6025,#6033,#6041,#6049,#6057,#6065,#6073,#6081,
    #6089));
#5935 = ORIENTED_EDGE('',*,*,#5936,.F.);
#5936 = EDGE_CURVE('',#5937,#5939,#5941,.T.);
#5937 = VERTEX_POINT('',#5938);
#5938 = CARTESIAN_POINT('',(-1.95,-0.6,0.35));
#5939 = VERTEX_POINT('',#5940);
#5940 = CARTESIAN_POINT('',(-0.75,-0.6,0.35));
#5941 = LINE('',#5942,#5943);
#5942 = CARTESIAN_POINT('',(-2.45,-0.6,0.35));
#5943 = VECTOR('',#5944,1.);
#5944 = DIRECTION('',(1.,-1.224646799147E-16,0.));
#5945 = ORIENTED_EDGE('',*,*,#5946,.F.);
#5946 = EDGE_CURVE('',#5947,#5937,#5949,.T.);
#5947 = VERTEX_POINT('',#5948);
#5948 = CARTESIAN_POINT('',(-1.95,-7.6,0.35));
#5949 = LINE('',#5950,#5951);
#5950 = CARTESIAN_POINT('',(-1.95,-7.6,0.35));
#5951 = VECTOR('',#5952,1.);
#5952 = DIRECTION('',(1.224646799147E-16,1.,0.));
#5953 = ORIENTED_EDGE('',*,*,#5954,.T.);
#5954 = EDGE_CURVE('',#5947,#5955,#5957,.T.);
#5955 = VERTEX_POINT('',#5956);
#5956 = CARTESIAN_POINT('',(9.45,-7.6,0.35));
#5957 = LINE('',#5958,#5959);
#5958 = CARTESIAN_POINT('',(-2.45,-7.6,0.35));
#5959 = VECTOR('',#5960,1.);
#5960 = DIRECTION('',(1.,-1.224646799147E-16,0.));
#5961 = ORIENTED_EDGE('',*,*,#5962,.T.);
#5962 = EDGE_CURVE('',#5955,#5963,#5965,.T.);
#5963 = VERTEX_POINT('',#5964);
#5964 = CARTESIAN_POINT('',(9.45,-0.6,0.35));
#5965 = LINE('',#5966,#5967);
#5966 = CARTESIAN_POINT('',(9.45,-7.6,0.35));
#5967 = VECTOR('',#5968,1.);
#5968 = DIRECTION('',(1.224646799147E-16,1.,0.));
#5969 = ORIENTED_EDGE('',*,*,#5970,.F.);
#5970 = EDGE_CURVE('',#5971,#5963,#5973,.T.);
#5971 = VERTEX_POINT('',#5972);
#5972 = CARTESIAN_POINT('',(8.25,-0.6,0.35));
#5973 = LINE('',#5974,#5975);
#5974 = CARTESIAN_POINT('',(-2.45,-0.6,0.35));
#5975 = VECTOR('',#5976,1.);
#5976 = DIRECTION('',(1.,-1.224646799147E-16,0.));
#5977 = ORIENTED_EDGE('',*,*,#5978,.F.);
#5978 = EDGE_CURVE('',#5979,#5971,#5981,.T.);
#5979 = VERTEX_POINT('',#5980);
#5980 = CARTESIAN_POINT('',(8.25,-1.6,0.35));
#5981 = LINE('',#5982,#5983);
#5982 = CARTESIAN_POINT('',(8.25,-1.6,0.35));
#5983 = VECTOR('',#5984,1.);
#5984 = DIRECTION('',(1.224646799147E-16,1.,-1.110223024625E-16));
#5985 = ORIENTED_EDGE('',*,*,#5986,.T.);
#5986 = EDGE_CURVE('',#5979,#5987,#5989,.T.);
#5987 = VERTEX_POINT('',#5988);
#5988 = CARTESIAN_POINT('',(6.75,-1.6,0.35));
#5989 = LINE('',#5990,#5991);
#5990 = CARTESIAN_POINT('',(8.25,-1.6,0.35));
#5991 = VECTOR('',#5992,1.);
#5992 = DIRECTION('',(-1.,1.224646799147E-16,0.));
#5993 = ORIENTED_EDGE('',*,*,#5994,.T.);
#5994 = EDGE_CURVE('',#5987,#5995,#5997,.T.);
#5995 = VERTEX_POINT('',#5996);
#5996 = CARTESIAN_POINT('',(6.75,-0.6,0.35));
#5997 = LINE('',#5998,#5999);
#5998 = CARTESIAN_POINT('',(6.75,-1.6,0.35));
#5999 = VECTOR('',#6000,1.);
#6000 = DIRECTION('',(1.224646799147E-16,1.,-1.110223024625E-16));
#6001 = ORIENTED_EDGE('',*,*,#6002,.F.);
#6002 = EDGE_CURVE('',#6003,#5995,#6005,.T.);
#6003 = VERTEX_POINT('',#6004);
#6004 = CARTESIAN_POINT('',(5.75,-0.6,0.35));
#6005 = LINE('',#6006,#6007);
#6006 = CARTESIAN_POINT('',(-2.45,-0.6,0.35));
#6007 = VECTOR('',#6008,1.);
#6008 = DIRECTION('',(1.,-1.224646799147E-16,0.));
#6009 = ORIENTED_EDGE('',*,*,#6010,.F.);
#6010 = EDGE_CURVE('',#6011,#6003,#6013,.T.);
#6011 = VERTEX_POINT('',#6012);
#6012 = CARTESIAN_POINT('',(5.75,-1.6,0.35));
#6013 = LINE('',#6014,#6015);
#6014 = CARTESIAN_POINT('',(5.75,-1.6,0.35));
#6015 = VECTOR('',#6016,1.);
#6016 = DIRECTION('',(1.224646799147E-16,1.,-1.110223024625E-16));
#6017 = ORIENTED_EDGE('',*,*,#6018,.T.);
#6018 = EDGE_CURVE('',#6011,#6019,#6021,.T.);
#6019 = VERTEX_POINT('',#6020);
#6020 = CARTESIAN_POINT('',(4.25,-1.6,0.35));
#6021 = LINE('',#6022,#6023);
#6022 = CARTESIAN_POINT('',(5.75,-1.6,0.35));
#6023 = VECTOR('',#6024,1.);
#6024 = DIRECTION('',(-1.,1.224646799147E-16,0.));
#6025 = ORIENTED_EDGE('',*,*,#6026,.T.);
#6026 = EDGE_CURVE('',#6019,#6027,#6029,.T.);
#6027 = VERTEX_POINT('',#6028);
#6028 = CARTESIAN_POINT('',(4.25,-0.6,0.35));
#6029 = LINE('',#6030,#6031);
#6030 = CARTESIAN_POINT('',(4.25,-1.6,0.35));
#6031 = VECTOR('',#6032,1.);
#6032 = DIRECTION('',(1.224646799147E-16,1.,-1.110223024625E-16));
#6033 = ORIENTED_EDGE('',*,*,#6034,.F.);
#6034 = EDGE_CURVE('',#6035,#6027,#6037,.T.);
#6035 = VERTEX_POINT('',#6036);
#6036 = CARTESIAN_POINT('',(3.25,-0.6,0.35));
#6037 = LINE('',#6038,#6039);
#6038 = CARTESIAN_POINT('',(-2.45,-0.6,0.35));
#6039 = VECTOR('',#6040,1.);
#6040 = DIRECTION('',(1.,-1.224646799147E-16,0.));
#6041 = ORIENTED_EDGE('',*,*,#6042,.F.);
#6042 = EDGE_CURVE('',#6043,#6035,#6045,.T.);
#6043 = VERTEX_POINT('',#6044);
#6044 = CARTESIAN_POINT('',(3.25,-1.6,0.35));
#6045 = LINE('',#6046,#6047);
#6046 = CARTESIAN_POINT('',(3.25,-1.6,0.35));
#6047 = VECTOR('',#6048,1.);
#6048 = DIRECTION('',(1.224646799147E-16,1.,-1.110223024625E-16));
#6049 = ORIENTED_EDGE('',*,*,#6050,.T.);
#6050 = EDGE_CURVE('',#6043,#6051,#6053,.T.);
#6051 = VERTEX_POINT('',#6052);
#6052 = CARTESIAN_POINT('',(1.75,-1.6,0.35));
#6053 = LINE('',#6054,#6055);
#6054 = CARTESIAN_POINT('',(3.25,-1.6,0.35));
#6055 = VECTOR('',#6056,1.);
#6056 = DIRECTION('',(-1.,1.224646799147E-16,0.));
#6057 = ORIENTED_EDGE('',*,*,#6058,.T.);
#6058 = EDGE_CURVE('',#6051,#6059,#6061,.T.);
#6059 = VERTEX_POINT('',#6060);
#6060 = CARTESIAN_POINT('',(1.75,-0.6,0.35));
#6061 = LINE('',#6062,#6063);
#6062 = CARTESIAN_POINT('',(1.75,-1.6,0.35));
#6063 = VECTOR('',#6064,1.);
#6064 = DIRECTION('',(1.224646799147E-16,1.,-1.110223024625E-16));
#6065 = ORIENTED_EDGE('',*,*,#6066,.F.);
#6066 = EDGE_CURVE('',#6067,#6059,#6069,.T.);
#6067 = VERTEX_POINT('',#6068);
#6068 = CARTESIAN_POINT('',(0.75,-0.6,0.35));
#6069 = LINE('',#6070,#6071);
#6070 = CARTESIAN_POINT('',(-2.45,-0.6,0.35));
#6071 = VECTOR('',#6072,1.);
#6072 = DIRECTION('',(1.,-1.224646799147E-16,0.));
#6073 = ORIENTED_EDGE('',*,*,#6074,.F.);
#6074 = EDGE_CURVE('',#6075,#6067,#6077,.T.);
#6075 = VERTEX_POINT('',#6076);
#6076 = CARTESIAN_POINT('',(0.75,-1.6,0.35));
#6077 = LINE('',#6078,#6079);
#6078 = CARTESIAN_POINT('',(0.75,-1.6,0.35));
#6079 = VECTOR('',#6080,1.);
#6080 = DIRECTION('',(1.224646799147E-16,1.,-1.110223024625E-16));
#6081 = ORIENTED_EDGE('',*,*,#6082,.T.);
#6082 = EDGE_CURVE('',#6075,#6083,#6085,.T.);
#6083 = VERTEX_POINT('',#6084);
#6084 = CARTESIAN_POINT('',(-0.75,-1.6,0.35));
#6085 = LINE('',#6086,#6087);
#6086 = CARTESIAN_POINT('',(0.75,-1.6,0.35));
#6087 = VECTOR('',#6088,1.);
#6088 = DIRECTION('',(-1.,1.224646799147E-16,0.));
#6089 = ORIENTED_EDGE('',*,*,#6090,.T.);
#6090 = EDGE_CURVE('',#6083,#5939,#6091,.T.);
#6091 = LINE('',#6092,#6093);
#6092 = CARTESIAN_POINT('',(-0.75,-1.6,0.35));
#6093 = VECTOR('',#6094,1.);
#6094 = DIRECTION('',(1.224646799147E-16,1.,-1.110223024625E-16));
#6095 = PLANE('',#6096);
#6096 = AXIS2_PLACEMENT_3D('',#6097,#6098,#6099);
#6097 = CARTESIAN_POINT('',(-2.45,-0.6,0.35));
#6098 = DIRECTION('',(1.359631073447E-32,1.110223024625E-16,1.));
#6099 = DIRECTION('',(1.,-1.224646799147E-16,-6.927121900793E-45));
#6100 = ADVANCED_FACE('',(#6101),#6142,.F.);
#6101 = FACE_BOUND('',#6102,.F.);
#6102 = EDGE_LOOP('',(#6103,#6111,#6119,#6127,#6135,#6141));
#6103 = ORIENTED_EDGE('',*,*,#6104,.T.);
#6104 = EDGE_CURVE('',#5939,#6105,#6107,.T.);
#6105 = VERTEX_POINT('',#6106);
#6106 = CARTESIAN_POINT('',(-0.75,-0.6,6.1));
#6107 = LINE('',#6108,#6109);
#6108 = CARTESIAN_POINT('',(-0.75,-0.6,0.35));
#6109 = VECTOR('',#6110,1.);
#6110 = DIRECTION('',(1.359631073447E-32,1.110223024625E-16,1.));
#6111 = ORIENTED_EDGE('',*,*,#6112,.T.);
#6112 = EDGE_CURVE('',#6105,#6113,#6115,.T.);
#6113 = VERTEX_POINT('',#6114);
#6114 = CARTESIAN_POINT('',(-2.45,-0.6,6.1));
#6115 = LINE('',#6116,#6117);
#6116 = CARTESIAN_POINT('',(9.95,-0.6,6.1));
#6117 = VECTOR('',#6118,1.);
#6118 = DIRECTION('',(-1.,1.224646799147E-16,0.));
#6119 = ORIENTED_EDGE('',*,*,#6120,.T.);
#6120 = EDGE_CURVE('',#6113,#6121,#6123,.T.);
#6121 = VERTEX_POINT('',#6122);
#6122 = CARTESIAN_POINT('',(-2.45,-0.6,5.35));
#6123 = LINE('',#6124,#6125);
#6124 = CARTESIAN_POINT('',(-2.45,-0.6,6.1));
#6125 = VECTOR('',#6126,1.);
#6126 = DIRECTION('',(-1.359631073447E-32,-1.110223024625E-16,-1.));
#6127 = ORIENTED_EDGE('',*,*,#6128,.F.);
#6128 = EDGE_CURVE('',#6129,#6121,#6131,.T.);
#6129 = VERTEX_POINT('',#6130);
#6130 = CARTESIAN_POINT('',(-1.95,-0.6,5.35));
#6131 = LINE('',#6132,#6133);
#6132 = CARTESIAN_POINT('',(-1.95,-0.6,5.35));
#6133 = VECTOR('',#6134,1.);
#6134 = DIRECTION('',(-1.,1.224646799147E-16,0.));
#6135 = ORIENTED_EDGE('',*,*,#6136,.F.);
#6136 = EDGE_CURVE('',#5937,#6129,#6137,.T.);
#6137 = LINE('',#6138,#6139);
#6138 = CARTESIAN_POINT('',(-1.95,-0.6,0.35));
#6139 = VECTOR('',#6140,1.);
#6140 = DIRECTION('',(0.,0.,1.));
#6141 = ORIENTED_EDGE('',*,*,#5936,.T.);
#6142 = PLANE('',#6143);
#6143 = AXIS2_PLACEMENT_3D('',#6144,#6145,#6146);
#6144 = CARTESIAN_POINT('',(3.75,-0.6,3.225));
#6145 = DIRECTION('',(-1.224646799147E-16,-1.,1.110223024625E-16));
#6146 = DIRECTION('',(-1.,1.224646799147E-16,0.));
#6147 = ADVANCED_FACE('',(#6148),#6182,.T.);
#6148 = FACE_BOUND('',#6149,.T.);
#6149 = EDGE_LOOP('',(#6150,#6158,#6166,#6174,#6180,#6181));
#6150 = ORIENTED_EDGE('',*,*,#6151,.T.);
#6151 = EDGE_CURVE('',#6105,#6152,#6154,.T.);
#6152 = VERTEX_POINT('',#6153);
#6153 = CARTESIAN_POINT('',(-0.75,-1.6,6.1));
#6154 = LINE('',#6155,#6156);
#6155 = CARTESIAN_POINT('',(-0.75,-0.6,6.1));
#6156 = VECTOR('',#6157,1.);
#6157 = DIRECTION('',(-1.224646799147E-16,-1.,1.110223024625E-16));
#6158 = ORIENTED_EDGE('',*,*,#6159,.T.);
#6159 = EDGE_CURVE('',#6152,#6160,#6162,.T.);
#6160 = VERTEX_POINT('',#6161);
#6161 = CARTESIAN_POINT('',(-0.75,-0.9,4.25));
#6162 = LINE('',#6163,#6164);
#6163 = CARTESIAN_POINT('',(-0.75,-1.6,6.1));
#6164 = VECTOR('',#6165,1.);
#6165 = DIRECTION('',(4.33392824344E-17,0.353892097416,-0.935286257456)
  );
#6166 = ORIENTED_EDGE('',*,*,#6167,.T.);
#6167 = EDGE_CURVE('',#6160,#6168,#6170,.T.);
#6168 = VERTEX_POINT('',#6169);
#6169 = CARTESIAN_POINT('',(-0.75,-0.9,3.25));
#6170 = LINE('',#6171,#6172);
#6171 = CARTESIAN_POINT('',(-0.75,-0.9,4.25));
#6172 = VECTOR('',#6173,1.);
#6173 = DIRECTION('',(-1.359631073447E-32,-1.110223024625E-16,-1.));
#6174 = ORIENTED_EDGE('',*,*,#6175,.T.);
#6175 = EDGE_CURVE('',#6168,#6083,#6176,.T.);
#6176 = LINE('',#6177,#6178);
#6177 = CARTESIAN_POINT('',(-0.75,-0.9,3.25));
#6178 = VECTOR('',#6179,1.);
#6179 = DIRECTION('',(-2.87351777816E-17,-0.234640533104,-0.972082208573
    ));
#6180 = ORIENTED_EDGE('',*,*,#6090,.T.);
#6181 = ORIENTED_EDGE('',*,*,#6104,.T.);
#6182 = PLANE('',#6183);
#6183 = AXIS2_PLACEMENT_3D('',#6184,#6185,#6186);
#6184 = CARTESIAN_POINT('',(-0.75,-0.930008245993,3.234548643504));
#6185 = DIRECTION('',(1.,-1.224646799147E-16,6.435104022508E-33));
#6186 = DIRECTION('',(1.224646799147E-16,1.,-1.110223024625E-16));
#6187 = ADVANCED_FACE('',(#6188),#6206,.F.);
#6188 = FACE_BOUND('',#6189,.F.);
#6189 = EDGE_LOOP('',(#6190,#6198,#6199,#6200));
#6190 = ORIENTED_EDGE('',*,*,#6191,.T.);
#6191 = EDGE_CURVE('',#6192,#6168,#6194,.T.);
#6192 = VERTEX_POINT('',#6193);
#6193 = CARTESIAN_POINT('',(0.75,-0.9,3.25));
#6194 = LINE('',#6195,#6196);
#6195 = CARTESIAN_POINT('',(0.75,-0.9,3.25));
#6196 = VECTOR('',#6197,1.);
#6197 = DIRECTION('',(-1.,1.224646799147E-16,0.));
#6198 = ORIENTED_EDGE('',*,*,#6175,.T.);
#6199 = ORIENTED_EDGE('',*,*,#6082,.F.);
#6200 = ORIENTED_EDGE('',*,*,#6201,.F.);
#6201 = EDGE_CURVE('',#6192,#6075,#6202,.T.);
#6202 = LINE('',#6203,#6204);
#6203 = CARTESIAN_POINT('',(0.75,-0.9,3.25));
#6204 = VECTOR('',#6205,1.);
#6205 = DIRECTION('',(-2.87351777816E-17,-0.234640533104,-0.972082208573
    ));
#6206 = PLANE('',#6207);
#6207 = AXIS2_PLACEMENT_3D('',#6208,#6209,#6210);
#6208 = CARTESIAN_POINT('',(0.75,-0.9,3.25));
#6209 = DIRECTION('',(-1.190457365237E-16,-0.972082208573,0.234640533104
    ));
#6210 = DIRECTION('',(-2.87351777816E-17,-0.234640533104,-0.972082208573
    ));
#6211 = ADVANCED_FACE('',(#6212),#6246,.F.);
#6212 = FACE_BOUND('',#6213,.F.);
#6213 = EDGE_LOOP('',(#6214,#6224,#6232,#6238,#6239,#6240));
#6214 = ORIENTED_EDGE('',*,*,#6215,.T.);
#6215 = EDGE_CURVE('',#6216,#6218,#6220,.T.);
#6216 = VERTEX_POINT('',#6217);
#6217 = CARTESIAN_POINT('',(0.75,-0.6,6.1));
#6218 = VERTEX_POINT('',#6219);
#6219 = CARTESIAN_POINT('',(0.75,-1.6,6.1));
#6220 = LINE('',#6221,#6222);
#6221 = CARTESIAN_POINT('',(0.75,-0.6,6.1));
#6222 = VECTOR('',#6223,1.);
#6223 = DIRECTION('',(-1.224646799147E-16,-1.,1.110223024625E-16));
#6224 = ORIENTED_EDGE('',*,*,#6225,.T.);
#6225 = EDGE_CURVE('',#6218,#6226,#6228,.T.);
#6226 = VERTEX_POINT('',#6227);
#6227 = CARTESIAN_POINT('',(0.75,-0.9,4.25));
#6228 = LINE('',#6229,#6230);
#6229 = CARTESIAN_POINT('',(0.75,-1.6,6.1));
#6230 = VECTOR('',#6231,1.);
#6231 = DIRECTION('',(4.33392824344E-17,0.353892097416,-0.935286257456)
  );
#6232 = ORIENTED_EDGE('',*,*,#6233,.T.);
#6233 = EDGE_CURVE('',#6226,#6192,#6234,.T.);
#6234 = LINE('',#6235,#6236);
#6235 = CARTESIAN_POINT('',(0.75,-0.9,4.25));
#6236 = VECTOR('',#6237,1.);
#6237 = DIRECTION('',(-1.359631073447E-32,-1.110223024625E-16,-1.));
#6238 = ORIENTED_EDGE('',*,*,#6201,.T.);
#6239 = ORIENTED_EDGE('',*,*,#6074,.T.);
#6240 = ORIENTED_EDGE('',*,*,#6241,.T.);
#6241 = EDGE_CURVE('',#6067,#6216,#6242,.T.);
#6242 = LINE('',#6243,#6244);
#6243 = CARTESIAN_POINT('',(0.75,-0.6,0.35));
#6244 = VECTOR('',#6245,1.);
#6245 = DIRECTION('',(1.359631073447E-32,1.110223024625E-16,1.));
#6246 = PLANE('',#6247);
#6247 = AXIS2_PLACEMENT_3D('',#6248,#6249,#6250);
#6248 = CARTESIAN_POINT('',(0.75,-0.930008245993,3.234548643504));
#6249 = DIRECTION('',(1.,-1.224646799147E-16,6.435104022508E-33));
#6250 = DIRECTION('',(1.224646799147E-16,1.,-1.110223024625E-16));
#6251 = ADVANCED_FACE('',(#6252),#6270,.F.);
#6252 = FACE_BOUND('',#6253,.F.);
#6253 = EDGE_LOOP('',(#6254,#6262,#6263,#6264));
#6254 = ORIENTED_EDGE('',*,*,#6255,.T.);
#6255 = EDGE_CURVE('',#6256,#6216,#6258,.T.);
#6256 = VERTEX_POINT('',#6257);
#6257 = CARTESIAN_POINT('',(1.75,-0.6,6.1));
#6258 = LINE('',#6259,#6260);
#6259 = CARTESIAN_POINT('',(9.95,-0.6,6.1));
#6260 = VECTOR('',#6261,1.);
#6261 = DIRECTION('',(-1.,1.224646799147E-16,0.));
#6262 = ORIENTED_EDGE('',*,*,#6241,.F.);
#6263 = ORIENTED_EDGE('',*,*,#6066,.T.);
#6264 = ORIENTED_EDGE('',*,*,#6265,.T.);
#6265 = EDGE_CURVE('',#6059,#6256,#6266,.T.);
#6266 = LINE('',#6267,#6268);
#6267 = CARTESIAN_POINT('',(1.75,-0.6,0.35));
#6268 = VECTOR('',#6269,1.);
#6269 = DIRECTION('',(1.359631073447E-32,1.110223024625E-16,1.));
#6270 = PLANE('',#6271);
#6271 = AXIS2_PLACEMENT_3D('',#6272,#6273,#6274);
#6272 = CARTESIAN_POINT('',(3.75,-0.6,3.225));
#6273 = DIRECTION('',(-1.224646799147E-16,-1.,1.110223024625E-16));
#6274 = DIRECTION('',(-1.,1.224646799147E-16,0.));
#6275 = ADVANCED_FACE('',(#6276),#6310,.T.);
#6276 = FACE_BOUND('',#6277,.T.);
#6277 = EDGE_LOOP('',(#6278,#6286,#6294,#6302,#6308,#6309));
#6278 = ORIENTED_EDGE('',*,*,#6279,.T.);
#6279 = EDGE_CURVE('',#6256,#6280,#6282,.T.);
#6280 = VERTEX_POINT('',#6281);
#6281 = CARTESIAN_POINT('',(1.75,-1.6,6.1));
#6282 = LINE('',#6283,#6284);
#6283 = CARTESIAN_POINT('',(1.75,-0.6,6.1));
#6284 = VECTOR('',#6285,1.);
#6285 = DIRECTION('',(-1.224646799147E-16,-1.,1.110223024625E-16));
#6286 = ORIENTED_EDGE('',*,*,#6287,.T.);
#6287 = EDGE_CURVE('',#6280,#6288,#6290,.T.);
#6288 = VERTEX_POINT('',#6289);
#6289 = CARTESIAN_POINT('',(1.75,-0.9,4.25));
#6290 = LINE('',#6291,#6292);
#6291 = CARTESIAN_POINT('',(1.75,-1.6,6.1));
#6292 = VECTOR('',#6293,1.);
#6293 = DIRECTION('',(4.33392824344E-17,0.353892097416,-0.935286257456)
  );
#6294 = ORIENTED_EDGE('',*,*,#6295,.T.);
#6295 = EDGE_CURVE('',#6288,#6296,#6298,.T.);
#6296 = VERTEX_POINT('',#6297);
#6297 = CARTESIAN_POINT('',(1.75,-0.9,3.25));
#6298 = LINE('',#6299,#6300);
#6299 = CARTESIAN_POINT('',(1.75,-0.9,4.25));
#6300 = VECTOR('',#6301,1.);
#6301 = DIRECTION('',(-1.359631073447E-32,-1.110223024625E-16,-1.));
#6302 = ORIENTED_EDGE('',*,*,#6303,.T.);
#6303 = EDGE_CURVE('',#6296,#6051,#6304,.T.);
#6304 = LINE('',#6305,#6306);
#6305 = CARTESIAN_POINT('',(1.75,-0.9,3.25));
#6306 = VECTOR('',#6307,1.);
#6307 = DIRECTION('',(-2.87351777816E-17,-0.234640533104,-0.972082208573
    ));
#6308 = ORIENTED_EDGE('',*,*,#6058,.T.);
#6309 = ORIENTED_EDGE('',*,*,#6265,.T.);
#6310 = PLANE('',#6311);
#6311 = AXIS2_PLACEMENT_3D('',#6312,#6313,#6314);
#6312 = CARTESIAN_POINT('',(1.75,-0.930008245993,3.234548643504));
#6313 = DIRECTION('',(1.,-1.224646799147E-16,6.435104022508E-33));
#6314 = DIRECTION('',(1.224646799147E-16,1.,-1.110223024625E-16));
#6315 = ADVANCED_FACE('',(#6316),#6334,.F.);
#6316 = FACE_BOUND('',#6317,.F.);
#6317 = EDGE_LOOP('',(#6318,#6326,#6327,#6328));
#6318 = ORIENTED_EDGE('',*,*,#6319,.T.);
#6319 = EDGE_CURVE('',#6320,#6296,#6322,.T.);
#6320 = VERTEX_POINT('',#6321);
#6321 = CARTESIAN_POINT('',(3.25,-0.9,3.25));
#6322 = LINE('',#6323,#6324);
#6323 = CARTESIAN_POINT('',(3.25,-0.9,3.25));
#6324 = VECTOR('',#6325,1.);
#6325 = DIRECTION('',(-1.,1.224646799147E-16,0.));
#6326 = ORIENTED_EDGE('',*,*,#6303,.T.);
#6327 = ORIENTED_EDGE('',*,*,#6050,.F.);
#6328 = ORIENTED_EDGE('',*,*,#6329,.F.);
#6329 = EDGE_CURVE('',#6320,#6043,#6330,.T.);
#6330 = LINE('',#6331,#6332);
#6331 = CARTESIAN_POINT('',(3.25,-0.9,3.25));
#6332 = VECTOR('',#6333,1.);
#6333 = DIRECTION('',(-2.87351777816E-17,-0.234640533104,-0.972082208573
    ));
#6334 = PLANE('',#6335);
#6335 = AXIS2_PLACEMENT_3D('',#6336,#6337,#6338);
#6336 = CARTESIAN_POINT('',(3.25,-0.9,3.25));
#6337 = DIRECTION('',(-1.190457365237E-16,-0.972082208573,0.234640533104
    ));
#6338 = DIRECTION('',(-2.87351777816E-17,-0.234640533104,-0.972082208573
    ));
#6339 = ADVANCED_FACE('',(#6340),#6374,.F.);
#6340 = FACE_BOUND('',#6341,.F.);
#6341 = EDGE_LOOP('',(#6342,#6352,#6360,#6366,#6367,#6368));
#6342 = ORIENTED_EDGE('',*,*,#6343,.T.);
#6343 = EDGE_CURVE('',#6344,#6346,#6348,.T.);
#6344 = VERTEX_POINT('',#6345);
#6345 = CARTESIAN_POINT('',(3.25,-0.6,6.1));
#6346 = VERTEX_POINT('',#6347);
#6347 = CARTESIAN_POINT('',(3.25,-1.6,6.1));
#6348 = LINE('',#6349,#6350);
#6349 = CARTESIAN_POINT('',(3.25,-0.6,6.1));
#6350 = VECTOR('',#6351,1.);
#6351 = DIRECTION('',(-1.224646799147E-16,-1.,1.110223024625E-16));
#6352 = ORIENTED_EDGE('',*,*,#6353,.T.);
#6353 = EDGE_CURVE('',#6346,#6354,#6356,.T.);
#6354 = VERTEX_POINT('',#6355);
#6355 = CARTESIAN_POINT('',(3.25,-0.9,4.25));
#6356 = LINE('',#6357,#6358);
#6357 = CARTESIAN_POINT('',(3.25,-1.6,6.1));
#6358 = VECTOR('',#6359,1.);
#6359 = DIRECTION('',(4.33392824344E-17,0.353892097416,-0.935286257456)
  );
#6360 = ORIENTED_EDGE('',*,*,#6361,.T.);
#6361 = EDGE_CURVE('',#6354,#6320,#6362,.T.);
#6362 = LINE('',#6363,#6364);
#6363 = CARTESIAN_POINT('',(3.25,-0.9,4.25));
#6364 = VECTOR('',#6365,1.);
#6365 = DIRECTION('',(-1.359631073447E-32,-1.110223024625E-16,-1.));
#6366 = ORIENTED_EDGE('',*,*,#6329,.T.);
#6367 = ORIENTED_EDGE('',*,*,#6042,.T.);
#6368 = ORIENTED_EDGE('',*,*,#6369,.T.);
#6369 = EDGE_CURVE('',#6035,#6344,#6370,.T.);
#6370 = LINE('',#6371,#6372);
#6371 = CARTESIAN_POINT('',(3.25,-0.6,0.35));
#6372 = VECTOR('',#6373,1.);
#6373 = DIRECTION('',(1.359631073447E-32,1.110223024625E-16,1.));
#6374 = PLANE('',#6375);
#6375 = AXIS2_PLACEMENT_3D('',#6376,#6377,#6378);
#6376 = CARTESIAN_POINT('',(3.25,-0.930008245993,3.234548643504));
#6377 = DIRECTION('',(1.,-1.224646799147E-16,6.435104022508E-33));
#6378 = DIRECTION('',(1.224646799147E-16,1.,-1.110223024625E-16));
#6379 = ADVANCED_FACE('',(#6380),#6398,.F.);
#6380 = FACE_BOUND('',#6381,.F.);
#6381 = EDGE_LOOP('',(#6382,#6383,#6384,#6392));
#6382 = ORIENTED_EDGE('',*,*,#6369,.F.);
#6383 = ORIENTED_EDGE('',*,*,#6034,.T.);
#6384 = ORIENTED_EDGE('',*,*,#6385,.T.);
#6385 = EDGE_CURVE('',#6027,#6386,#6388,.T.);
#6386 = VERTEX_POINT('',#6387);
#6387 = CARTESIAN_POINT('',(4.25,-0.6,6.1));
#6388 = LINE('',#6389,#6390);
#6389 = CARTESIAN_POINT('',(4.25,-0.6,0.35));
#6390 = VECTOR('',#6391,1.);
#6391 = DIRECTION('',(1.359631073447E-32,1.110223024625E-16,1.));
#6392 = ORIENTED_EDGE('',*,*,#6393,.T.);
#6393 = EDGE_CURVE('',#6386,#6344,#6394,.T.);
#6394 = LINE('',#6395,#6396);
#6395 = CARTESIAN_POINT('',(9.95,-0.6,6.1));
#6396 = VECTOR('',#6397,1.);
#6397 = DIRECTION('',(-1.,1.224646799147E-16,0.));
#6398 = PLANE('',#6399);
#6399 = AXIS2_PLACEMENT_3D('',#6400,#6401,#6402);
#6400 = CARTESIAN_POINT('',(3.75,-0.6,3.225));
#6401 = DIRECTION('',(-1.224646799147E-16,-1.,1.110223024625E-16));
#6402 = DIRECTION('',(-1.,1.224646799147E-16,0.));
#6403 = ADVANCED_FACE('',(#6404),#6438,.T.);
#6404 = FACE_BOUND('',#6405,.T.);
#6405 = EDGE_LOOP('',(#6406,#6414,#6422,#6430,#6436,#6437));
#6406 = ORIENTED_EDGE('',*,*,#6407,.T.);
#6407 = EDGE_CURVE('',#6386,#6408,#6410,.T.);
#6408 = VERTEX_POINT('',#6409);
#6409 = CARTESIAN_POINT('',(4.25,-1.6,6.1));
#6410 = LINE('',#6411,#6412);
#6411 = CARTESIAN_POINT('',(4.25,-0.6,6.1));
#6412 = VECTOR('',#6413,1.);
#6413 = DIRECTION('',(-1.224646799147E-16,-1.,1.110223024625E-16));
#6414 = ORIENTED_EDGE('',*,*,#6415,.T.);
#6415 = EDGE_CURVE('',#6408,#6416,#6418,.T.);
#6416 = VERTEX_POINT('',#6417);
#6417 = CARTESIAN_POINT('',(4.25,-0.9,4.25));
#6418 = LINE('',#6419,#6420);
#6419 = CARTESIAN_POINT('',(4.25,-1.6,6.1));
#6420 = VECTOR('',#6421,1.);
#6421 = DIRECTION('',(4.33392824344E-17,0.353892097416,-0.935286257456)
  );
#6422 = ORIENTED_EDGE('',*,*,#6423,.T.);
#6423 = EDGE_CURVE('',#6416,#6424,#6426,.T.);
#6424 = VERTEX_POINT('',#6425);
#6425 = CARTESIAN_POINT('',(4.25,-0.9,3.25));
#6426 = LINE('',#6427,#6428);
#6427 = CARTESIAN_POINT('',(4.25,-0.9,4.25));
#6428 = VECTOR('',#6429,1.);
#6429 = DIRECTION('',(-1.359631073447E-32,-1.110223024625E-16,-1.));
#6430 = ORIENTED_EDGE('',*,*,#6431,.T.);
#6431 = EDGE_CURVE('',#6424,#6019,#6432,.T.);
#6432 = LINE('',#6433,#6434);
#6433 = CARTESIAN_POINT('',(4.25,-0.9,3.25));
#6434 = VECTOR('',#6435,1.);
#6435 = DIRECTION('',(-2.87351777816E-17,-0.234640533104,-0.972082208573
    ));
#6436 = ORIENTED_EDGE('',*,*,#6026,.T.);
#6437 = ORIENTED_EDGE('',*,*,#6385,.T.);
#6438 = PLANE('',#6439);
#6439 = AXIS2_PLACEMENT_3D('',#6440,#6441,#6442);
#6440 = CARTESIAN_POINT('',(4.25,-0.930008245993,3.234548643504));
#6441 = DIRECTION('',(1.,-1.224646799147E-16,6.435104022508E-33));
#6442 = DIRECTION('',(1.224646799147E-16,1.,-1.110223024625E-16));
#6443 = ADVANCED_FACE('',(#6444),#6462,.F.);
#6444 = FACE_BOUND('',#6445,.F.);
#6445 = EDGE_LOOP('',(#6446,#6454,#6455,#6456));
#6446 = ORIENTED_EDGE('',*,*,#6447,.T.);
#6447 = EDGE_CURVE('',#6448,#6424,#6450,.T.);
#6448 = VERTEX_POINT('',#6449);
#6449 = CARTESIAN_POINT('',(5.75,-0.9,3.25));
#6450 = LINE('',#6451,#6452);
#6451 = CARTESIAN_POINT('',(5.75,-0.9,3.25));
#6452 = VECTOR('',#6453,1.);
#6453 = DIRECTION('',(-1.,1.224646799147E-16,0.));
#6454 = ORIENTED_EDGE('',*,*,#6431,.T.);
#6455 = ORIENTED_EDGE('',*,*,#6018,.F.);
#6456 = ORIENTED_EDGE('',*,*,#6457,.F.);
#6457 = EDGE_CURVE('',#6448,#6011,#6458,.T.);
#6458 = LINE('',#6459,#6460);
#6459 = CARTESIAN_POINT('',(5.75,-0.9,3.25));
#6460 = VECTOR('',#6461,1.);
#6461 = DIRECTION('',(-2.87351777816E-17,-0.234640533104,-0.972082208573
    ));
#6462 = PLANE('',#6463);
#6463 = AXIS2_PLACEMENT_3D('',#6464,#6465,#6466);
#6464 = CARTESIAN_POINT('',(5.75,-0.9,3.25));
#6465 = DIRECTION('',(-1.190457365237E-16,-0.972082208573,0.234640533104
    ));
#6466 = DIRECTION('',(-2.87351777816E-17,-0.234640533104,-0.972082208573
    ));
#6467 = ADVANCED_FACE('',(#6468),#6502,.F.);
#6468 = FACE_BOUND('',#6469,.F.);
#6469 = EDGE_LOOP('',(#6470,#6480,#6488,#6494,#6495,#6496));
#6470 = ORIENTED_EDGE('',*,*,#6471,.T.);
#6471 = EDGE_CURVE('',#6472,#6474,#6476,.T.);
#6472 = VERTEX_POINT('',#6473);
#6473 = CARTESIAN_POINT('',(5.75,-0.6,6.1));
#6474 = VERTEX_POINT('',#6475);
#6475 = CARTESIAN_POINT('',(5.75,-1.6,6.1));
#6476 = LINE('',#6477,#6478);
#6477 = CARTESIAN_POINT('',(5.75,-0.6,6.1));
#6478 = VECTOR('',#6479,1.);
#6479 = DIRECTION('',(-1.224646799147E-16,-1.,1.110223024625E-16));
#6480 = ORIENTED_EDGE('',*,*,#6481,.T.);
#6481 = EDGE_CURVE('',#6474,#6482,#6484,.T.);
#6482 = VERTEX_POINT('',#6483);
#6483 = CARTESIAN_POINT('',(5.75,-0.9,4.25));
#6484 = LINE('',#6485,#6486);
#6485 = CARTESIAN_POINT('',(5.75,-1.6,6.1));
#6486 = VECTOR('',#6487,1.);
#6487 = DIRECTION('',(4.33392824344E-17,0.353892097416,-0.935286257456)
  );
#6488 = ORIENTED_EDGE('',*,*,#6489,.T.);
#6489 = EDGE_CURVE('',#6482,#6448,#6490,.T.);
#6490 = LINE('',#6491,#6492);
#6491 = CARTESIAN_POINT('',(5.75,-0.9,4.25));
#6492 = VECTOR('',#6493,1.);
#6493 = DIRECTION('',(-1.359631073447E-32,-1.110223024625E-16,-1.));
#6494 = ORIENTED_EDGE('',*,*,#6457,.T.);
#6495 = ORIENTED_EDGE('',*,*,#6010,.T.);
#6496 = ORIENTED_EDGE('',*,*,#6497,.T.);
#6497 = EDGE_CURVE('',#6003,#6472,#6498,.T.);
#6498 = LINE('',#6499,#6500);
#6499 = CARTESIAN_POINT('',(5.75,-0.6,0.35));
#6500 = VECTOR('',#6501,1.);
#6501 = DIRECTION('',(1.359631073447E-32,1.110223024625E-16,1.));
#6502 = PLANE('',#6503);
#6503 = AXIS2_PLACEMENT_3D('',#6504,#6505,#6506);
#6504 = CARTESIAN_POINT('',(5.75,-0.930008245993,3.234548643504));
#6505 = DIRECTION('',(1.,-1.224646799147E-16,6.435104022508E-33));
#6506 = DIRECTION('',(1.224646799147E-16,1.,-1.110223024625E-16));
#6507 = ADVANCED_FACE('',(#6508),#6526,.F.);
#6508 = FACE_BOUND('',#6509,.F.);
#6509 = EDGE_LOOP('',(#6510,#6511,#6519,#6525));
#6510 = ORIENTED_EDGE('',*,*,#6002,.T.);
#6511 = ORIENTED_EDGE('',*,*,#6512,.T.);
#6512 = EDGE_CURVE('',#5995,#6513,#6515,.T.);
#6513 = VERTEX_POINT('',#6514);
#6514 = CARTESIAN_POINT('',(6.75,-0.6,6.1));
#6515 = LINE('',#6516,#6517);
#6516 = CARTESIAN_POINT('',(6.75,-0.6,0.35));
#6517 = VECTOR('',#6518,1.);
#6518 = DIRECTION('',(1.359631073447E-32,1.110223024625E-16,1.));
#6519 = ORIENTED_EDGE('',*,*,#6520,.T.);
#6520 = EDGE_CURVE('',#6513,#6472,#6521,.T.);
#6521 = LINE('',#6522,#6523);
#6522 = CARTESIAN_POINT('',(9.95,-0.6,6.1));
#6523 = VECTOR('',#6524,1.);
#6524 = DIRECTION('',(-1.,1.224646799147E-16,0.));
#6525 = ORIENTED_EDGE('',*,*,#6497,.F.);
#6526 = PLANE('',#6527);
#6527 = AXIS2_PLACEMENT_3D('',#6528,#6529,#6530);
#6528 = CARTESIAN_POINT('',(3.75,-0.6,3.225));
#6529 = DIRECTION('',(-1.224646799147E-16,-1.,1.110223024625E-16));
#6530 = DIRECTION('',(-1.,1.224646799147E-16,0.));
#6531 = ADVANCED_FACE('',(#6532),#6566,.T.);
#6532 = FACE_BOUND('',#6533,.T.);
#6533 = EDGE_LOOP('',(#6534,#6542,#6550,#6558,#6564,#6565));
#6534 = ORIENTED_EDGE('',*,*,#6535,.T.);
#6535 = EDGE_CURVE('',#6513,#6536,#6538,.T.);
#6536 = VERTEX_POINT('',#6537);
#6537 = CARTESIAN_POINT('',(6.75,-1.6,6.1));
#6538 = LINE('',#6539,#6540);
#6539 = CARTESIAN_POINT('',(6.75,-0.6,6.1));
#6540 = VECTOR('',#6541,1.);
#6541 = DIRECTION('',(-1.224646799147E-16,-1.,1.110223024625E-16));
#6542 = ORIENTED_EDGE('',*,*,#6543,.T.);
#6543 = EDGE_CURVE('',#6536,#6544,#6546,.T.);
#6544 = VERTEX_POINT('',#6545);
#6545 = CARTESIAN_POINT('',(6.75,-0.9,4.25));
#6546 = LINE('',#6547,#6548);
#6547 = CARTESIAN_POINT('',(6.75,-1.6,6.1));
#6548 = VECTOR('',#6549,1.);
#6549 = DIRECTION('',(4.33392824344E-17,0.353892097416,-0.935286257456)
  );
#6550 = ORIENTED_EDGE('',*,*,#6551,.T.);
#6551 = EDGE_CURVE('',#6544,#6552,#6554,.T.);
#6552 = VERTEX_POINT('',#6553);
#6553 = CARTESIAN_POINT('',(6.75,-0.9,3.25));
#6554 = LINE('',#6555,#6556);
#6555 = CARTESIAN_POINT('',(6.75,-0.9,4.25));
#6556 = VECTOR('',#6557,1.);
#6557 = DIRECTION('',(-1.359631073447E-32,-1.110223024625E-16,-1.));
#6558 = ORIENTED_EDGE('',*,*,#6559,.T.);
#6559 = EDGE_CURVE('',#6552,#5987,#6560,.T.);
#6560 = LINE('',#6561,#6562);
#6561 = CARTESIAN_POINT('',(6.75,-0.9,3.25));
#6562 = VECTOR('',#6563,1.);
#6563 = DIRECTION('',(-2.87351777816E-17,-0.234640533104,-0.972082208573
    ));
#6564 = ORIENTED_EDGE('',*,*,#5994,.T.);
#6565 = ORIENTED_EDGE('',*,*,#6512,.T.);
#6566 = PLANE('',#6567);
#6567 = AXIS2_PLACEMENT_3D('',#6568,#6569,#6570);
#6568 = CARTESIAN_POINT('',(6.75,-0.930008245993,3.234548643504));
#6569 = DIRECTION('',(1.,-1.224646799147E-16,6.435104022508E-33));
#6570 = DIRECTION('',(1.224646799147E-16,1.,-1.110223024625E-16));
#6571 = ADVANCED_FACE('',(#6572),#6590,.F.);
#6572 = FACE_BOUND('',#6573,.F.);
#6573 = EDGE_LOOP('',(#6574,#6582,#6583,#6584));
#6574 = ORIENTED_EDGE('',*,*,#6575,.T.);
#6575 = EDGE_CURVE('',#6576,#6552,#6578,.T.);
#6576 = VERTEX_POINT('',#6577);
#6577 = CARTESIAN_POINT('',(8.25,-0.9,3.25));
#6578 = LINE('',#6579,#6580);
#6579 = CARTESIAN_POINT('',(8.25,-0.9,3.25));
#6580 = VECTOR('',#6581,1.);
#6581 = DIRECTION('',(-1.,1.224646799147E-16,0.));
#6582 = ORIENTED_EDGE('',*,*,#6559,.T.);
#6583 = ORIENTED_EDGE('',*,*,#5986,.F.);
#6584 = ORIENTED_EDGE('',*,*,#6585,.F.);
#6585 = EDGE_CURVE('',#6576,#5979,#6586,.T.);
#6586 = LINE('',#6587,#6588);
#6587 = CARTESIAN_POINT('',(8.25,-0.9,3.25));
#6588 = VECTOR('',#6589,1.);
#6589 = DIRECTION('',(-2.87351777816E-17,-0.234640533104,-0.972082208573
    ));
#6590 = PLANE('',#6591);
#6591 = AXIS2_PLACEMENT_3D('',#6592,#6593,#6594);
#6592 = CARTESIAN_POINT('',(8.25,-0.9,3.25));
#6593 = DIRECTION('',(-1.190457365237E-16,-0.972082208573,0.234640533104
    ));
#6594 = DIRECTION('',(-2.87351777816E-17,-0.234640533104,-0.972082208573
    ));
#6595 = ADVANCED_FACE('',(#6596),#6630,.F.);
#6596 = FACE_BOUND('',#6597,.F.);
#6597 = EDGE_LOOP('',(#6598,#6608,#6616,#6622,#6623,#6624));
#6598 = ORIENTED_EDGE('',*,*,#6599,.T.);
#6599 = EDGE_CURVE('',#6600,#6602,#6604,.T.);
#6600 = VERTEX_POINT('',#6601);
#6601 = CARTESIAN_POINT('',(8.25,-0.6,6.1));
#6602 = VERTEX_POINT('',#6603);
#6603 = CARTESIAN_POINT('',(8.25,-1.6,6.1));
#6604 = LINE('',#6605,#6606);
#6605 = CARTESIAN_POINT('',(8.25,-0.6,6.1));
#6606 = VECTOR('',#6607,1.);
#6607 = DIRECTION('',(-1.224646799147E-16,-1.,1.110223024625E-16));
#6608 = ORIENTED_EDGE('',*,*,#6609,.T.);
#6609 = EDGE_CURVE('',#6602,#6610,#6612,.T.);
#6610 = VERTEX_POINT('',#6611);
#6611 = CARTESIAN_POINT('',(8.25,-0.9,4.25));
#6612 = LINE('',#6613,#6614);
#6613 = CARTESIAN_POINT('',(8.25,-1.6,6.1));
#6614 = VECTOR('',#6615,1.);
#6615 = DIRECTION('',(4.33392824344E-17,0.353892097416,-0.935286257456)
  );
#6616 = ORIENTED_EDGE('',*,*,#6617,.T.);
#6617 = EDGE_CURVE('',#6610,#6576,#6618,.T.);
#6618 = LINE('',#6619,#6620);
#6619 = CARTESIAN_POINT('',(8.25,-0.9,4.25));
#6620 = VECTOR('',#6621,1.);
#6621 = DIRECTION('',(-1.359631073447E-32,-1.110223024625E-16,-1.));
#6622 = ORIENTED_EDGE('',*,*,#6585,.T.);
#6623 = ORIENTED_EDGE('',*,*,#5978,.T.);
#6624 = ORIENTED_EDGE('',*,*,#6625,.T.);
#6625 = EDGE_CURVE('',#5971,#6600,#6626,.T.);
#6626 = LINE('',#6627,#6628);
#6627 = CARTESIAN_POINT('',(8.25,-0.6,0.35));
#6628 = VECTOR('',#6629,1.);
#6629 = DIRECTION('',(1.359631073447E-32,1.110223024625E-16,1.));
#6630 = PLANE('',#6631);
#6631 = AXIS2_PLACEMENT_3D('',#6632,#6633,#6634);
#6632 = CARTESIAN_POINT('',(8.25,-0.930008245993,3.234548643504));
#6633 = DIRECTION('',(1.,-1.224646799147E-16,6.435104022508E-33));
#6634 = DIRECTION('',(1.224646799147E-16,1.,-1.110223024625E-16));
#6635 = ADVANCED_FACE('',(#6636),#6670,.F.);
#6636 = FACE_BOUND('',#6637,.F.);
#6637 = EDGE_LOOP('',(#6638,#6648,#6656,#6662,#6663,#6664));
#6638 = ORIENTED_EDGE('',*,*,#6639,.F.);
#6639 = EDGE_CURVE('',#6640,#6642,#6644,.T.);
#6640 = VERTEX_POINT('',#6641);
#6641 = CARTESIAN_POINT('',(9.95,-0.6,5.35));
#6642 = VERTEX_POINT('',#6643);
#6643 = CARTESIAN_POINT('',(9.45,-0.6,5.35));
#6644 = LINE('',#6645,#6646);
#6645 = CARTESIAN_POINT('',(9.95,-0.6,5.35));
#6646 = VECTOR('',#6647,1.);
#6647 = DIRECTION('',(-1.,1.224646799147E-16,0.));
#6648 = ORIENTED_EDGE('',*,*,#6649,.T.);
#6649 = EDGE_CURVE('',#6640,#6650,#6652,.T.);
#6650 = VERTEX_POINT('',#6651);
#6651 = CARTESIAN_POINT('',(9.95,-0.6,6.1));
#6652 = LINE('',#6653,#6654);
#6653 = CARTESIAN_POINT('',(9.95,-0.6,0.35));
#6654 = VECTOR('',#6655,1.);
#6655 = DIRECTION('',(1.359631073447E-32,1.110223024625E-16,1.));
#6656 = ORIENTED_EDGE('',*,*,#6657,.T.);
#6657 = EDGE_CURVE('',#6650,#6600,#6658,.T.);
#6658 = LINE('',#6659,#6660);
#6659 = CARTESIAN_POINT('',(9.95,-0.6,6.1));
#6660 = VECTOR('',#6661,1.);
#6661 = DIRECTION('',(-1.,1.224646799147E-16,0.));
#6662 = ORIENTED_EDGE('',*,*,#6625,.F.);
#6663 = ORIENTED_EDGE('',*,*,#5970,.T.);
#6664 = ORIENTED_EDGE('',*,*,#6665,.T.);
#6665 = EDGE_CURVE('',#5963,#6642,#6666,.T.);
#6666 = LINE('',#6667,#6668);
#6667 = CARTESIAN_POINT('',(9.45,-0.6,0.35));
#6668 = VECTOR('',#6669,1.);
#6669 = DIRECTION('',(0.,0.,1.));
#6670 = PLANE('',#6671);
#6671 = AXIS2_PLACEMENT_3D('',#6672,#6673,#6674);
#6672 = CARTESIAN_POINT('',(3.75,-0.6,3.225));
#6673 = DIRECTION('',(-1.224646799147E-16,-1.,1.110223024625E-16));
#6674 = DIRECTION('',(-1.,1.224646799147E-16,0.));
#6675 = ADVANCED_FACE('',(#6676),#6710,.T.);
#6676 = FACE_BOUND('',#6677,.T.);
#6677 = EDGE_LOOP('',(#6678,#6679,#6687,#6695,#6703,#6709));
#6678 = ORIENTED_EDGE('',*,*,#6665,.T.);
#6679 = ORIENTED_EDGE('',*,*,#6680,.T.);
#6680 = EDGE_CURVE('',#6642,#6681,#6683,.T.);
#6681 = VERTEX_POINT('',#6682);
#6682 = CARTESIAN_POINT('',(9.45,3.9,2.85));
#6683 = LINE('',#6684,#6685);
#6684 = CARTESIAN_POINT('',(9.45,-0.6,5.35));
#6685 = VECTOR('',#6686,1.);
#6686 = DIRECTION('',(1.070533910153E-16,0.874157276121,-0.485642931179)
  );
#6687 = ORIENTED_EDGE('',*,*,#6688,.T.);
#6688 = EDGE_CURVE('',#6681,#6689,#6691,.T.);
#6689 = VERTEX_POINT('',#6690);
#6690 = CARTESIAN_POINT('',(9.45,3.9,0.));
#6691 = LINE('',#6692,#6693);
#6692 = CARTESIAN_POINT('',(9.45,3.9,2.85));
#6693 = VECTOR('',#6694,1.);
#6694 = DIRECTION('',(-0.,0.,-1.));
#6695 = ORIENTED_EDGE('',*,*,#6696,.T.);
#6696 = EDGE_CURVE('',#6689,#6697,#6699,.T.);
#6697 = VERTEX_POINT('',#6698);
#6698 = CARTESIAN_POINT('',(9.45,-7.6,0.));
#6699 = LINE('',#6700,#6701);
#6700 = CARTESIAN_POINT('',(9.45,3.9,0.));
#6701 = VECTOR('',#6702,1.);
#6702 = DIRECTION('',(-1.224646799147E-16,-1.,0.));
#6703 = ORIENTED_EDGE('',*,*,#6704,.T.);
#6704 = EDGE_CURVE('',#6697,#5955,#6705,.T.);
#6705 = LINE('',#6706,#6707);
#6706 = CARTESIAN_POINT('',(9.45,-7.6,0.));
#6707 = VECTOR('',#6708,1.);
#6708 = DIRECTION('',(0.,0.,1.));
#6709 = ORIENTED_EDGE('',*,*,#5962,.T.);
#6710 = PLANE('',#6711);
#6711 = AXIS2_PLACEMENT_3D('',#6712,#6713,#6714);
#6712 = CARTESIAN_POINT('',(9.45,-1.131195501291,1.31652804741));
#6713 = DIRECTION('',(-1.,1.224646799147E-16,-2.6657522746E-32));
#6714 = DIRECTION('',(-2.6657522746E-32,3.264604990409E-48,1.));
#6715 = ADVANCED_FACE('',(#6716),#6798,.T.);
#6716 = FACE_BOUND('',#6717,.T.);
#6717 = EDGE_LOOP('',(#6718,#6728,#6736,#6744,#6752,#6758,#6759,#6760,
    #6768,#6776,#6784,#6792));
#6718 = ORIENTED_EDGE('',*,*,#6719,.F.);
#6719 = EDGE_CURVE('',#6720,#6722,#6724,.T.);
#6720 = VERTEX_POINT('',#6721);
#6721 = CARTESIAN_POINT('',(-1.8,-7.6,4.25));
#6722 = VERTEX_POINT('',#6723);
#6723 = CARTESIAN_POINT('',(-1.8,-7.6,0.9));
#6724 = LINE('',#6725,#6726);
#6725 = CARTESIAN_POINT('',(-1.8,-7.6,4.25));
#6726 = VECTOR('',#6727,1.);
#6727 = DIRECTION('',(-1.359631073447E-32,-1.110223024625E-16,-1.));
#6728 = ORIENTED_EDGE('',*,*,#6729,.T.);
#6729 = EDGE_CURVE('',#6720,#6730,#6732,.T.);
#6730 = VERTEX_POINT('',#6731);
#6731 = CARTESIAN_POINT('',(-2.45,-7.6,4.25));
#6732 = LINE('',#6733,#6734);
#6733 = CARTESIAN_POINT('',(9.95,-7.6,4.25));
#6734 = VECTOR('',#6735,1.);
#6735 = DIRECTION('',(-1.,1.224646799147E-16,0.));
#6736 = ORIENTED_EDGE('',*,*,#6737,.T.);
#6737 = EDGE_CURVE('',#6730,#6738,#6740,.T.);
#6738 = VERTEX_POINT('',#6739);
#6739 = CARTESIAN_POINT('',(-2.45,-7.6,0.));
#6740 = LINE('',#6741,#6742);
#6741 = CARTESIAN_POINT('',(-2.45,-7.6,6.1));
#6742 = VECTOR('',#6743,1.);
#6743 = DIRECTION('',(-1.359631073447E-32,-1.110223024625E-16,-1.));
#6744 = ORIENTED_EDGE('',*,*,#6745,.F.);
#6745 = EDGE_CURVE('',#6746,#6738,#6748,.T.);
#6746 = VERTEX_POINT('',#6747);
#6747 = CARTESIAN_POINT('',(-1.95,-7.6,0.));
#6748 = LINE('',#6749,#6750);
#6749 = CARTESIAN_POINT('',(-1.95,-7.6,0.));
#6750 = VECTOR('',#6751,1.);
#6751 = DIRECTION('',(-1.,1.224646799147E-16,0.));
#6752 = ORIENTED_EDGE('',*,*,#6753,.T.);
#6753 = EDGE_CURVE('',#6746,#5947,#6754,.T.);
#6754 = LINE('',#6755,#6756);
#6755 = CARTESIAN_POINT('',(-1.95,-7.6,0.));
#6756 = VECTOR('',#6757,1.);
#6757 = DIRECTION('',(0.,0.,1.));
#6758 = ORIENTED_EDGE('',*,*,#5954,.T.);
#6759 = ORIENTED_EDGE('',*,*,#6704,.F.);
#6760 = ORIENTED_EDGE('',*,*,#6761,.F.);
#6761 = EDGE_CURVE('',#6762,#6697,#6764,.T.);
#6762 = VERTEX_POINT('',#6763);
#6763 = CARTESIAN_POINT('',(9.95,-7.6,0.));
#6764 = LINE('',#6765,#6766);
#6765 = CARTESIAN_POINT('',(9.95,-7.6,0.));
#6766 = VECTOR('',#6767,1.);
#6767 = DIRECTION('',(-1.,1.224646799147E-16,0.));
#6768 = ORIENTED_EDGE('',*,*,#6769,.T.);
#6769 = EDGE_CURVE('',#6762,#6770,#6772,.T.);
#6770 = VERTEX_POINT('',#6771);
#6771 = CARTESIAN_POINT('',(9.95,-7.6,4.25));
#6772 = LINE('',#6773,#6774);
#6773 = CARTESIAN_POINT('',(9.95,-7.6,0.));
#6774 = VECTOR('',#6775,1.);
#6775 = DIRECTION('',(0.,0.,1.));
#6776 = ORIENTED_EDGE('',*,*,#6777,.T.);
#6777 = EDGE_CURVE('',#6770,#6778,#6780,.T.);
#6778 = VERTEX_POINT('',#6779);
#6779 = CARTESIAN_POINT('',(9.3,-7.6,4.25));
#6780 = LINE('',#6781,#6782);
#6781 = CARTESIAN_POINT('',(9.95,-7.6,4.25));
#6782 = VECTOR('',#6783,1.);
#6783 = DIRECTION('',(-1.,1.224646799147E-16,0.));
#6784 = ORIENTED_EDGE('',*,*,#6785,.F.);
#6785 = EDGE_CURVE('',#6786,#6778,#6788,.T.);
#6786 = VERTEX_POINT('',#6787);
#6787 = CARTESIAN_POINT('',(9.3,-7.6,0.9));
#6788 = LINE('',#6789,#6790);
#6789 = CARTESIAN_POINT('',(9.3,-7.6,1.1));
#6790 = VECTOR('',#6791,1.);
#6791 = DIRECTION('',(1.359631073447E-32,1.110223024625E-16,1.));
#6792 = ORIENTED_EDGE('',*,*,#6793,.F.);
#6793 = EDGE_CURVE('',#6722,#6786,#6794,.T.);
#6794 = LINE('',#6795,#6796);
#6795 = CARTESIAN_POINT('',(-1.6,-7.6,0.9));
#6796 = VECTOR('',#6797,1.);
#6797 = DIRECTION('',(1.,-1.224646799147E-16,0.));
#6798 = PLANE('',#6799);
#6799 = AXIS2_PLACEMENT_3D('',#6800,#6801,#6802);
#6800 = CARTESIAN_POINT('',(3.75,-7.6,1.349938574939));
#6801 = DIRECTION('',(-1.224646799147E-16,-1.,-4.469550552907E-31));
#6802 = DIRECTION('',(-5.473620778244E-47,-4.469550552907E-31,1.));
#6803 = ADVANCED_FACE('',(#6804),#6831,.F.);
#6804 = FACE_BOUND('',#6805,.F.);
#6805 = EDGE_LOOP('',(#6806,#6807,#6815,#6823,#6829,#6830));
#6806 = ORIENTED_EDGE('',*,*,#6136,.T.);
#6807 = ORIENTED_EDGE('',*,*,#6808,.T.);
#6808 = EDGE_CURVE('',#6129,#6809,#6811,.T.);
#6809 = VERTEX_POINT('',#6810);
#6810 = CARTESIAN_POINT('',(-1.95,3.9,2.85));
#6811 = LINE('',#6812,#6813);
#6812 = CARTESIAN_POINT('',(-1.95,-0.6,5.35));
#6813 = VECTOR('',#6814,1.);
#6814 = DIRECTION('',(1.070533910153E-16,0.874157276121,-0.485642931179)
  );
#6815 = ORIENTED_EDGE('',*,*,#6816,.T.);
#6816 = EDGE_CURVE('',#6809,#6817,#6819,.T.);
#6817 = VERTEX_POINT('',#6818);
#6818 = CARTESIAN_POINT('',(-1.95,3.9,0.));
#6819 = LINE('',#6820,#6821);
#6820 = CARTESIAN_POINT('',(-1.95,3.9,2.85));
#6821 = VECTOR('',#6822,1.);
#6822 = DIRECTION('',(-0.,0.,-1.));
#6823 = ORIENTED_EDGE('',*,*,#6824,.T.);
#6824 = EDGE_CURVE('',#6817,#6746,#6825,.T.);
#6825 = LINE('',#6826,#6827);
#6826 = CARTESIAN_POINT('',(-1.95,3.9,0.));
#6827 = VECTOR('',#6828,1.);
#6828 = DIRECTION('',(-1.224646799147E-16,-1.,0.));
#6829 = ORIENTED_EDGE('',*,*,#6753,.T.);
#6830 = ORIENTED_EDGE('',*,*,#5946,.T.);
#6831 = PLANE('',#6832);
#6832 = AXIS2_PLACEMENT_3D('',#6833,#6834,#6835);
#6833 = CARTESIAN_POINT('',(-1.95,-1.131195501291,1.31652804741));
#6834 = DIRECTION('',(-1.,1.224646799147E-16,-2.6657522746E-32));
#6835 = DIRECTION('',(-2.6657522746E-32,3.264604990409E-48,1.));
#6836 = ADVANCED_FACE('',(#6837),#6855,.F.);
#6837 = FACE_BOUND('',#6838,.F.);
#6838 = EDGE_LOOP('',(#6839,#6840,#6848,#6854));
#6839 = ORIENTED_EDGE('',*,*,#6128,.T.);
#6840 = ORIENTED_EDGE('',*,*,#6841,.T.);
#6841 = EDGE_CURVE('',#6121,#6842,#6844,.T.);
#6842 = VERTEX_POINT('',#6843);
#6843 = CARTESIAN_POINT('',(-2.45,3.9,2.85));
#6844 = LINE('',#6845,#6846);
#6845 = CARTESIAN_POINT('',(-2.45,-0.6,5.35));
#6846 = VECTOR('',#6847,1.);
#6847 = DIRECTION('',(1.070533910153E-16,0.874157276121,-0.485642931179)
  );
#6848 = ORIENTED_EDGE('',*,*,#6849,.F.);
#6849 = EDGE_CURVE('',#6809,#6842,#6850,.T.);
#6850 = LINE('',#6851,#6852);
#6851 = CARTESIAN_POINT('',(-1.95,3.9,2.85));
#6852 = VECTOR('',#6853,1.);
#6853 = DIRECTION('',(-1.,1.224646799147E-16,0.));
#6854 = ORIENTED_EDGE('',*,*,#6808,.F.);
#6855 = PLANE('',#6856);
#6856 = AXIS2_PLACEMENT_3D('',#6857,#6858,#6859);
#6857 = CARTESIAN_POINT('',(-1.95,-0.6,5.35));
#6858 = DIRECTION('',(-5.947410611962E-17,-0.485642931179,
    -0.874157276121));
#6859 = DIRECTION('',(1.070533910153E-16,0.874157276121,-0.485642931179)
  );
#6860 = ADVANCED_FACE('',(#6861),#6927,.T.);
#6861 = FACE_BOUND('',#6862,.T.);
#6862 = EDGE_LOOP('',(#6863,#6864,#6865,#6873,#6879,#6880,#6888,#6896,
    #6905,#6913,#6921));
#6863 = ORIENTED_EDGE('',*,*,#6120,.T.);
#6864 = ORIENTED_EDGE('',*,*,#6841,.T.);
#6865 = ORIENTED_EDGE('',*,*,#6866,.T.);
#6866 = EDGE_CURVE('',#6842,#6867,#6869,.T.);
#6867 = VERTEX_POINT('',#6868);
#6868 = CARTESIAN_POINT('',(-2.45,3.9,0.));
#6869 = LINE('',#6870,#6871);
#6870 = CARTESIAN_POINT('',(-2.45,3.9,2.85));
#6871 = VECTOR('',#6872,1.);
#6872 = DIRECTION('',(-0.,0.,-1.));
#6873 = ORIENTED_EDGE('',*,*,#6874,.T.);
#6874 = EDGE_CURVE('',#6867,#6738,#6875,.T.);
#6875 = LINE('',#6876,#6877);
#6876 = CARTESIAN_POINT('',(-2.45,3.9,0.));
#6877 = VECTOR('',#6878,1.);
#6878 = DIRECTION('',(-1.224646799147E-16,-1.,0.));
#6879 = ORIENTED_EDGE('',*,*,#6737,.F.);
#6880 = ORIENTED_EDGE('',*,*,#6881,.F.);
#6881 = EDGE_CURVE('',#6882,#6730,#6884,.T.);
#6882 = VERTEX_POINT('',#6883);
#6883 = CARTESIAN_POINT('',(-2.45,-4.25,4.25));
#6884 = LINE('',#6885,#6886);
#6885 = CARTESIAN_POINT('',(-2.45,-2.425,4.25));
#6886 = VECTOR('',#6887,1.);
#6887 = DIRECTION('',(-1.224646799147E-16,-1.,1.110223024625E-16));
#6888 = ORIENTED_EDGE('',*,*,#6889,.F.);
#6889 = EDGE_CURVE('',#6890,#6882,#6892,.T.);
#6890 = VERTEX_POINT('',#6891);
#6891 = CARTESIAN_POINT('',(-2.45,-4.25,4.75));
#6892 = LINE('',#6893,#6894);
#6893 = CARTESIAN_POINT('',(-2.45,-4.25,5.425));
#6894 = VECTOR('',#6895,1.);
#6895 = DIRECTION('',(-1.359631073447E-32,-1.110223024625E-16,-1.));
#6896 = ORIENTED_EDGE('',*,*,#6897,.T.);
#6897 = EDGE_CURVE('',#6890,#6898,#6900,.T.);
#6898 = VERTEX_POINT('',#6899);
#6899 = CARTESIAN_POINT('',(-2.45,-4.75,5.25));
#6900 = CIRCLE('',#6901,0.5);
#6901 = AXIS2_PLACEMENT_3D('',#6902,#6903,#6904);
#6902 = CARTESIAN_POINT('',(-2.45,-4.75,4.75));
#6903 = DIRECTION('',(1.,-1.224646799147E-16,0.));
#6904 = DIRECTION('',(1.359631073446E-32,1.110223024625E-16,1.));
#6905 = ORIENTED_EDGE('',*,*,#6906,.F.);
#6906 = EDGE_CURVE('',#6907,#6898,#6909,.T.);
#6907 = VERTEX_POINT('',#6908);
#6908 = CARTESIAN_POINT('',(-2.45,-7.6,5.25));
#6909 = LINE('',#6910,#6911);
#6910 = CARTESIAN_POINT('',(-2.45,-4.1,5.25));
#6911 = VECTOR('',#6912,1.);
#6912 = DIRECTION('',(1.224646799147E-16,1.,-1.110223024625E-16));
#6913 = ORIENTED_EDGE('',*,*,#6914,.F.);
#6914 = EDGE_CURVE('',#6915,#6907,#6917,.T.);
#6915 = VERTEX_POINT('',#6916);
#6916 = CARTESIAN_POINT('',(-2.45,-7.6,6.1));
#6917 = LINE('',#6918,#6919);
#6918 = CARTESIAN_POINT('',(-2.45,-7.6,6.1));
#6919 = VECTOR('',#6920,1.);
#6920 = DIRECTION('',(-1.359631073447E-32,-1.110223024625E-16,-1.));
#6921 = ORIENTED_EDGE('',*,*,#6922,.F.);
#6922 = EDGE_CURVE('',#6113,#6915,#6923,.T.);
#6923 = LINE('',#6924,#6925);
#6924 = CARTESIAN_POINT('',(-2.45,-0.6,6.1));
#6925 = VECTOR('',#6926,1.);
#6926 = DIRECTION('',(-1.224646799147E-16,-1.,1.110223024625E-16));
#6927 = PLANE('',#6928);
#6928 = AXIS2_PLACEMENT_3D('',#6929,#6930,#6931);
#6929 = CARTESIAN_POINT('',(-2.45,-2.827303270929,3.048284071859));
#6930 = DIRECTION('',(-1.,1.224646799147E-16,0.));
#6931 = DIRECTION('',(0.,0.,1.));
#6932 = ADVANCED_FACE('',(#6933),#7117,.F.);
#6933 = FACE_BOUND('',#6934,.F.);
#6934 = EDGE_LOOP('',(#6935,#6936,#6944,#6952,#6960,#6968,#6976,#6984,
    #6993,#7001,#7009,#7017,#7025,#7033,#7042,#7050,#7058,#7066,#7074,
    #7080,#7081,#7082,#7083,#7089,#7090,#7091,#7092,#7098,#7099,#7100,
    #7101,#7107,#7108,#7109,#7110,#7116));
#6935 = ORIENTED_EDGE('',*,*,#6657,.F.);
#6936 = ORIENTED_EDGE('',*,*,#6937,.T.);
#6937 = EDGE_CURVE('',#6650,#6938,#6940,.T.);
#6938 = VERTEX_POINT('',#6939);
#6939 = CARTESIAN_POINT('',(9.95,-7.6,6.1));
#6940 = LINE('',#6941,#6942);
#6941 = CARTESIAN_POINT('',(9.95,-0.6,6.1));
#6942 = VECTOR('',#6943,1.);
#6943 = DIRECTION('',(-1.224646799147E-16,-1.,1.110223024625E-16));
#6944 = ORIENTED_EDGE('',*,*,#6945,.T.);
#6945 = EDGE_CURVE('',#6938,#6946,#6948,.T.);
#6946 = VERTEX_POINT('',#6947);
#6947 = CARTESIAN_POINT('',(8.,-7.6,6.1));
#6948 = LINE('',#6949,#6950);
#6949 = CARTESIAN_POINT('',(9.95,-7.6,6.1));
#6950 = VECTOR('',#6951,1.);
#6951 = DIRECTION('',(-1.,1.224646799147E-16,0.));
#6952 = ORIENTED_EDGE('',*,*,#6953,.F.);
#6953 = EDGE_CURVE('',#6954,#6946,#6956,.T.);
#6954 = VERTEX_POINT('',#6955);
#6955 = CARTESIAN_POINT('',(8.,-6.7,6.1));
#6956 = LINE('',#6957,#6958);
#6957 = CARTESIAN_POINT('',(8.,-6.7,6.1));
#6958 = VECTOR('',#6959,1.);
#6959 = DIRECTION('',(-1.224646799147E-16,-1.,1.110223024625E-16));
#6960 = ORIENTED_EDGE('',*,*,#6961,.F.);
#6961 = EDGE_CURVE('',#6962,#6954,#6964,.T.);
#6962 = VERTEX_POINT('',#6963);
#6963 = CARTESIAN_POINT('',(7.75,-6.45,6.1));
#6964 = LINE('',#6965,#6966);
#6965 = CARTESIAN_POINT('',(7.75,-6.45,6.1));
#6966 = VECTOR('',#6967,1.);
#6967 = DIRECTION('',(0.707106781187,-0.707106781187,7.850462293414E-17)
  );
#6968 = ORIENTED_EDGE('',*,*,#6969,.F.);
#6969 = EDGE_CURVE('',#6970,#6962,#6972,.T.);
#6970 = VERTEX_POINT('',#6971);
#6971 = CARTESIAN_POINT('',(8.,-6.2,6.1));
#6972 = LINE('',#6973,#6974);
#6973 = CARTESIAN_POINT('',(8.,-6.2,6.1));
#6974 = VECTOR('',#6975,1.);
#6975 = DIRECTION('',(-0.707106781187,-0.707106781187,7.850462293414E-17
    ));
#6976 = ORIENTED_EDGE('',*,*,#6977,.F.);
#6977 = EDGE_CURVE('',#6978,#6970,#6980,.T.);
#6978 = VERTEX_POINT('',#6979);
#6979 = CARTESIAN_POINT('',(8.,-4.45,6.1));
#6980 = LINE('',#6981,#6982);
#6981 = CARTESIAN_POINT('',(8.,-3.7,6.1));
#6982 = VECTOR('',#6983,1.);
#6983 = DIRECTION('',(-1.224646799147E-16,-1.,1.110223024625E-16));
#6984 = ORIENTED_EDGE('',*,*,#6985,.F.);
#6985 = EDGE_CURVE('',#6986,#6978,#6988,.T.);
#6986 = VERTEX_POINT('',#6987);
#6987 = CARTESIAN_POINT('',(7.25,-3.7,6.1));
#6988 = CIRCLE('',#6989,0.75);
#6989 = AXIS2_PLACEMENT_3D('',#6990,#6991,#6992);
#6990 = CARTESIAN_POINT('',(7.25,-4.45,6.1));
#6991 = DIRECTION('',(-1.359631073447E-32,-1.110223024625E-16,-1.));
#6992 = DIRECTION('',(-1.224646799147E-16,-1.,1.110223024625E-16));
#6993 = ORIENTED_EDGE('',*,*,#6994,.F.);
#6994 = EDGE_CURVE('',#6995,#6986,#6997,.T.);
#6995 = VERTEX_POINT('',#6996);
#6996 = CARTESIAN_POINT('',(6.5,-3.7,6.1));
#6997 = LINE('',#6998,#6999);
#6998 = CARTESIAN_POINT('',(6.5,-3.7,6.1));
#6999 = VECTOR('',#7000,1.);
#7000 = DIRECTION('',(1.,-1.224646799147E-16,0.));
#7001 = ORIENTED_EDGE('',*,*,#7002,.F.);
#7002 = EDGE_CURVE('',#7003,#6995,#7005,.T.);
#7003 = VERTEX_POINT('',#7004);
#7004 = CARTESIAN_POINT('',(6.5,-7.6,6.1));
#7005 = LINE('',#7006,#7007);
#7006 = CARTESIAN_POINT('',(6.5,-7.6,6.1));
#7007 = VECTOR('',#7008,1.);
#7008 = DIRECTION('',(1.224646799147E-16,1.,-1.110223024625E-16));
#7009 = ORIENTED_EDGE('',*,*,#7010,.T.);
#7010 = EDGE_CURVE('',#7003,#7011,#7013,.T.);
#7011 = VERTEX_POINT('',#7012);
#7012 = CARTESIAN_POINT('',(1.,-7.6,6.1));
#7013 = LINE('',#7014,#7015);
#7014 = CARTESIAN_POINT('',(9.95,-7.6,6.1));
#7015 = VECTOR('',#7016,1.);
#7016 = DIRECTION('',(-1.,1.224646799147E-16,0.));
#7017 = ORIENTED_EDGE('',*,*,#7018,.T.);
#7018 = EDGE_CURVE('',#7011,#7019,#7021,.T.);
#7019 = VERTEX_POINT('',#7020);
#7020 = CARTESIAN_POINT('',(1.,-3.7,6.1));
#7021 = LINE('',#7022,#7023);
#7022 = CARTESIAN_POINT('',(1.,-7.6,6.1));
#7023 = VECTOR('',#7024,1.);
#7024 = DIRECTION('',(1.224646799147E-16,1.,-1.110223024625E-16));
#7025 = ORIENTED_EDGE('',*,*,#7026,.T.);
#7026 = EDGE_CURVE('',#7019,#7027,#7029,.T.);
#7027 = VERTEX_POINT('',#7028);
#7028 = CARTESIAN_POINT('',(0.25,-3.7,6.1));
#7029 = LINE('',#7030,#7031);
#7030 = CARTESIAN_POINT('',(1.,-3.7,6.1));
#7031 = VECTOR('',#7032,1.);
#7032 = DIRECTION('',(-1.,1.224646799147E-16,0.));
#7033 = ORIENTED_EDGE('',*,*,#7034,.T.);
#7034 = EDGE_CURVE('',#7027,#7035,#7037,.T.);
#7035 = VERTEX_POINT('',#7036);
#7036 = CARTESIAN_POINT('',(-0.5,-4.45,6.1));
#7037 = CIRCLE('',#7038,0.75);
#7038 = AXIS2_PLACEMENT_3D('',#7039,#7040,#7041);
#7039 = CARTESIAN_POINT('',(0.25,-4.45,6.1));
#7040 = DIRECTION('',(1.359631073447E-32,1.110223024625E-16,1.));
#7041 = DIRECTION('',(-1.224646799147E-16,-1.,1.110223024625E-16));
#7042 = ORIENTED_EDGE('',*,*,#7043,.T.);
#7043 = EDGE_CURVE('',#7035,#7044,#7046,.T.);
#7044 = VERTEX_POINT('',#7045);
#7045 = CARTESIAN_POINT('',(-0.5,-6.2,6.1));
#7046 = LINE('',#7047,#7048);
#7047 = CARTESIAN_POINT('',(-0.5,-3.7,6.1));
#7048 = VECTOR('',#7049,1.);
#7049 = DIRECTION('',(-1.224646799147E-16,-1.,1.110223024625E-16));
#7050 = ORIENTED_EDGE('',*,*,#7051,.T.);
#7051 = EDGE_CURVE('',#7044,#7052,#7054,.T.);
#7052 = VERTEX_POINT('',#7053);
#7053 = CARTESIAN_POINT('',(-0.25,-6.45,6.1));
#7054 = LINE('',#7055,#7056);
#7055 = CARTESIAN_POINT('',(-0.5,-6.2,6.1));
#7056 = VECTOR('',#7057,1.);
#7057 = DIRECTION('',(0.707106781187,-0.707106781187,7.850462293414E-17)
  );
#7058 = ORIENTED_EDGE('',*,*,#7059,.T.);
#7059 = EDGE_CURVE('',#7052,#7060,#7062,.T.);
#7060 = VERTEX_POINT('',#7061);
#7061 = CARTESIAN_POINT('',(-0.5,-6.7,6.1));
#7062 = LINE('',#7063,#7064);
#7063 = CARTESIAN_POINT('',(-0.25,-6.45,6.1));
#7064 = VECTOR('',#7065,1.);
#7065 = DIRECTION('',(-0.707106781187,-0.707106781187,7.850462293414E-17
    ));
#7066 = ORIENTED_EDGE('',*,*,#7067,.T.);
#7067 = EDGE_CURVE('',#7060,#7068,#7070,.T.);
#7068 = VERTEX_POINT('',#7069);
#7069 = CARTESIAN_POINT('',(-0.5,-7.6,6.1));
#7070 = LINE('',#7071,#7072);
#7071 = CARTESIAN_POINT('',(-0.5,-6.7,6.1));
#7072 = VECTOR('',#7073,1.);
#7073 = DIRECTION('',(-1.224646799147E-16,-1.,1.110223024625E-16));
#7074 = ORIENTED_EDGE('',*,*,#7075,.T.);
#7075 = EDGE_CURVE('',#7068,#6915,#7076,.T.);
#7076 = LINE('',#7077,#7078);
#7077 = CARTESIAN_POINT('',(9.95,-7.6,6.1));
#7078 = VECTOR('',#7079,1.);
#7079 = DIRECTION('',(-1.,1.224646799147E-16,0.));
#7080 = ORIENTED_EDGE('',*,*,#6922,.F.);
#7081 = ORIENTED_EDGE('',*,*,#6112,.F.);
#7082 = ORIENTED_EDGE('',*,*,#6151,.T.);
#7083 = ORIENTED_EDGE('',*,*,#7084,.F.);
#7084 = EDGE_CURVE('',#6218,#6152,#7085,.T.);
#7085 = LINE('',#7086,#7087);
#7086 = CARTESIAN_POINT('',(0.75,-1.6,6.1));
#7087 = VECTOR('',#7088,1.);
#7088 = DIRECTION('',(-1.,1.224646799147E-16,0.));
#7089 = ORIENTED_EDGE('',*,*,#6215,.F.);
#7090 = ORIENTED_EDGE('',*,*,#6255,.F.);
#7091 = ORIENTED_EDGE('',*,*,#6279,.T.);
#7092 = ORIENTED_EDGE('',*,*,#7093,.F.);
#7093 = EDGE_CURVE('',#6346,#6280,#7094,.T.);
#7094 = LINE('',#7095,#7096);
#7095 = CARTESIAN_POINT('',(3.25,-1.6,6.1));
#7096 = VECTOR('',#7097,1.);
#7097 = DIRECTION('',(-1.,1.224646799147E-16,0.));
#7098 = ORIENTED_EDGE('',*,*,#6343,.F.);
#7099 = ORIENTED_EDGE('',*,*,#6393,.F.);
#7100 = ORIENTED_EDGE('',*,*,#6407,.T.);
#7101 = ORIENTED_EDGE('',*,*,#7102,.F.);
#7102 = EDGE_CURVE('',#6474,#6408,#7103,.T.);
#7103 = LINE('',#7104,#7105);
#7104 = CARTESIAN_POINT('',(5.75,-1.6,6.1));
#7105 = VECTOR('',#7106,1.);
#7106 = DIRECTION('',(-1.,1.224646799147E-16,0.));
#7107 = ORIENTED_EDGE('',*,*,#6471,.F.);
#7108 = ORIENTED_EDGE('',*,*,#6520,.F.);
#7109 = ORIENTED_EDGE('',*,*,#6535,.T.);
#7110 = ORIENTED_EDGE('',*,*,#7111,.F.);
#7111 = EDGE_CURVE('',#6602,#6536,#7112,.T.);
#7112 = LINE('',#7113,#7114);
#7113 = CARTESIAN_POINT('',(8.25,-1.6,6.1));
#7114 = VECTOR('',#7115,1.);
#7115 = DIRECTION('',(-1.,1.224646799147E-16,0.));
#7116 = ORIENTED_EDGE('',*,*,#6599,.F.);
#7117 = PLANE('',#7118);
#7118 = AXIS2_PLACEMENT_3D('',#7119,#7120,#7121);
#7119 = CARTESIAN_POINT('',(9.95,-0.6,6.1));
#7120 = DIRECTION('',(-1.359631073447E-32,-1.110223024625E-16,-1.));
#7121 = DIRECTION('',(-1.,1.224646799147E-16,6.927121900793E-45));
#7122 = ADVANCED_FACE('',(#7123),#7134,.F.);
#7123 = FACE_BOUND('',#7124,.F.);
#7124 = EDGE_LOOP('',(#7125,#7126,#7127,#7133));
#7125 = ORIENTED_EDGE('',*,*,#7084,.T.);
#7126 = ORIENTED_EDGE('',*,*,#6159,.T.);
#7127 = ORIENTED_EDGE('',*,*,#7128,.F.);
#7128 = EDGE_CURVE('',#6226,#6160,#7129,.T.);
#7129 = LINE('',#7130,#7131);
#7130 = CARTESIAN_POINT('',(0.75,-0.9,4.25));
#7131 = VECTOR('',#7132,1.);
#7132 = DIRECTION('',(-1.,1.224646799147E-16,0.));
#7133 = ORIENTED_EDGE('',*,*,#6225,.F.);
#7134 = PLANE('',#7135);
#7135 = AXIS2_PLACEMENT_3D('',#7136,#7137,#7138);
#7136 = CARTESIAN_POINT('',(0.75,-1.6,6.1));
#7137 = DIRECTION('',(-1.14539532148E-16,-0.935286257456,-0.353892097416
    ));
#7138 = DIRECTION('',(4.33392824344E-17,0.353892097416,-0.935286257456)
  );
#7139 = ADVANCED_FACE('',(#7140,#7146),#7180,.F.);
#7140 = FACE_BOUND('',#7141,.F.);
#7141 = EDGE_LOOP('',(#7142,#7143,#7144,#7145));
#7142 = ORIENTED_EDGE('',*,*,#7128,.T.);
#7143 = ORIENTED_EDGE('',*,*,#6167,.T.);
#7144 = ORIENTED_EDGE('',*,*,#6191,.F.);
#7145 = ORIENTED_EDGE('',*,*,#6233,.F.);
#7146 = FACE_BOUND('',#7147,.F.);
#7147 = EDGE_LOOP('',(#7148,#7158,#7166,#7174));
#7148 = ORIENTED_EDGE('',*,*,#7149,.F.);
#7149 = EDGE_CURVE('',#7150,#7152,#7154,.T.);
#7150 = VERTEX_POINT('',#7151);
#7151 = CARTESIAN_POINT('',(-0.32,-0.9,4.07));
#7152 = VERTEX_POINT('',#7153);
#7153 = CARTESIAN_POINT('',(-0.32,-0.9,3.43));
#7154 = LINE('',#7155,#7156);
#7155 = CARTESIAN_POINT('',(-0.32,-0.9,3.059280765957));
#7156 = VECTOR('',#7157,1.);
#7157 = DIRECTION('',(-1.359631073447E-32,-1.110223024625E-16,-1.));
#7158 = ORIENTED_EDGE('',*,*,#7159,.T.);
#7159 = EDGE_CURVE('',#7150,#7160,#7162,.T.);
#7160 = VERTEX_POINT('',#7161);
#7161 = CARTESIAN_POINT('',(0.32,-0.9,4.07));
#7162 = LINE('',#7163,#7164);
#7163 = CARTESIAN_POINT('',(0.535,-0.9,4.07));
#7164 = VECTOR('',#7165,1.);
#7165 = DIRECTION('',(1.,-1.224646799147E-16,0.));
#7166 = ORIENTED_EDGE('',*,*,#7167,.T.);
#7167 = EDGE_CURVE('',#7160,#7168,#7170,.T.);
#7168 = VERTEX_POINT('',#7169);
#7169 = CARTESIAN_POINT('',(0.32,-0.9,3.43));
#7170 = LINE('',#7171,#7172);
#7171 = CARTESIAN_POINT('',(0.32,-0.9,3.059280765957));
#7172 = VECTOR('',#7173,1.);
#7173 = DIRECTION('',(-1.359631073447E-32,-1.110223024625E-16,-1.));
#7174 = ORIENTED_EDGE('',*,*,#7175,.T.);
#7175 = EDGE_CURVE('',#7168,#7152,#7176,.T.);
#7176 = LINE('',#7177,#7178);
#7177 = CARTESIAN_POINT('',(0.535,-0.9,3.43));
#7178 = VECTOR('',#7179,1.);
#7179 = DIRECTION('',(-1.,1.224646799147E-16,0.));
#7180 = PLANE('',#7181);
#7181 = AXIS2_PLACEMENT_3D('',#7182,#7183,#7184);
#7182 = CARTESIAN_POINT('',(0.75,-0.9,4.25));
#7183 = DIRECTION('',(-1.224646799147E-16,-1.,1.110223024625E-16));
#7184 = DIRECTION('',(-1.359631073447E-32,-1.110223024625E-16,-1.));
#7185 = ADVANCED_FACE('',(#7186),#7197,.F.);
#7186 = FACE_BOUND('',#7187,.F.);
#7187 = EDGE_LOOP('',(#7188,#7189,#7190,#7196));
#7188 = ORIENTED_EDGE('',*,*,#7093,.T.);
#7189 = ORIENTED_EDGE('',*,*,#6287,.T.);
#7190 = ORIENTED_EDGE('',*,*,#7191,.F.);
#7191 = EDGE_CURVE('',#6354,#6288,#7192,.T.);
#7192 = LINE('',#7193,#7194);
#7193 = CARTESIAN_POINT('',(3.25,-0.9,4.25));
#7194 = VECTOR('',#7195,1.);
#7195 = DIRECTION('',(-1.,1.224646799147E-16,0.));
#7196 = ORIENTED_EDGE('',*,*,#6353,.F.);
#7197 = PLANE('',#7198);
#7198 = AXIS2_PLACEMENT_3D('',#7199,#7200,#7201);
#7199 = CARTESIAN_POINT('',(3.25,-1.6,6.1));
#7200 = DIRECTION('',(-1.14539532148E-16,-0.935286257456,-0.353892097416
    ));
#7201 = DIRECTION('',(4.33392824344E-17,0.353892097416,-0.935286257456)
  );
#7202 = ADVANCED_FACE('',(#7203,#7209),#7243,.F.);
#7203 = FACE_BOUND('',#7204,.F.);
#7204 = EDGE_LOOP('',(#7205,#7206,#7207,#7208));
#7205 = ORIENTED_EDGE('',*,*,#7191,.T.);
#7206 = ORIENTED_EDGE('',*,*,#6295,.T.);
#7207 = ORIENTED_EDGE('',*,*,#6319,.F.);
#7208 = ORIENTED_EDGE('',*,*,#6361,.F.);
#7209 = FACE_BOUND('',#7210,.F.);
#7210 = EDGE_LOOP('',(#7211,#7221,#7229,#7237));
#7211 = ORIENTED_EDGE('',*,*,#7212,.T.);
#7212 = EDGE_CURVE('',#7213,#7215,#7217,.T.);
#7213 = VERTEX_POINT('',#7214);
#7214 = CARTESIAN_POINT('',(2.18,-0.9,4.07));
#7215 = VERTEX_POINT('',#7216);
#7216 = CARTESIAN_POINT('',(2.82,-0.9,4.07));
#7217 = LINE('',#7218,#7219);
#7218 = CARTESIAN_POINT('',(3.035,-0.9,4.07));
#7219 = VECTOR('',#7220,1.);
#7220 = DIRECTION('',(1.,-1.224646799147E-16,0.));
#7221 = ORIENTED_EDGE('',*,*,#7222,.T.);
#7222 = EDGE_CURVE('',#7215,#7223,#7225,.T.);
#7223 = VERTEX_POINT('',#7224);
#7224 = CARTESIAN_POINT('',(2.82,-0.9,3.43));
#7225 = LINE('',#7226,#7227);
#7226 = CARTESIAN_POINT('',(2.82,-0.9,3.069991605104));
#7227 = VECTOR('',#7228,1.);
#7228 = DIRECTION('',(-1.359631073447E-32,-1.110223024625E-16,-1.));
#7229 = ORIENTED_EDGE('',*,*,#7230,.T.);
#7230 = EDGE_CURVE('',#7223,#7231,#7233,.T.);
#7231 = VERTEX_POINT('',#7232);
#7232 = CARTESIAN_POINT('',(2.18,-0.9,3.43));
#7233 = LINE('',#7234,#7235);
#7234 = CARTESIAN_POINT('',(3.035,-0.9,3.43));
#7235 = VECTOR('',#7236,1.);
#7236 = DIRECTION('',(-1.,1.224646799147E-16,0.));
#7237 = ORIENTED_EDGE('',*,*,#7238,.F.);
#7238 = EDGE_CURVE('',#7213,#7231,#7239,.T.);
#7239 = LINE('',#7240,#7241);
#7240 = CARTESIAN_POINT('',(2.18,-0.9,3.069991605104));
#7241 = VECTOR('',#7242,1.);
#7242 = DIRECTION('',(-1.359631073447E-32,-1.110223024625E-16,-1.));
#7243 = PLANE('',#7244);
#7244 = AXIS2_PLACEMENT_3D('',#7245,#7246,#7247);
#7245 = CARTESIAN_POINT('',(3.25,-0.9,4.25));
#7246 = DIRECTION('',(-1.224646799147E-16,-1.,1.110223024625E-16));
#7247 = DIRECTION('',(-1.359631073447E-32,-1.110223024625E-16,-1.));
#7248 = ADVANCED_FACE('',(#7249),#7260,.F.);
#7249 = FACE_BOUND('',#7250,.F.);
#7250 = EDGE_LOOP('',(#7251,#7252,#7253,#7259));
#7251 = ORIENTED_EDGE('',*,*,#7102,.T.);
#7252 = ORIENTED_EDGE('',*,*,#6415,.T.);
#7253 = ORIENTED_EDGE('',*,*,#7254,.F.);
#7254 = EDGE_CURVE('',#6482,#6416,#7255,.T.);
#7255 = LINE('',#7256,#7257);
#7256 = CARTESIAN_POINT('',(5.75,-0.9,4.25));
#7257 = VECTOR('',#7258,1.);
#7258 = DIRECTION('',(-1.,1.224646799147E-16,0.));
#7259 = ORIENTED_EDGE('',*,*,#6481,.F.);
#7260 = PLANE('',#7261);
#7261 = AXIS2_PLACEMENT_3D('',#7262,#7263,#7264);
#7262 = CARTESIAN_POINT('',(5.75,-1.6,6.1));
#7263 = DIRECTION('',(-1.14539532148E-16,-0.935286257456,-0.353892097416
    ));
#7264 = DIRECTION('',(4.33392824344E-17,0.353892097416,-0.935286257456)
  );
#7265 = ADVANCED_FACE('',(#7266,#7272),#7306,.F.);
#7266 = FACE_BOUND('',#7267,.F.);
#7267 = EDGE_LOOP('',(#7268,#7269,#7270,#7271));
#7268 = ORIENTED_EDGE('',*,*,#7254,.T.);
#7269 = ORIENTED_EDGE('',*,*,#6423,.T.);
#7270 = ORIENTED_EDGE('',*,*,#6447,.F.);
#7271 = ORIENTED_EDGE('',*,*,#6489,.F.);
#7272 = FACE_BOUND('',#7273,.F.);
#7273 = EDGE_LOOP('',(#7274,#7284,#7292,#7300));
#7274 = ORIENTED_EDGE('',*,*,#7275,.T.);
#7275 = EDGE_CURVE('',#7276,#7278,#7280,.T.);
#7276 = VERTEX_POINT('',#7277);
#7277 = CARTESIAN_POINT('',(4.68,-0.9,4.07));
#7278 = VERTEX_POINT('',#7279);
#7279 = CARTESIAN_POINT('',(5.32,-0.9,4.07));
#7280 = LINE('',#7281,#7282);
#7281 = CARTESIAN_POINT('',(5.535,-0.9,4.07));
#7282 = VECTOR('',#7283,1.);
#7283 = DIRECTION('',(1.,-1.224646799147E-16,0.));
#7284 = ORIENTED_EDGE('',*,*,#7285,.T.);
#7285 = EDGE_CURVE('',#7278,#7286,#7288,.T.);
#7286 = VERTEX_POINT('',#7287);
#7287 = CARTESIAN_POINT('',(5.32,-0.9,3.43));
#7288 = LINE('',#7289,#7290);
#7289 = CARTESIAN_POINT('',(5.32,-0.9,3.069991605104));
#7290 = VECTOR('',#7291,1.);
#7291 = DIRECTION('',(-1.359631073447E-32,-1.110223024625E-16,-1.));
#7292 = ORIENTED_EDGE('',*,*,#7293,.T.);
#7293 = EDGE_CURVE('',#7286,#7294,#7296,.T.);
#7294 = VERTEX_POINT('',#7295);
#7295 = CARTESIAN_POINT('',(4.68,-0.9,3.43));
#7296 = LINE('',#7297,#7298);
#7297 = CARTESIAN_POINT('',(5.535,-0.9,3.43));
#7298 = VECTOR('',#7299,1.);
#7299 = DIRECTION('',(-1.,1.224646799147E-16,0.));
#7300 = ORIENTED_EDGE('',*,*,#7301,.F.);
#7301 = EDGE_CURVE('',#7276,#7294,#7302,.T.);
#7302 = LINE('',#7303,#7304);
#7303 = CARTESIAN_POINT('',(4.68,-0.9,3.069991605104));
#7304 = VECTOR('',#7305,1.);
#7305 = DIRECTION('',(-1.359631073447E-32,-1.110223024625E-16,-1.));
#7306 = PLANE('',#7307);
#7307 = AXIS2_PLACEMENT_3D('',#7308,#7309,#7310);
#7308 = CARTESIAN_POINT('',(5.75,-0.9,4.25));
#7309 = DIRECTION('',(-1.224646799147E-16,-1.,1.110223024625E-16));
#7310 = DIRECTION('',(-1.359631073447E-32,-1.110223024625E-16,-1.));
#7311 = ADVANCED_FACE('',(#7312),#7323,.F.);
#7312 = FACE_BOUND('',#7313,.F.);
#7313 = EDGE_LOOP('',(#7314,#7315,#7316,#7322));
#7314 = ORIENTED_EDGE('',*,*,#7111,.T.);
#7315 = ORIENTED_EDGE('',*,*,#6543,.T.);
#7316 = ORIENTED_EDGE('',*,*,#7317,.F.);
#7317 = EDGE_CURVE('',#6610,#6544,#7318,.T.);
#7318 = LINE('',#7319,#7320);
#7319 = CARTESIAN_POINT('',(8.25,-0.9,4.25));
#7320 = VECTOR('',#7321,1.);
#7321 = DIRECTION('',(-1.,1.224646799147E-16,0.));
#7322 = ORIENTED_EDGE('',*,*,#6609,.F.);
#7323 = PLANE('',#7324);
#7324 = AXIS2_PLACEMENT_3D('',#7325,#7326,#7327);
#7325 = CARTESIAN_POINT('',(8.25,-1.6,6.1));
#7326 = DIRECTION('',(-1.14539532148E-16,-0.935286257456,-0.353892097416
    ));
#7327 = DIRECTION('',(4.33392824344E-17,0.353892097416,-0.935286257456)
  );
#7328 = ADVANCED_FACE('',(#7329,#7335),#7369,.F.);
#7329 = FACE_BOUND('',#7330,.F.);
#7330 = EDGE_LOOP('',(#7331,#7332,#7333,#7334));
#7331 = ORIENTED_EDGE('',*,*,#7317,.T.);
#7332 = ORIENTED_EDGE('',*,*,#6551,.T.);
#7333 = ORIENTED_EDGE('',*,*,#6575,.F.);
#7334 = ORIENTED_EDGE('',*,*,#6617,.F.);
#7335 = FACE_BOUND('',#7336,.F.);
#7336 = EDGE_LOOP('',(#7337,#7347,#7355,#7363));
#7337 = ORIENTED_EDGE('',*,*,#7338,.T.);
#7338 = EDGE_CURVE('',#7339,#7341,#7343,.T.);
#7339 = VERTEX_POINT('',#7340);
#7340 = CARTESIAN_POINT('',(7.82,-0.9,4.07));
#7341 = VERTEX_POINT('',#7342);
#7342 = CARTESIAN_POINT('',(7.82,-0.9,3.43));
#7343 = LINE('',#7344,#7345);
#7344 = CARTESIAN_POINT('',(7.82,-0.9,3.059280765957));
#7345 = VECTOR('',#7346,1.);
#7346 = DIRECTION('',(-1.359631073447E-32,-1.110223024625E-16,-1.));
#7347 = ORIENTED_EDGE('',*,*,#7348,.T.);
#7348 = EDGE_CURVE('',#7341,#7349,#7351,.T.);
#7349 = VERTEX_POINT('',#7350);
#7350 = CARTESIAN_POINT('',(7.18,-0.9,3.43));
#7351 = LINE('',#7352,#7353);
#7352 = CARTESIAN_POINT('',(8.035,-0.9,3.43));
#7353 = VECTOR('',#7354,1.);
#7354 = DIRECTION('',(-1.,1.224646799147E-16,0.));
#7355 = ORIENTED_EDGE('',*,*,#7356,.F.);
#7356 = EDGE_CURVE('',#7357,#7349,#7359,.T.);
#7357 = VERTEX_POINT('',#7358);
#7358 = CARTESIAN_POINT('',(7.18,-0.9,4.07));
#7359 = LINE('',#7360,#7361);
#7360 = CARTESIAN_POINT('',(7.18,-0.9,3.059280765957));
#7361 = VECTOR('',#7362,1.);
#7362 = DIRECTION('',(-1.359631073447E-32,-1.110223024625E-16,-1.));
#7363 = ORIENTED_EDGE('',*,*,#7364,.T.);
#7364 = EDGE_CURVE('',#7357,#7339,#7365,.T.);
#7365 = LINE('',#7366,#7367);
#7366 = CARTESIAN_POINT('',(8.035,-0.9,4.07));
#7367 = VECTOR('',#7368,1.);
#7368 = DIRECTION('',(1.,-1.224646799147E-16,0.));
#7369 = PLANE('',#7370);
#7370 = AXIS2_PLACEMENT_3D('',#7371,#7372,#7373);
#7371 = CARTESIAN_POINT('',(8.25,-0.9,4.25));
#7372 = DIRECTION('',(-1.224646799147E-16,-1.,1.110223024625E-16));
#7373 = DIRECTION('',(-1.359631073447E-32,-1.110223024625E-16,-1.));
#7374 = ADVANCED_FACE('',(#7375),#7393,.F.);
#7375 = FACE_BOUND('',#7376,.F.);
#7376 = EDGE_LOOP('',(#7377,#7378,#7379,#7387));
#7377 = ORIENTED_EDGE('',*,*,#6639,.T.);
#7378 = ORIENTED_EDGE('',*,*,#6680,.T.);
#7379 = ORIENTED_EDGE('',*,*,#7380,.F.);
#7380 = EDGE_CURVE('',#7381,#6681,#7383,.T.);
#7381 = VERTEX_POINT('',#7382);
#7382 = CARTESIAN_POINT('',(9.95,3.9,2.85));
#7383 = LINE('',#7384,#7385);
#7384 = CARTESIAN_POINT('',(9.95,3.9,2.85));
#7385 = VECTOR('',#7386,1.);
#7386 = DIRECTION('',(-1.,1.224646799147E-16,0.));
#7387 = ORIENTED_EDGE('',*,*,#7388,.F.);
#7388 = EDGE_CURVE('',#6640,#7381,#7389,.T.);
#7389 = LINE('',#7390,#7391);
#7390 = CARTESIAN_POINT('',(9.95,-0.6,5.35));
#7391 = VECTOR('',#7392,1.);
#7392 = DIRECTION('',(1.070533910153E-16,0.874157276121,-0.485642931179)
  );
#7393 = PLANE('',#7394);
#7394 = AXIS2_PLACEMENT_3D('',#7395,#7396,#7397);
#7395 = CARTESIAN_POINT('',(9.95,-0.6,5.35));
#7396 = DIRECTION('',(-5.947410611962E-17,-0.485642931179,
    -0.874157276121));
#7397 = DIRECTION('',(1.070533910153E-16,0.874157276121,-0.485642931179)
  );
#7398 = ADVANCED_FACE('',(#7399),#7458,.T.);
#7399 = FACE_BOUND('',#7400,.T.);
#7400 = EDGE_LOOP('',(#7401,#7402,#7410,#7416,#7417,#7418,#7419,#7427,
    #7435,#7444,#7452));
#7401 = ORIENTED_EDGE('',*,*,#6769,.F.);
#7402 = ORIENTED_EDGE('',*,*,#7403,.F.);
#7403 = EDGE_CURVE('',#7404,#6762,#7406,.T.);
#7404 = VERTEX_POINT('',#7405);
#7405 = CARTESIAN_POINT('',(9.95,3.9,0.));
#7406 = LINE('',#7407,#7408);
#7407 = CARTESIAN_POINT('',(9.95,3.9,0.));
#7408 = VECTOR('',#7409,1.);
#7409 = DIRECTION('',(-1.224646799147E-16,-1.,0.));
#7410 = ORIENTED_EDGE('',*,*,#7411,.F.);
#7411 = EDGE_CURVE('',#7381,#7404,#7412,.T.);
#7412 = LINE('',#7413,#7414);
#7413 = CARTESIAN_POINT('',(9.95,3.9,2.85));
#7414 = VECTOR('',#7415,1.);
#7415 = DIRECTION('',(-0.,0.,-1.));
#7416 = ORIENTED_EDGE('',*,*,#7388,.F.);
#7417 = ORIENTED_EDGE('',*,*,#6649,.T.);
#7418 = ORIENTED_EDGE('',*,*,#6937,.T.);
#7419 = ORIENTED_EDGE('',*,*,#7420,.F.);
#7420 = EDGE_CURVE('',#7421,#6938,#7423,.T.);
#7421 = VERTEX_POINT('',#7422);
#7422 = CARTESIAN_POINT('',(9.95,-7.6,5.25));
#7423 = LINE('',#7424,#7425);
#7424 = CARTESIAN_POINT('',(9.95,-7.6,0.35));
#7425 = VECTOR('',#7426,1.);
#7426 = DIRECTION('',(1.359631073447E-32,1.110223024625E-16,1.));
#7427 = ORIENTED_EDGE('',*,*,#7428,.T.);
#7428 = EDGE_CURVE('',#7421,#7429,#7431,.T.);
#7429 = VERTEX_POINT('',#7430);
#7430 = CARTESIAN_POINT('',(9.95,-4.75,5.25));
#7431 = LINE('',#7432,#7433);
#7432 = CARTESIAN_POINT('',(9.95,-7.6,5.25));
#7433 = VECTOR('',#7434,1.);
#7434 = DIRECTION('',(1.224646799147E-16,1.,-1.110223024625E-16));
#7435 = ORIENTED_EDGE('',*,*,#7436,.T.);
#7436 = EDGE_CURVE('',#7429,#7437,#7439,.T.);
#7437 = VERTEX_POINT('',#7438);
#7438 = CARTESIAN_POINT('',(9.95,-4.25,4.75));
#7439 = CIRCLE('',#7440,0.5);
#7440 = AXIS2_PLACEMENT_3D('',#7441,#7442,#7443);
#7441 = CARTESIAN_POINT('',(9.95,-4.75,4.75));
#7442 = DIRECTION('',(-1.,1.224646799147E-16,0.));
#7443 = DIRECTION('',(1.359631073446E-32,1.110223024625E-16,1.));
#7444 = ORIENTED_EDGE('',*,*,#7445,.T.);
#7445 = EDGE_CURVE('',#7437,#7446,#7448,.T.);
#7446 = VERTEX_POINT('',#7447);
#7447 = CARTESIAN_POINT('',(9.95,-4.25,4.25));
#7448 = LINE('',#7449,#7450);
#7449 = CARTESIAN_POINT('',(9.95,-4.25,4.75));
#7450 = VECTOR('',#7451,1.);
#7451 = DIRECTION('',(-1.359631073447E-32,-1.110223024625E-16,-1.));
#7452 = ORIENTED_EDGE('',*,*,#7453,.T.);
#7453 = EDGE_CURVE('',#7446,#6770,#7454,.T.);
#7454 = LINE('',#7455,#7456);
#7455 = CARTESIAN_POINT('',(9.95,-4.25,4.25));
#7456 = VECTOR('',#7457,1.);
#7457 = DIRECTION('',(-1.224646799147E-16,-1.,1.110223024625E-16));
#7458 = PLANE('',#7459);
#7459 = AXIS2_PLACEMENT_3D('',#7460,#7461,#7462);
#7460 = CARTESIAN_POINT('',(9.95,-2.827303270929,3.048284071859));
#7461 = DIRECTION('',(1.,-1.224646799147E-16,6.832876517433E-32));
#7462 = DIRECTION('',(6.832876517433E-32,-8.367860356044E-48,-1.));
#7463 = ADVANCED_FACE('',(#7464),#7475,.F.);
#7464 = FACE_BOUND('',#7465,.F.);
#7465 = EDGE_LOOP('',(#7466,#7467,#7468,#7474));
#7466 = ORIENTED_EDGE('',*,*,#7380,.T.);
#7467 = ORIENTED_EDGE('',*,*,#6688,.T.);
#7468 = ORIENTED_EDGE('',*,*,#7469,.F.);
#7469 = EDGE_CURVE('',#7404,#6689,#7470,.T.);
#7470 = LINE('',#7471,#7472);
#7471 = CARTESIAN_POINT('',(9.95,3.9,0.));
#7472 = VECTOR('',#7473,1.);
#7473 = DIRECTION('',(-1.,1.224646799147E-16,0.));
#7474 = ORIENTED_EDGE('',*,*,#7411,.F.);
#7475 = PLANE('',#7476);
#7476 = AXIS2_PLACEMENT_3D('',#7477,#7478,#7479);
#7477 = CARTESIAN_POINT('',(9.95,3.9,2.85));
#7478 = DIRECTION('',(-1.224646799147E-16,-1.,0.));
#7479 = DIRECTION('',(-0.,0.,-1.));
#7480 = ADVANCED_FACE('',(#7481),#7487,.F.);
#7481 = FACE_BOUND('',#7482,.F.);
#7482 = EDGE_LOOP('',(#7483,#7484,#7485,#7486));
#7483 = ORIENTED_EDGE('',*,*,#7469,.T.);
#7484 = ORIENTED_EDGE('',*,*,#6696,.T.);
#7485 = ORIENTED_EDGE('',*,*,#6761,.F.);
#7486 = ORIENTED_EDGE('',*,*,#7403,.F.);
#7487 = PLANE('',#7488);
#7488 = AXIS2_PLACEMENT_3D('',#7489,#7490,#7491);
#7489 = CARTESIAN_POINT('',(9.95,3.9,0.));
#7490 = DIRECTION('',(0.,0.,1.));
#7491 = DIRECTION('',(-1.224646799147E-16,-1.,0.));
#7492 = ADVANCED_FACE('',(#7493),#7518,.F.);
#7493 = FACE_BOUND('',#7494,.T.);
#7494 = EDGE_LOOP('',(#7495,#7503,#7504,#7512));
#7495 = ORIENTED_EDGE('',*,*,#7496,.F.);
#7496 = EDGE_CURVE('',#6720,#7497,#7499,.T.);
#7497 = VERTEX_POINT('',#7498);
#7498 = CARTESIAN_POINT('',(-1.6,-7.4,4.25));
#7499 = LINE('',#7500,#7501);
#7500 = CARTESIAN_POINT('',(2.025,-3.775,4.25));
#7501 = VECTOR('',#7502,1.);
#7502 = DIRECTION('',(0.707106781187,0.707106781187,-7.850462293414E-17)
  );
#7503 = ORIENTED_EDGE('',*,*,#6719,.T.);
#7504 = ORIENTED_EDGE('',*,*,#7505,.T.);
#7505 = EDGE_CURVE('',#6722,#7506,#7508,.T.);
#7506 = VERTEX_POINT('',#7507);
#7507 = CARTESIAN_POINT('',(-1.6,-7.4,1.1));
#7508 = LINE('',#7509,#7510);
#7509 = CARTESIAN_POINT('',(-1.141666666667,-6.941666666667,
    1.558333333333));
#7510 = VECTOR('',#7511,1.);
#7511 = DIRECTION('',(0.57735026919,0.57735026919,0.57735026919));
#7512 = ORIENTED_EDGE('',*,*,#7513,.F.);
#7513 = EDGE_CURVE('',#7497,#7506,#7514,.T.);
#7514 = LINE('',#7515,#7516);
#7515 = CARTESIAN_POINT('',(-1.6,-7.4,4.25));
#7516 = VECTOR('',#7517,1.);
#7517 = DIRECTION('',(-1.359631073447E-32,-1.110223024625E-16,-1.));
#7518 = PLANE('',#7519);
#7519 = AXIS2_PLACEMENT_3D('',#7520,#7521,#7522);
#7520 = CARTESIAN_POINT('',(-1.7,-7.5,4.25));
#7521 = DIRECTION('',(-0.707106781187,0.707106781187,-7.850462293414E-17
    ));
#7522 = DIRECTION('',(2.682127077751E-29,1.110223024625E-16,1.));
#7523 = ADVANCED_FACE('',(#7524),#7543,.T.);
#7524 = FACE_BOUND('',#7525,.T.);
#7525 = EDGE_LOOP('',(#7526,#7534,#7540,#7541,#7542));
#7526 = ORIENTED_EDGE('',*,*,#7527,.T.);
#7527 = EDGE_CURVE('',#7497,#7528,#7530,.T.);
#7528 = VERTEX_POINT('',#7529);
#7529 = CARTESIAN_POINT('',(-1.6,-4.25,4.25));
#7530 = LINE('',#7531,#7532);
#7531 = CARTESIAN_POINT('',(-1.6,-5.925,4.25));
#7532 = VECTOR('',#7533,1.);
#7533 = DIRECTION('',(1.224646799147E-16,1.,-1.110223024625E-16));
#7534 = ORIENTED_EDGE('',*,*,#7535,.T.);
#7535 = EDGE_CURVE('',#7528,#6882,#7536,.T.);
#7536 = LINE('',#7537,#7538);
#7537 = CARTESIAN_POINT('',(9.95,-4.25,4.25));
#7538 = VECTOR('',#7539,1.);
#7539 = DIRECTION('',(-1.,1.224646799147E-16,0.));
#7540 = ORIENTED_EDGE('',*,*,#6881,.T.);
#7541 = ORIENTED_EDGE('',*,*,#6729,.F.);
#7542 = ORIENTED_EDGE('',*,*,#7496,.T.);
#7543 = PLANE('',#7544);
#7544 = AXIS2_PLACEMENT_3D('',#7545,#7546,#7547);
#7545 = CARTESIAN_POINT('',(9.95,-4.25,4.25));
#7546 = DIRECTION('',(1.359631073447E-32,1.110223024625E-16,1.));
#7547 = DIRECTION('',(-1.224646799147E-16,-1.,1.110223024625E-16));
#7548 = ADVANCED_FACE('',(#7549),#7560,.F.);
#7549 = FACE_BOUND('',#7550,.F.);
#7550 = EDGE_LOOP('',(#7551,#7557,#7558,#7559));
#7551 = ORIENTED_EDGE('',*,*,#7552,.T.);
#7552 = EDGE_CURVE('',#6817,#6867,#7553,.T.);
#7553 = LINE('',#7554,#7555);
#7554 = CARTESIAN_POINT('',(-1.95,3.9,0.));
#7555 = VECTOR('',#7556,1.);
#7556 = DIRECTION('',(-1.,1.224646799147E-16,0.));
#7557 = ORIENTED_EDGE('',*,*,#6874,.T.);
#7558 = ORIENTED_EDGE('',*,*,#6745,.F.);
#7559 = ORIENTED_EDGE('',*,*,#6824,.F.);
#7560 = PLANE('',#7561);
#7561 = AXIS2_PLACEMENT_3D('',#7562,#7563,#7564);
#7562 = CARTESIAN_POINT('',(-1.95,3.9,0.));
#7563 = DIRECTION('',(0.,0.,1.));
#7564 = DIRECTION('',(-1.224646799147E-16,-1.,0.));
#7565 = ADVANCED_FACE('',(#7566),#7592,.T.);
#7566 = FACE_BOUND('',#7567,.T.);
#7567 = EDGE_LOOP('',(#7568,#7569,#7570,#7578,#7586));
#7568 = ORIENTED_EDGE('',*,*,#6777,.F.);
#7569 = ORIENTED_EDGE('',*,*,#7453,.F.);
#7570 = ORIENTED_EDGE('',*,*,#7571,.T.);
#7571 = EDGE_CURVE('',#7446,#7572,#7574,.T.);
#7572 = VERTEX_POINT('',#7573);
#7573 = CARTESIAN_POINT('',(9.1,-4.25,4.25));
#7574 = LINE('',#7575,#7576);
#7575 = CARTESIAN_POINT('',(9.95,-4.25,4.25));
#7576 = VECTOR('',#7577,1.);
#7577 = DIRECTION('',(-1.,1.224646799147E-16,0.));
#7578 = ORIENTED_EDGE('',*,*,#7579,.T.);
#7579 = EDGE_CURVE('',#7572,#7580,#7582,.T.);
#7580 = VERTEX_POINT('',#7581);
#7581 = CARTESIAN_POINT('',(9.1,-7.4,4.25));
#7582 = LINE('',#7583,#7584);
#7583 = CARTESIAN_POINT('',(9.1,-5.925,4.25));
#7584 = VECTOR('',#7585,1.);
#7585 = DIRECTION('',(-1.224646799147E-16,-1.,1.110223024625E-16));
#7586 = ORIENTED_EDGE('',*,*,#7587,.F.);
#7587 = EDGE_CURVE('',#6778,#7580,#7588,.T.);
#7588 = LINE('',#7589,#7590);
#7589 = CARTESIAN_POINT('',(8.575,-6.875,4.25));
#7590 = VECTOR('',#7591,1.);
#7591 = DIRECTION('',(-0.707106781187,0.707106781187,-7.850462293414E-17
    ));
#7592 = PLANE('',#7593);
#7593 = AXIS2_PLACEMENT_3D('',#7594,#7595,#7596);
#7594 = CARTESIAN_POINT('',(9.95,-4.25,4.25));
#7595 = DIRECTION('',(1.359631073447E-32,1.110223024625E-16,1.));
#7596 = DIRECTION('',(-1.224646799147E-16,-1.,1.110223024625E-16));
#7597 = ADVANCED_FACE('',(#7598),#7616,.F.);
#7598 = FACE_BOUND('',#7599,.T.);
#7599 = EDGE_LOOP('',(#7600,#7608,#7609,#7610));
#7600 = ORIENTED_EDGE('',*,*,#7601,.F.);
#7601 = EDGE_CURVE('',#6786,#7602,#7604,.T.);
#7602 = VERTEX_POINT('',#7603);
#7603 = CARTESIAN_POINT('',(9.1,-7.4,1.1));
#7604 = LINE('',#7605,#7606);
#7605 = CARTESIAN_POINT('',(7.383333333333,-5.683333333333,
    2.816666666667));
#7606 = VECTOR('',#7607,1.);
#7607 = DIRECTION('',(-0.57735026919,0.57735026919,0.57735026919));
#7608 = ORIENTED_EDGE('',*,*,#6785,.T.);
#7609 = ORIENTED_EDGE('',*,*,#7587,.T.);
#7610 = ORIENTED_EDGE('',*,*,#7611,.F.);
#7611 = EDGE_CURVE('',#7602,#7580,#7612,.T.);
#7612 = LINE('',#7613,#7614);
#7613 = CARTESIAN_POINT('',(9.1,-7.4,1.1));
#7614 = VECTOR('',#7615,1.);
#7615 = DIRECTION('',(1.359631073447E-32,1.110223024625E-16,1.));
#7616 = PLANE('',#7617);
#7617 = AXIS2_PLACEMENT_3D('',#7618,#7619,#7620);
#7618 = CARTESIAN_POINT('',(9.2,-7.5,1.1));
#7619 = DIRECTION('',(0.707106781187,0.707106781187,-7.850462293414E-17)
  );
#7620 = DIRECTION('',(2.680278185005E-29,-1.110223024625E-16,-1.));
#7621 = ADVANCED_FACE('',(#7622),#7633,.F.);
#7622 = FACE_BOUND('',#7623,.T.);
#7623 = EDGE_LOOP('',(#7624,#7625,#7626,#7627));
#7624 = ORIENTED_EDGE('',*,*,#7505,.F.);
#7625 = ORIENTED_EDGE('',*,*,#6793,.T.);
#7626 = ORIENTED_EDGE('',*,*,#7601,.T.);
#7627 = ORIENTED_EDGE('',*,*,#7628,.F.);
#7628 = EDGE_CURVE('',#7506,#7602,#7629,.T.);
#7629 = LINE('',#7630,#7631);
#7630 = CARTESIAN_POINT('',(-1.6,-7.4,1.1));
#7631 = VECTOR('',#7632,1.);
#7632 = DIRECTION('',(1.,-1.224646799147E-16,0.));
#7633 = PLANE('',#7634);
#7634 = AXIS2_PLACEMENT_3D('',#7635,#7636,#7637);
#7635 = CARTESIAN_POINT('',(-1.6,-7.5,1.));
#7636 = DIRECTION('',(8.659560562349E-17,0.707106781187,-0.707106781187)
  );
#7637 = DIRECTION('',(-1.,1.224646799147E-16,2.105272540809E-29));
#7638 = ADVANCED_FACE('',(#7639),#7645,.F.);
#7639 = FACE_BOUND('',#7640,.F.);
#7640 = EDGE_LOOP('',(#7641,#7642,#7643,#7644));
#7641 = ORIENTED_EDGE('',*,*,#6849,.T.);
#7642 = ORIENTED_EDGE('',*,*,#6866,.T.);
#7643 = ORIENTED_EDGE('',*,*,#7552,.F.);
#7644 = ORIENTED_EDGE('',*,*,#6816,.F.);
#7645 = PLANE('',#7646);
#7646 = AXIS2_PLACEMENT_3D('',#7647,#7648,#7649);
#7647 = CARTESIAN_POINT('',(-1.95,3.9,2.85));
#7648 = DIRECTION('',(-1.224646799147E-16,-1.,0.));
#7649 = DIRECTION('',(-0.,0.,-1.));
#7650 = ADVANCED_FACE('',(#7651),#7669,.T.);
#7651 = FACE_BOUND('',#7652,.T.);
#7652 = EDGE_LOOP('',(#7653,#7661,#7667,#7668));
#7653 = ORIENTED_EDGE('',*,*,#7654,.T.);
#7654 = EDGE_CURVE('',#7528,#7655,#7657,.T.);
#7655 = VERTEX_POINT('',#7656);
#7656 = CARTESIAN_POINT('',(-1.6,-4.25,4.75));
#7657 = LINE('',#7658,#7659);
#7658 = CARTESIAN_POINT('',(-1.6,-4.25,5.));
#7659 = VECTOR('',#7660,1.);
#7660 = DIRECTION('',(1.359631073447E-32,1.110223024625E-16,1.));
#7661 = ORIENTED_EDGE('',*,*,#7662,.T.);
#7662 = EDGE_CURVE('',#7655,#6890,#7663,.T.);
#7663 = LINE('',#7664,#7665);
#7664 = CARTESIAN_POINT('',(9.95,-4.25,4.75));
#7665 = VECTOR('',#7666,1.);
#7666 = DIRECTION('',(-1.,1.224646799147E-16,0.));
#7667 = ORIENTED_EDGE('',*,*,#6889,.T.);
#7668 = ORIENTED_EDGE('',*,*,#7535,.F.);
#7669 = PLANE('',#7670);
#7670 = AXIS2_PLACEMENT_3D('',#7671,#7672,#7673);
#7671 = CARTESIAN_POINT('',(9.95,-4.25,4.75));
#7672 = DIRECTION('',(-1.224646799147E-16,-1.,1.110223024625E-16));
#7673 = DIRECTION('',(-1.359631073447E-32,-1.110223024625E-16,-1.));
#7674 = ADVANCED_FACE('',(#7675),#7694,.F.);
#7675 = FACE_BOUND('',#7676,.F.);
#7676 = EDGE_LOOP('',(#7677,#7678,#7679,#7687));
#7677 = ORIENTED_EDGE('',*,*,#7662,.T.);
#7678 = ORIENTED_EDGE('',*,*,#6897,.T.);
#7679 = ORIENTED_EDGE('',*,*,#7680,.F.);
#7680 = EDGE_CURVE('',#7681,#6898,#7683,.T.);
#7681 = VERTEX_POINT('',#7682);
#7682 = CARTESIAN_POINT('',(-1.6,-4.75,5.25));
#7683 = LINE('',#7684,#7685);
#7684 = CARTESIAN_POINT('',(9.95,-4.75,5.25));
#7685 = VECTOR('',#7686,1.);
#7686 = DIRECTION('',(-1.,1.224646799147E-16,0.));
#7687 = ORIENTED_EDGE('',*,*,#7688,.F.);
#7688 = EDGE_CURVE('',#7655,#7681,#7689,.T.);
#7689 = CIRCLE('',#7690,0.5);
#7690 = AXIS2_PLACEMENT_3D('',#7691,#7692,#7693);
#7691 = CARTESIAN_POINT('',(-1.6,-4.75,4.75));
#7692 = DIRECTION('',(1.,-1.224646799147E-16,0.));
#7693 = DIRECTION('',(1.359631073446E-32,1.110223024625E-16,1.));
#7694 = CYLINDRICAL_SURFACE('',#7695,0.5);
#7695 = AXIS2_PLACEMENT_3D('',#7696,#7697,#7698);
#7696 = CARTESIAN_POINT('',(9.95,-4.75,4.75));
#7697 = DIRECTION('',(1.,-1.224646799147E-16,0.));
#7698 = DIRECTION('',(1.359631073446E-32,1.110223024625E-16,1.));
#7699 = ADVANCED_FACE('',(#7700),#7871,.T.);
#7700 = FACE_BOUND('',#7701,.T.);
#7701 = EDGE_LOOP('',(#7702,#7703,#7711,#7719,#7727,#7735,#7743,#7752,
    #7760,#7768,#7776,#7784,#7792,#7801,#7809,#7817,#7825,#7833,#7839,
    #7840,#7841,#7849,#7857,#7865));
#7702 = ORIENTED_EDGE('',*,*,#7428,.F.);
#7703 = ORIENTED_EDGE('',*,*,#7704,.T.);
#7704 = EDGE_CURVE('',#7421,#7705,#7707,.T.);
#7705 = VERTEX_POINT('',#7706);
#7706 = CARTESIAN_POINT('',(8.,-7.6,5.25));
#7707 = LINE('',#7708,#7709);
#7708 = CARTESIAN_POINT('',(9.95,-7.6,5.25));
#7709 = VECTOR('',#7710,1.);
#7710 = DIRECTION('',(-1.,1.224646799147E-16,0.));
#7711 = ORIENTED_EDGE('',*,*,#7712,.T.);
#7712 = EDGE_CURVE('',#7705,#7713,#7715,.T.);
#7713 = VERTEX_POINT('',#7714);
#7714 = CARTESIAN_POINT('',(8.,-6.7,5.25));
#7715 = LINE('',#7716,#7717);
#7716 = CARTESIAN_POINT('',(8.,-5.918198005698,5.25));
#7717 = VECTOR('',#7718,1.);
#7718 = DIRECTION('',(1.224646799147E-16,1.,-2.61564467313E-17));
#7719 = ORIENTED_EDGE('',*,*,#7720,.T.);
#7720 = EDGE_CURVE('',#7713,#7721,#7723,.T.);
#7721 = VERTEX_POINT('',#7722);
#7722 = CARTESIAN_POINT('',(7.75,-6.45,5.25));
#7723 = LINE('',#7724,#7725);
#7724 = CARTESIAN_POINT('',(6.421599002849,-5.121599002849,5.25));
#7725 = VECTOR('',#7726,1.);
#7726 = DIRECTION('',(-0.707106781187,0.707106781187,-1.849540085544E-17
    ));
#7727 = ORIENTED_EDGE('',*,*,#7728,.T.);
#7728 = EDGE_CURVE('',#7721,#7729,#7731,.T.);
#7729 = VERTEX_POINT('',#7730);
#7730 = CARTESIAN_POINT('',(8.,-6.2,5.25));
#7731 = LINE('',#7732,#7733);
#7732 = CARTESIAN_POINT('',(7.203400997151,-6.996599002849,5.25));
#7733 = VECTOR('',#7734,1.);
#7734 = DIRECTION('',(0.707106781187,0.707106781187,-1.849540085544E-17)
  );
#7735 = ORIENTED_EDGE('',*,*,#7736,.T.);
#7736 = EDGE_CURVE('',#7729,#7737,#7739,.T.);
#7737 = VERTEX_POINT('',#7738);
#7738 = CARTESIAN_POINT('',(8.,-4.45,5.25));
#7739 = LINE('',#7740,#7741);
#7740 = CARTESIAN_POINT('',(8.,-4.418198005698,5.25));
#7741 = VECTOR('',#7742,1.);
#7742 = DIRECTION('',(1.224646799147E-16,1.,-2.61564467313E-17));
#7743 = ORIENTED_EDGE('',*,*,#7744,.F.);
#7744 = EDGE_CURVE('',#7745,#7737,#7747,.T.);
#7745 = VERTEX_POINT('',#7746);
#7746 = CARTESIAN_POINT('',(7.25,-3.7,5.25));
#7747 = CIRCLE('',#7748,0.75);
#7748 = AXIS2_PLACEMENT_3D('',#7749,#7750,#7751);
#7749 = CARTESIAN_POINT('',(7.25,-4.45,5.25));
#7750 = DIRECTION('',(-1.359631073447E-32,-1.110223024625E-16,-1.));
#7751 = DIRECTION('',(1.224646799147E-16,1.,-1.110223024625E-16));
#7752 = ORIENTED_EDGE('',*,*,#7753,.T.);
#7753 = EDGE_CURVE('',#7745,#7754,#7756,.T.);
#7754 = VERTEX_POINT('',#7755);
#7755 = CARTESIAN_POINT('',(6.5,-3.7,5.25));
#7756 = LINE('',#7757,#7758);
#7757 = CARTESIAN_POINT('',(5.125,-3.7,5.25));
#7758 = VECTOR('',#7759,1.);
#7759 = DIRECTION('',(-1.,1.224646799147E-16,5.87588795123E-32));
#7760 = ORIENTED_EDGE('',*,*,#7761,.T.);
#7761 = EDGE_CURVE('',#7754,#7762,#7764,.T.);
#7762 = VERTEX_POINT('',#7763);
#7763 = CARTESIAN_POINT('',(6.5,-7.6,5.25));
#7764 = LINE('',#7765,#7766);
#7765 = CARTESIAN_POINT('',(6.5,-6.368198005698,5.25));
#7766 = VECTOR('',#7767,1.);
#7767 = DIRECTION('',(-1.224646799147E-16,-1.,2.61564467313E-17));
#7768 = ORIENTED_EDGE('',*,*,#7769,.T.);
#7769 = EDGE_CURVE('',#7762,#7770,#7772,.T.);
#7770 = VERTEX_POINT('',#7771);
#7771 = CARTESIAN_POINT('',(1.,-7.6,5.25));
#7772 = LINE('',#7773,#7774);
#7773 = CARTESIAN_POINT('',(9.95,-7.6,5.25));
#7774 = VECTOR('',#7775,1.);
#7775 = DIRECTION('',(-1.,1.224646799147E-16,0.));
#7776 = ORIENTED_EDGE('',*,*,#7777,.F.);
#7777 = EDGE_CURVE('',#7778,#7770,#7780,.T.);
#7778 = VERTEX_POINT('',#7779);
#7779 = CARTESIAN_POINT('',(1.,-3.7,5.25));
#7780 = LINE('',#7781,#7782);
#7781 = CARTESIAN_POINT('',(1.,-6.368198005698,5.25));
#7782 = VECTOR('',#7783,1.);
#7783 = DIRECTION('',(-1.224646799147E-16,-1.,2.61564467313E-17));
#7784 = ORIENTED_EDGE('',*,*,#7785,.F.);
#7785 = EDGE_CURVE('',#7786,#7778,#7788,.T.);
#7786 = VERTEX_POINT('',#7787);
#7787 = CARTESIAN_POINT('',(0.25,-3.7,5.25));
#7788 = LINE('',#7789,#7790);
#7789 = CARTESIAN_POINT('',(2.375,-3.7,5.25));
#7790 = VECTOR('',#7791,1.);
#7791 = DIRECTION('',(1.,-1.224646799147E-16,-5.87588795123E-32));
#7792 = ORIENTED_EDGE('',*,*,#7793,.F.);
#7793 = EDGE_CURVE('',#7794,#7786,#7796,.T.);
#7794 = VERTEX_POINT('',#7795);
#7795 = CARTESIAN_POINT('',(-0.5,-4.45,5.25));
#7796 = CIRCLE('',#7797,0.75);
#7797 = AXIS2_PLACEMENT_3D('',#7798,#7799,#7800);
#7798 = CARTESIAN_POINT('',(0.25,-4.45,5.25));
#7799 = DIRECTION('',(-1.359631073447E-32,-1.110223024625E-16,-1.));
#7800 = DIRECTION('',(1.224646799147E-16,1.,-1.110223024625E-16));
#7801 = ORIENTED_EDGE('',*,*,#7802,.F.);
#7802 = EDGE_CURVE('',#7803,#7794,#7805,.T.);
#7803 = VERTEX_POINT('',#7804);
#7804 = CARTESIAN_POINT('',(-0.5,-6.2,5.25));
#7805 = LINE('',#7806,#7807);
#7806 = CARTESIAN_POINT('',(-0.5,-4.418198005698,5.25));
#7807 = VECTOR('',#7808,1.);
#7808 = DIRECTION('',(1.224646799147E-16,1.,-2.61564467313E-17));
#7809 = ORIENTED_EDGE('',*,*,#7810,.F.);
#7810 = EDGE_CURVE('',#7811,#7803,#7813,.T.);
#7811 = VERTEX_POINT('',#7812);
#7812 = CARTESIAN_POINT('',(-0.25,-6.45,5.25));
#7813 = LINE('',#7814,#7815);
#7814 = CARTESIAN_POINT('',(0.296599002849,-6.996599002849,5.25));
#7815 = VECTOR('',#7816,1.);
#7816 = DIRECTION('',(-0.707106781187,0.707106781187,-1.849540085544E-17
    ));
#7817 = ORIENTED_EDGE('',*,*,#7818,.F.);
#7818 = EDGE_CURVE('',#7819,#7811,#7821,.T.);
#7819 = VERTEX_POINT('',#7820);
#7820 = CARTESIAN_POINT('',(-0.5,-6.7,5.25));
#7821 = LINE('',#7822,#7823);
#7822 = CARTESIAN_POINT('',(1.078400997151,-5.121599002849,5.25));
#7823 = VECTOR('',#7824,1.);
#7824 = DIRECTION('',(0.707106781187,0.707106781187,-1.849540085544E-17)
  );
#7825 = ORIENTED_EDGE('',*,*,#7826,.F.);
#7826 = EDGE_CURVE('',#7827,#7819,#7829,.T.);
#7827 = VERTEX_POINT('',#7828);
#7828 = CARTESIAN_POINT('',(-0.5,-7.6,5.25));
#7829 = LINE('',#7830,#7831);
#7830 = CARTESIAN_POINT('',(-0.5,-5.918198005698,5.25));
#7831 = VECTOR('',#7832,1.);
#7832 = DIRECTION('',(1.224646799147E-16,1.,-2.61564467313E-17));
#7833 = ORIENTED_EDGE('',*,*,#7834,.T.);
#7834 = EDGE_CURVE('',#7827,#6907,#7835,.T.);
#7835 = LINE('',#7836,#7837);
#7836 = CARTESIAN_POINT('',(9.95,-7.6,5.25));
#7837 = VECTOR('',#7838,1.);
#7838 = DIRECTION('',(-1.,1.224646799147E-16,0.));
#7839 = ORIENTED_EDGE('',*,*,#6906,.T.);
#7840 = ORIENTED_EDGE('',*,*,#7680,.F.);
#7841 = ORIENTED_EDGE('',*,*,#7842,.T.);
#7842 = EDGE_CURVE('',#7681,#7843,#7845,.T.);
#7843 = VERTEX_POINT('',#7844);
#7844 = CARTESIAN_POINT('',(-1.6,-2.45,5.25));
#7845 = LINE('',#7846,#7847);
#7846 = CARTESIAN_POINT('',(-1.6,-7.6,5.25));
#7847 = VECTOR('',#7848,1.);
#7848 = DIRECTION('',(1.224646799147E-16,1.,-1.110223024625E-16));
#7849 = ORIENTED_EDGE('',*,*,#7850,.F.);
#7850 = EDGE_CURVE('',#7851,#7843,#7853,.T.);
#7851 = VERTEX_POINT('',#7852);
#7852 = CARTESIAN_POINT('',(9.1,-2.45,5.25));
#7853 = LINE('',#7854,#7855);
#7854 = CARTESIAN_POINT('',(9.1,-2.45,5.25));
#7855 = VECTOR('',#7856,1.);
#7856 = DIRECTION('',(-1.,1.224646799147E-16,0.));
#7857 = ORIENTED_EDGE('',*,*,#7858,.F.);
#7858 = EDGE_CURVE('',#7859,#7851,#7861,.T.);
#7859 = VERTEX_POINT('',#7860);
#7860 = CARTESIAN_POINT('',(9.1,-4.75,5.25));
#7861 = LINE('',#7862,#7863);
#7862 = CARTESIAN_POINT('',(9.1,-7.6,5.25));
#7863 = VECTOR('',#7864,1.);
#7864 = DIRECTION('',(1.224646799147E-16,1.,-1.110223024625E-16));
#7865 = ORIENTED_EDGE('',*,*,#7866,.F.);
#7866 = EDGE_CURVE('',#7429,#7859,#7867,.T.);
#7867 = LINE('',#7868,#7869);
#7868 = CARTESIAN_POINT('',(9.95,-4.75,5.25));
#7869 = VECTOR('',#7870,1.);
#7870 = DIRECTION('',(-1.,1.224646799147E-16,0.));
#7871 = PLANE('',#7872);
#7872 = AXIS2_PLACEMENT_3D('',#7873,#7874,#7875);
#7873 = CARTESIAN_POINT('',(3.75,-5.136396011396,5.25));
#7874 = DIRECTION('',(-6.196212038895E-32,-2.61564467313E-17,-1.));
#7875 = DIRECTION('',(-1.224646799147E-16,-1.,2.61564467313E-17));
#7876 = ADVANCED_FACE('',(#7877),#7888,.T.);
#7877 = FACE_BOUND('',#7878,.T.);
#7878 = EDGE_LOOP('',(#7879,#7880,#7886,#7887));
#7879 = ORIENTED_EDGE('',*,*,#7834,.F.);
#7880 = ORIENTED_EDGE('',*,*,#7881,.F.);
#7881 = EDGE_CURVE('',#7068,#7827,#7882,.T.);
#7882 = LINE('',#7883,#7884);
#7883 = CARTESIAN_POINT('',(-0.5,-7.6,6.1));
#7884 = VECTOR('',#7885,1.);
#7885 = DIRECTION('',(-1.359631073447E-32,-1.110223024625E-16,-1.));
#7886 = ORIENTED_EDGE('',*,*,#7075,.T.);
#7887 = ORIENTED_EDGE('',*,*,#6914,.T.);
#7888 = PLANE('',#7889);
#7889 = AXIS2_PLACEMENT_3D('',#7890,#7891,#7892);
#7890 = CARTESIAN_POINT('',(3.75,-7.6,3.225));
#7891 = DIRECTION('',(-1.224646799147E-16,-1.,1.110223024625E-16));
#7892 = DIRECTION('',(-1.,1.224646799147E-16,0.));
#7893 = ADVANCED_FACE('',(#7894),#7905,.F.);
#7894 = FACE_BOUND('',#7895,.F.);
#7895 = EDGE_LOOP('',(#7896,#7897,#7903,#7904));
#7896 = ORIENTED_EDGE('',*,*,#7067,.F.);
#7897 = ORIENTED_EDGE('',*,*,#7898,.T.);
#7898 = EDGE_CURVE('',#7060,#7819,#7899,.T.);
#7899 = LINE('',#7900,#7901);
#7900 = CARTESIAN_POINT('',(-0.5,-6.7,6.1));
#7901 = VECTOR('',#7902,1.);
#7902 = DIRECTION('',(-1.359631073447E-32,-1.110223024625E-16,-1.));
#7903 = ORIENTED_EDGE('',*,*,#7826,.F.);
#7904 = ORIENTED_EDGE('',*,*,#7881,.F.);
#7905 = PLANE('',#7906);
#7906 = AXIS2_PLACEMENT_3D('',#7907,#7908,#7909);
#7907 = CARTESIAN_POINT('',(-0.5,-6.7,6.1));
#7908 = DIRECTION('',(-1.,1.224646799147E-16,0.));
#7909 = DIRECTION('',(-1.224646799147E-16,-1.,1.110223024625E-16));
#7910 = ADVANCED_FACE('',(#7911),#7922,.F.);
#7911 = FACE_BOUND('',#7912,.F.);
#7912 = EDGE_LOOP('',(#7913,#7914,#7920,#7921));
#7913 = ORIENTED_EDGE('',*,*,#7059,.F.);
#7914 = ORIENTED_EDGE('',*,*,#7915,.T.);
#7915 = EDGE_CURVE('',#7052,#7811,#7916,.T.);
#7916 = LINE('',#7917,#7918);
#7917 = CARTESIAN_POINT('',(-0.25,-6.45,6.1));
#7918 = VECTOR('',#7919,1.);
#7919 = DIRECTION('',(-1.359631073447E-32,-1.110223024625E-16,-1.));
#7920 = ORIENTED_EDGE('',*,*,#7818,.F.);
#7921 = ORIENTED_EDGE('',*,*,#7898,.F.);
#7922 = PLANE('',#7923);
#7923 = AXIS2_PLACEMENT_3D('',#7924,#7925,#7926);
#7924 = CARTESIAN_POINT('',(-0.25,-6.45,6.1));
#7925 = DIRECTION('',(-0.707106781187,0.707106781187,-7.850462293414E-17
    ));
#7926 = DIRECTION('',(-0.707106781187,-0.707106781187,7.850462293414E-17
    ));
#7927 = ADVANCED_FACE('',(#7928),#7939,.F.);
#7928 = FACE_BOUND('',#7929,.F.);
#7929 = EDGE_LOOP('',(#7930,#7931,#7937,#7938));
#7930 = ORIENTED_EDGE('',*,*,#7051,.F.);
#7931 = ORIENTED_EDGE('',*,*,#7932,.T.);
#7932 = EDGE_CURVE('',#7044,#7803,#7933,.T.);
#7933 = LINE('',#7934,#7935);
#7934 = CARTESIAN_POINT('',(-0.5,-6.2,6.1));
#7935 = VECTOR('',#7936,1.);
#7936 = DIRECTION('',(-1.359631073447E-32,-1.110223024625E-16,-1.));
#7937 = ORIENTED_EDGE('',*,*,#7810,.F.);
#7938 = ORIENTED_EDGE('',*,*,#7915,.F.);
#7939 = PLANE('',#7940);
#7940 = AXIS2_PLACEMENT_3D('',#7941,#7942,#7943);
#7941 = CARTESIAN_POINT('',(-0.5,-6.2,6.1));
#7942 = DIRECTION('',(-0.707106781187,-0.707106781187,7.850462293414E-17
    ));
#7943 = DIRECTION('',(0.707106781187,-0.707106781187,7.850462293414E-17)
  );
#7944 = ADVANCED_FACE('',(#7945),#7956,.F.);
#7945 = FACE_BOUND('',#7946,.F.);
#7946 = EDGE_LOOP('',(#7947,#7948,#7954,#7955));
#7947 = ORIENTED_EDGE('',*,*,#7043,.F.);
#7948 = ORIENTED_EDGE('',*,*,#7949,.T.);
#7949 = EDGE_CURVE('',#7035,#7794,#7950,.T.);
#7950 = LINE('',#7951,#7952);
#7951 = CARTESIAN_POINT('',(-0.5,-4.45,6.1));
#7952 = VECTOR('',#7953,1.);
#7953 = DIRECTION('',(-1.359631073447E-32,-1.110223024625E-16,-1.));
#7954 = ORIENTED_EDGE('',*,*,#7802,.F.);
#7955 = ORIENTED_EDGE('',*,*,#7932,.F.);
#7956 = PLANE('',#7957);
#7957 = AXIS2_PLACEMENT_3D('',#7958,#7959,#7960);
#7958 = CARTESIAN_POINT('',(-0.5,-3.7,6.1));
#7959 = DIRECTION('',(-1.,1.224646799147E-16,0.));
#7960 = DIRECTION('',(-1.224646799147E-16,-1.,1.110223024625E-16));
#7961 = ADVANCED_FACE('',(#7962),#7973,.F.);
#7962 = FACE_BOUND('',#7963,.F.);
#7963 = EDGE_LOOP('',(#7964,#7965,#7966,#7967));
#7964 = ORIENTED_EDGE('',*,*,#7793,.F.);
#7965 = ORIENTED_EDGE('',*,*,#7949,.F.);
#7966 = ORIENTED_EDGE('',*,*,#7034,.F.);
#7967 = ORIENTED_EDGE('',*,*,#7968,.T.);
#7968 = EDGE_CURVE('',#7027,#7786,#7969,.T.);
#7969 = LINE('',#7970,#7971);
#7970 = CARTESIAN_POINT('',(0.25,-3.7,6.1));
#7971 = VECTOR('',#7972,1.);
#7972 = DIRECTION('',(-1.359631073447E-32,-1.110223024625E-16,-1.));
#7973 = CYLINDRICAL_SURFACE('',#7974,0.75);
#7974 = AXIS2_PLACEMENT_3D('',#7975,#7976,#7977);
#7975 = CARTESIAN_POINT('',(0.25,-4.45,6.1));
#7976 = DIRECTION('',(-1.359631073447E-32,-1.110223024625E-16,-1.));
#7977 = DIRECTION('',(1.224646799147E-16,1.,-1.110223024625E-16));
#7978 = ADVANCED_FACE('',(#7979),#7990,.F.);
#7979 = FACE_BOUND('',#7980,.F.);
#7980 = EDGE_LOOP('',(#7981,#7982,#7983,#7989));
#7981 = ORIENTED_EDGE('',*,*,#7968,.F.);
#7982 = ORIENTED_EDGE('',*,*,#7026,.F.);
#7983 = ORIENTED_EDGE('',*,*,#7984,.T.);
#7984 = EDGE_CURVE('',#7019,#7778,#7985,.T.);
#7985 = LINE('',#7986,#7987);
#7986 = CARTESIAN_POINT('',(1.,-3.7,6.1));
#7987 = VECTOR('',#7988,1.);
#7988 = DIRECTION('',(-1.359631073447E-32,-1.110223024625E-16,-1.));
#7989 = ORIENTED_EDGE('',*,*,#7785,.F.);
#7990 = PLANE('',#7991);
#7991 = AXIS2_PLACEMENT_3D('',#7992,#7993,#7994);
#7992 = CARTESIAN_POINT('',(1.,-3.7,6.1));
#7993 = DIRECTION('',(1.224646799147E-16,1.,-1.110223024625E-16));
#7994 = DIRECTION('',(-1.,1.224646799147E-16,0.));
#7995 = ADVANCED_FACE('',(#7996),#8007,.F.);
#7996 = FACE_BOUND('',#7997,.F.);
#7997 = EDGE_LOOP('',(#7998,#7999,#8005,#8006));
#7998 = ORIENTED_EDGE('',*,*,#7018,.F.);
#7999 = ORIENTED_EDGE('',*,*,#8000,.T.);
#8000 = EDGE_CURVE('',#7011,#7770,#8001,.T.);
#8001 = LINE('',#8002,#8003);
#8002 = CARTESIAN_POINT('',(1.,-7.6,6.1));
#8003 = VECTOR('',#8004,1.);
#8004 = DIRECTION('',(-1.359631073447E-32,-1.110223024625E-16,-1.));
#8005 = ORIENTED_EDGE('',*,*,#7777,.F.);
#8006 = ORIENTED_EDGE('',*,*,#7984,.F.);
#8007 = PLANE('',#8008);
#8008 = AXIS2_PLACEMENT_3D('',#8009,#8010,#8011);
#8009 = CARTESIAN_POINT('',(1.,-7.6,6.1));
#8010 = DIRECTION('',(1.,-1.224646799147E-16,-0.));
#8011 = DIRECTION('',(1.224646799147E-16,1.,-1.110223024625E-16));
#8012 = ADVANCED_FACE('',(#8013),#8024,.T.);
#8013 = FACE_BOUND('',#8014,.T.);
#8014 = EDGE_LOOP('',(#8015,#8016,#8022,#8023));
#8015 = ORIENTED_EDGE('',*,*,#7769,.F.);
#8016 = ORIENTED_EDGE('',*,*,#8017,.F.);
#8017 = EDGE_CURVE('',#7003,#7762,#8018,.T.);
#8018 = LINE('',#8019,#8020);
#8019 = CARTESIAN_POINT('',(6.5,-7.6,6.1));
#8020 = VECTOR('',#8021,1.);
#8021 = DIRECTION('',(-1.359631073447E-32,-1.110223024625E-16,-1.));
#8022 = ORIENTED_EDGE('',*,*,#7010,.T.);
#8023 = ORIENTED_EDGE('',*,*,#8000,.T.);
#8024 = PLANE('',#8025);
#8025 = AXIS2_PLACEMENT_3D('',#8026,#8027,#8028);
#8026 = CARTESIAN_POINT('',(3.75,-7.6,3.225));
#8027 = DIRECTION('',(-1.224646799147E-16,-1.,1.110223024625E-16));
#8028 = DIRECTION('',(-1.,1.224646799147E-16,0.));
#8029 = ADVANCED_FACE('',(#8030),#8041,.T.);
#8030 = FACE_BOUND('',#8031,.T.);
#8031 = EDGE_LOOP('',(#8032,#8033,#8034,#8035));
#8032 = ORIENTED_EDGE('',*,*,#7002,.F.);
#8033 = ORIENTED_EDGE('',*,*,#8017,.T.);
#8034 = ORIENTED_EDGE('',*,*,#7761,.F.);
#8035 = ORIENTED_EDGE('',*,*,#8036,.F.);
#8036 = EDGE_CURVE('',#6995,#7754,#8037,.T.);
#8037 = LINE('',#8038,#8039);
#8038 = CARTESIAN_POINT('',(6.5,-3.7,6.1));
#8039 = VECTOR('',#8040,1.);
#8040 = DIRECTION('',(-1.359631073447E-32,-1.110223024625E-16,-1.));
#8041 = PLANE('',#8042);
#8042 = AXIS2_PLACEMENT_3D('',#8043,#8044,#8045);
#8043 = CARTESIAN_POINT('',(6.5,-7.6,6.1));
#8044 = DIRECTION('',(1.,-1.224646799147E-16,-0.));
#8045 = DIRECTION('',(1.224646799147E-16,1.,-1.110223024625E-16));
#8046 = ADVANCED_FACE('',(#8047),#8058,.T.);
#8047 = FACE_BOUND('',#8048,.T.);
#8048 = EDGE_LOOP('',(#8049,#8055,#8056,#8057));
#8049 = ORIENTED_EDGE('',*,*,#8050,.F.);
#8050 = EDGE_CURVE('',#6986,#7745,#8051,.T.);
#8051 = LINE('',#8052,#8053);
#8052 = CARTESIAN_POINT('',(7.25,-3.7,6.1));
#8053 = VECTOR('',#8054,1.);
#8054 = DIRECTION('',(-1.359631073447E-32,-1.110223024625E-16,-1.));
#8055 = ORIENTED_EDGE('',*,*,#6994,.F.);
#8056 = ORIENTED_EDGE('',*,*,#8036,.T.);
#8057 = ORIENTED_EDGE('',*,*,#7753,.F.);
#8058 = PLANE('',#8059);
#8059 = AXIS2_PLACEMENT_3D('',#8060,#8061,#8062);
#8060 = CARTESIAN_POINT('',(6.5,-3.7,6.1));
#8061 = DIRECTION('',(-1.224646799147E-16,-1.,1.110223024625E-16));
#8062 = DIRECTION('',(1.,-1.224646799147E-16,0.));
#8063 = ADVANCED_FACE('',(#8064),#8075,.F.);
#8064 = FACE_BOUND('',#8065,.F.);
#8065 = EDGE_LOOP('',(#8066,#8067,#8068,#8074));
#8066 = ORIENTED_EDGE('',*,*,#8050,.F.);
#8067 = ORIENTED_EDGE('',*,*,#6985,.T.);
#8068 = ORIENTED_EDGE('',*,*,#8069,.T.);
#8069 = EDGE_CURVE('',#6978,#7737,#8070,.T.);
#8070 = LINE('',#8071,#8072);
#8071 = CARTESIAN_POINT('',(8.,-4.45,6.1));
#8072 = VECTOR('',#8073,1.);
#8073 = DIRECTION('',(-1.359631073447E-32,-1.110223024625E-16,-1.));
#8074 = ORIENTED_EDGE('',*,*,#7744,.F.);
#8075 = CYLINDRICAL_SURFACE('',#8076,0.75);
#8076 = AXIS2_PLACEMENT_3D('',#8077,#8078,#8079);
#8077 = CARTESIAN_POINT('',(7.25,-4.45,6.1));
#8078 = DIRECTION('',(-1.359631073447E-32,-1.110223024625E-16,-1.));
#8079 = DIRECTION('',(1.224646799147E-16,1.,-1.110223024625E-16));
#8080 = ADVANCED_FACE('',(#8081),#8092,.T.);
#8081 = FACE_BOUND('',#8082,.T.);
#8082 = EDGE_LOOP('',(#8083,#8084,#8085,#8086));
#8083 = ORIENTED_EDGE('',*,*,#6977,.F.);
#8084 = ORIENTED_EDGE('',*,*,#8069,.T.);
#8085 = ORIENTED_EDGE('',*,*,#7736,.F.);
#8086 = ORIENTED_EDGE('',*,*,#8087,.F.);
#8087 = EDGE_CURVE('',#6970,#7729,#8088,.T.);
#8088 = LINE('',#8089,#8090);
#8089 = CARTESIAN_POINT('',(8.,-6.2,6.1));
#8090 = VECTOR('',#8091,1.);
#8091 = DIRECTION('',(-1.359631073447E-32,-1.110223024625E-16,-1.));
#8092 = PLANE('',#8093);
#8093 = AXIS2_PLACEMENT_3D('',#8094,#8095,#8096);
#8094 = CARTESIAN_POINT('',(8.,-3.7,6.1));
#8095 = DIRECTION('',(-1.,1.224646799147E-16,0.));
#8096 = DIRECTION('',(-1.224646799147E-16,-1.,1.110223024625E-16));
#8097 = ADVANCED_FACE('',(#8098),#8109,.T.);
#8098 = FACE_BOUND('',#8099,.T.);
#8099 = EDGE_LOOP('',(#8100,#8101,#8102,#8103));
#8100 = ORIENTED_EDGE('',*,*,#6969,.F.);
#8101 = ORIENTED_EDGE('',*,*,#8087,.T.);
#8102 = ORIENTED_EDGE('',*,*,#7728,.F.);
#8103 = ORIENTED_EDGE('',*,*,#8104,.F.);
#8104 = EDGE_CURVE('',#6962,#7721,#8105,.T.);
#8105 = LINE('',#8106,#8107);
#8106 = CARTESIAN_POINT('',(7.75,-6.45,6.1));
#8107 = VECTOR('',#8108,1.);
#8108 = DIRECTION('',(-1.359631073447E-32,-1.110223024625E-16,-1.));
#8109 = PLANE('',#8110);
#8110 = AXIS2_PLACEMENT_3D('',#8111,#8112,#8113);
#8111 = CARTESIAN_POINT('',(8.,-6.2,6.1));
#8112 = DIRECTION('',(-0.707106781187,0.707106781187,-7.850462293414E-17
    ));
#8113 = DIRECTION('',(-0.707106781187,-0.707106781187,7.850462293414E-17
    ));
#8114 = ADVANCED_FACE('',(#8115),#8126,.T.);
#8115 = FACE_BOUND('',#8116,.T.);
#8116 = EDGE_LOOP('',(#8117,#8118,#8119,#8120));
#8117 = ORIENTED_EDGE('',*,*,#6961,.F.);
#8118 = ORIENTED_EDGE('',*,*,#8104,.T.);
#8119 = ORIENTED_EDGE('',*,*,#7720,.F.);
#8120 = ORIENTED_EDGE('',*,*,#8121,.F.);
#8121 = EDGE_CURVE('',#6954,#7713,#8122,.T.);
#8122 = LINE('',#8123,#8124);
#8123 = CARTESIAN_POINT('',(8.,-6.7,6.1));
#8124 = VECTOR('',#8125,1.);
#8125 = DIRECTION('',(-1.359631073447E-32,-1.110223024625E-16,-1.));
#8126 = PLANE('',#8127);
#8127 = AXIS2_PLACEMENT_3D('',#8128,#8129,#8130);
#8128 = CARTESIAN_POINT('',(7.75,-6.45,6.1));
#8129 = DIRECTION('',(-0.707106781187,-0.707106781187,7.850462293414E-17
    ));
#8130 = DIRECTION('',(0.707106781187,-0.707106781187,7.850462293414E-17)
  );
#8131 = ADVANCED_FACE('',(#8132),#8143,.T.);
#8132 = FACE_BOUND('',#8133,.T.);
#8133 = EDGE_LOOP('',(#8134,#8135,#8136,#8137));
#8134 = ORIENTED_EDGE('',*,*,#6953,.F.);
#8135 = ORIENTED_EDGE('',*,*,#8121,.T.);
#8136 = ORIENTED_EDGE('',*,*,#7712,.F.);
#8137 = ORIENTED_EDGE('',*,*,#8138,.F.);
#8138 = EDGE_CURVE('',#6946,#7705,#8139,.T.);
#8139 = LINE('',#8140,#8141);
#8140 = CARTESIAN_POINT('',(8.,-7.6,6.1));
#8141 = VECTOR('',#8142,1.);
#8142 = DIRECTION('',(-1.359631073447E-32,-1.110223024625E-16,-1.));
#8143 = PLANE('',#8144);
#8144 = AXIS2_PLACEMENT_3D('',#8145,#8146,#8147);
#8145 = CARTESIAN_POINT('',(8.,-6.7,6.1));
#8146 = DIRECTION('',(-1.,1.224646799147E-16,0.));
#8147 = DIRECTION('',(-1.224646799147E-16,-1.,1.110223024625E-16));
#8148 = ADVANCED_FACE('',(#8149),#8155,.T.);
#8149 = FACE_BOUND('',#8150,.T.);
#8150 = EDGE_LOOP('',(#8151,#8152,#8153,#8154));
#8151 = ORIENTED_EDGE('',*,*,#7704,.F.);
#8152 = ORIENTED_EDGE('',*,*,#7420,.T.);
#8153 = ORIENTED_EDGE('',*,*,#6945,.T.);
#8154 = ORIENTED_EDGE('',*,*,#8138,.T.);
#8155 = PLANE('',#8156);
#8156 = AXIS2_PLACEMENT_3D('',#8157,#8158,#8159);
#8157 = CARTESIAN_POINT('',(3.75,-7.6,3.225));
#8158 = DIRECTION('',(-1.224646799147E-16,-1.,1.110223024625E-16));
#8159 = DIRECTION('',(-1.,1.224646799147E-16,0.));
#8160 = ADVANCED_FACE('',(#8161),#8252,.T.);
#8161 = FACE_BOUND('',#8162,.T.);
#8162 = EDGE_LOOP('',(#8163,#8164,#8172,#8181,#8189,#8197,#8205,#8213,
    #8221,#8229,#8237,#8246));
#8163 = ORIENTED_EDGE('',*,*,#7149,.F.);
#8164 = ORIENTED_EDGE('',*,*,#8165,.T.);
#8165 = EDGE_CURVE('',#7150,#8166,#8168,.T.);
#8166 = VERTEX_POINT('',#8167);
#8167 = CARTESIAN_POINT('',(-0.32,-0.37,4.07));
#8168 = LINE('',#8169,#8170);
#8169 = CARTESIAN_POINT('',(-0.32,-7.1,4.07));
#8170 = VECTOR('',#8171,1.);
#8171 = DIRECTION('',(1.224646799147E-16,1.,0.));
#8172 = ORIENTED_EDGE('',*,*,#8173,.T.);
#8173 = EDGE_CURVE('',#8166,#8174,#8176,.T.);
#8174 = VERTEX_POINT('',#8175);
#8175 = CARTESIAN_POINT('',(-0.32,0.32,3.38));
#8176 = CIRCLE('',#8177,0.69);
#8177 = AXIS2_PLACEMENT_3D('',#8178,#8179,#8180);
#8178 = CARTESIAN_POINT('',(-0.32,-0.37,3.38));
#8179 = DIRECTION('',(-1.,1.224646799147E-16,0.));
#8180 = DIRECTION('',(0.,0.,1.));
#8181 = ORIENTED_EDGE('',*,*,#8182,.T.);
#8182 = EDGE_CURVE('',#8174,#8183,#8185,.T.);
#8183 = VERTEX_POINT('',#8184);
#8184 = CARTESIAN_POINT('',(-0.32,0.32,-0.9));
#8185 = LINE('',#8186,#8187);
#8186 = CARTESIAN_POINT('',(-0.32,0.32,4.07));
#8187 = VECTOR('',#8188,1.);
#8188 = DIRECTION('',(-0.,0.,-1.));
#8189 = ORIENTED_EDGE('',*,*,#8190,.T.);
#8190 = EDGE_CURVE('',#8183,#8191,#8193,.T.);
#8191 = VERTEX_POINT('',#8192);
#8192 = CARTESIAN_POINT('',(-0.32,2.E-02,-1.5));
#8193 = LINE('',#8194,#8195);
#8194 = CARTESIAN_POINT('',(-0.32,0.32,-0.9));
#8195 = VECTOR('',#8196,1.);
#8196 = DIRECTION('',(-5.476786982641E-17,-0.4472135955,-0.894427191));
#8197 = ORIENTED_EDGE('',*,*,#8198,.T.);
#8198 = EDGE_CURVE('',#8191,#8199,#8201,.T.);
#8199 = VERTEX_POINT('',#8200);
#8200 = CARTESIAN_POINT('',(-0.32,0.288421052632,-3.2));
#8201 = LINE('',#8202,#8203);
#8202 = CARTESIAN_POINT('',(-0.32,2.E-02,-1.5));
#8203 = VECTOR('',#8204,1.);
#8204 = DIRECTION('',(1.909990663905E-17,0.155962573473,-0.987762965329)
  );
#8205 = ORIENTED_EDGE('',*,*,#8206,.T.);
#8206 = EDGE_CURVE('',#8199,#8207,#8209,.T.);
#8207 = VERTEX_POINT('',#8208);
#8208 = CARTESIAN_POINT('',(-0.32,-0.351578947368,-3.2));
#8209 = LINE('',#8210,#8211);
#8210 = CARTESIAN_POINT('',(-0.32,0.32,-3.2));
#8211 = VECTOR('',#8212,1.);
#8212 = DIRECTION('',(-1.224646799147E-16,-1.,0.));
#8213 = ORIENTED_EDGE('',*,*,#8214,.T.);
#8214 = EDGE_CURVE('',#8207,#8215,#8217,.T.);
#8215 = VERTEX_POINT('',#8216);
#8216 = CARTESIAN_POINT('',(-0.32,-0.62,-1.5));
#8217 = LINE('',#8218,#8219);
#8218 = CARTESIAN_POINT('',(-0.32,-0.32,-3.4));
#8219 = VECTOR('',#8220,1.);
#8220 = DIRECTION('',(-1.909990663905E-17,-0.155962573473,0.987762965329
    ));
#8221 = ORIENTED_EDGE('',*,*,#8222,.T.);
#8222 = EDGE_CURVE('',#8215,#8223,#8225,.T.);
#8223 = VERTEX_POINT('',#8224);
#8224 = CARTESIAN_POINT('',(-0.32,-0.32,-0.9));
#8225 = LINE('',#8226,#8227);
#8226 = CARTESIAN_POINT('',(-0.32,-0.62,-1.5));
#8227 = VECTOR('',#8228,1.);
#8228 = DIRECTION('',(5.476786982641E-17,0.4472135955,0.894427191));
#8229 = ORIENTED_EDGE('',*,*,#8230,.T.);
#8230 = EDGE_CURVE('',#8223,#8231,#8233,.T.);
#8231 = VERTEX_POINT('',#8232);
#8232 = CARTESIAN_POINT('',(-0.32,-0.32,3.38));
#8233 = LINE('',#8234,#8235);
#8234 = CARTESIAN_POINT('',(-0.32,-0.32,-0.9));
#8235 = VECTOR('',#8236,1.);
#8236 = DIRECTION('',(0.,0.,1.));
#8237 = ORIENTED_EDGE('',*,*,#8238,.F.);
#8238 = EDGE_CURVE('',#8239,#8231,#8241,.T.);
#8239 = VERTEX_POINT('',#8240);
#8240 = CARTESIAN_POINT('',(-0.32,-0.37,3.43));
#8241 = CIRCLE('',#8242,5.E-02);
#8242 = AXIS2_PLACEMENT_3D('',#8243,#8244,#8245);
#8243 = CARTESIAN_POINT('',(-0.32,-0.37,3.38));
#8244 = DIRECTION('',(-1.,1.224646799147E-16,0.));
#8245 = DIRECTION('',(0.,0.,1.));
#8246 = ORIENTED_EDGE('',*,*,#8247,.T.);
#8247 = EDGE_CURVE('',#8239,#7152,#8248,.T.);
#8248 = LINE('',#8249,#8250);
#8249 = CARTESIAN_POINT('',(-0.32,-0.32,3.43));
#8250 = VECTOR('',#8251,1.);
#8251 = DIRECTION('',(-1.224646799147E-16,-1.,0.));
#8252 = PLANE('',#8253);
#8253 = AXIS2_PLACEMENT_3D('',#8254,#8255,#8256);
#8254 = CARTESIAN_POINT('',(-0.32,-1.8494320772,1.868561531914));
#8255 = DIRECTION('',(-1.,1.224646799147E-16,0.));
#8256 = DIRECTION('',(0.,0.,1.));
#8257 = ADVANCED_FACE('',(#8258),#8276,.F.);
#8258 = FACE_BOUND('',#8259,.F.);
#8259 = EDGE_LOOP('',(#8260,#8268,#8274,#8275));
#8260 = ORIENTED_EDGE('',*,*,#8261,.F.);
#8261 = EDGE_CURVE('',#8262,#7168,#8264,.T.);
#8262 = VERTEX_POINT('',#8263);
#8263 = CARTESIAN_POINT('',(0.32,-0.37,3.43));
#8264 = LINE('',#8265,#8266);
#8265 = CARTESIAN_POINT('',(0.32,-0.32,3.43));
#8266 = VECTOR('',#8267,1.);
#8267 = DIRECTION('',(-1.224646799147E-16,-1.,0.));
#8268 = ORIENTED_EDGE('',*,*,#8269,.T.);
#8269 = EDGE_CURVE('',#8262,#8239,#8270,.T.);
#8270 = LINE('',#8271,#8272);
#8271 = CARTESIAN_POINT('',(0.32,-0.37,3.43));
#8272 = VECTOR('',#8273,1.);
#8273 = DIRECTION('',(-1.,1.224646799147E-16,0.));
#8274 = ORIENTED_EDGE('',*,*,#8247,.T.);
#8275 = ORIENTED_EDGE('',*,*,#7175,.F.);
#8276 = PLANE('',#8277);
#8277 = AXIS2_PLACEMENT_3D('',#8278,#8279,#8280);
#8278 = CARTESIAN_POINT('',(0.32,-0.32,3.43));
#8279 = DIRECTION('',(0.,0.,1.));
#8280 = DIRECTION('',(-1.224646799147E-16,-1.,0.));
#8281 = ADVANCED_FACE('',(#8282),#8366,.F.);
#8282 = FACE_BOUND('',#8283,.F.);
#8283 = EDGE_LOOP('',(#8284,#8285,#8293,#8302,#8310,#8318,#8326,#8334,
    #8342,#8350,#8358,#8365));
#8284 = ORIENTED_EDGE('',*,*,#7167,.F.);
#8285 = ORIENTED_EDGE('',*,*,#8286,.T.);
#8286 = EDGE_CURVE('',#7160,#8287,#8289,.T.);
#8287 = VERTEX_POINT('',#8288);
#8288 = CARTESIAN_POINT('',(0.32,-0.37,4.07));
#8289 = LINE('',#8290,#8291);
#8290 = CARTESIAN_POINT('',(0.32,-7.1,4.07));
#8291 = VECTOR('',#8292,1.);
#8292 = DIRECTION('',(1.224646799147E-16,1.,0.));
#8293 = ORIENTED_EDGE('',*,*,#8294,.T.);
#8294 = EDGE_CURVE('',#8287,#8295,#8297,.T.);
#8295 = VERTEX_POINT('',#8296);
#8296 = CARTESIAN_POINT('',(0.32,0.32,3.38));
#8297 = CIRCLE('',#8298,0.69);
#8298 = AXIS2_PLACEMENT_3D('',#8299,#8300,#8301);
#8299 = CARTESIAN_POINT('',(0.32,-0.37,3.38));
#8300 = DIRECTION('',(-1.,1.224646799147E-16,0.));
#8301 = DIRECTION('',(0.,0.,1.));
#8302 = ORIENTED_EDGE('',*,*,#8303,.T.);
#8303 = EDGE_CURVE('',#8295,#8304,#8306,.T.);
#8304 = VERTEX_POINT('',#8305);
#8305 = CARTESIAN_POINT('',(0.32,0.32,-0.9));
#8306 = LINE('',#8307,#8308);
#8307 = CARTESIAN_POINT('',(0.32,0.32,4.07));
#8308 = VECTOR('',#8309,1.);
#8309 = DIRECTION('',(-0.,0.,-1.));
#8310 = ORIENTED_EDGE('',*,*,#8311,.T.);
#8311 = EDGE_CURVE('',#8304,#8312,#8314,.T.);
#8312 = VERTEX_POINT('',#8313);
#8313 = CARTESIAN_POINT('',(0.32,2.E-02,-1.5));
#8314 = LINE('',#8315,#8316);
#8315 = CARTESIAN_POINT('',(0.32,0.32,-0.9));
#8316 = VECTOR('',#8317,1.);
#8317 = DIRECTION('',(-5.476786982641E-17,-0.4472135955,-0.894427191));
#8318 = ORIENTED_EDGE('',*,*,#8319,.T.);
#8319 = EDGE_CURVE('',#8312,#8320,#8322,.T.);
#8320 = VERTEX_POINT('',#8321);
#8321 = CARTESIAN_POINT('',(0.32,0.288421052632,-3.2));
#8322 = LINE('',#8323,#8324);
#8323 = CARTESIAN_POINT('',(0.32,2.E-02,-1.5));
#8324 = VECTOR('',#8325,1.);
#8325 = DIRECTION('',(1.909990663905E-17,0.155962573473,-0.987762965329)
  );
#8326 = ORIENTED_EDGE('',*,*,#8327,.T.);
#8327 = EDGE_CURVE('',#8320,#8328,#8330,.T.);
#8328 = VERTEX_POINT('',#8329);
#8329 = CARTESIAN_POINT('',(0.32,-0.351578947368,-3.2));
#8330 = LINE('',#8331,#8332);
#8331 = CARTESIAN_POINT('',(0.32,0.32,-3.2));
#8332 = VECTOR('',#8333,1.);
#8333 = DIRECTION('',(-1.224646799147E-16,-1.,0.));
#8334 = ORIENTED_EDGE('',*,*,#8335,.T.);
#8335 = EDGE_CURVE('',#8328,#8336,#8338,.T.);
#8336 = VERTEX_POINT('',#8337);
#8337 = CARTESIAN_POINT('',(0.32,-0.62,-1.5));
#8338 = LINE('',#8339,#8340);
#8339 = CARTESIAN_POINT('',(0.32,-0.32,-3.4));
#8340 = VECTOR('',#8341,1.);
#8341 = DIRECTION('',(-1.909990663905E-17,-0.155962573473,0.987762965329
    ));
#8342 = ORIENTED_EDGE('',*,*,#8343,.T.);
#8343 = EDGE_CURVE('',#8336,#8344,#8346,.T.);
#8344 = VERTEX_POINT('',#8345);
#8345 = CARTESIAN_POINT('',(0.32,-0.32,-0.9));
#8346 = LINE('',#8347,#8348);
#8347 = CARTESIAN_POINT('',(0.32,-0.62,-1.5));
#8348 = VECTOR('',#8349,1.);
#8349 = DIRECTION('',(5.476786982641E-17,0.4472135955,0.894427191));
#8350 = ORIENTED_EDGE('',*,*,#8351,.T.);
#8351 = EDGE_CURVE('',#8344,#8352,#8354,.T.);
#8352 = VERTEX_POINT('',#8353);
#8353 = CARTESIAN_POINT('',(0.32,-0.32,3.38));
#8354 = LINE('',#8355,#8356);
#8355 = CARTESIAN_POINT('',(0.32,-0.32,-0.9));
#8356 = VECTOR('',#8357,1.);
#8357 = DIRECTION('',(0.,0.,1.));
#8358 = ORIENTED_EDGE('',*,*,#8359,.F.);
#8359 = EDGE_CURVE('',#8262,#8352,#8360,.T.);
#8360 = CIRCLE('',#8361,5.E-02);
#8361 = AXIS2_PLACEMENT_3D('',#8362,#8363,#8364);
#8362 = CARTESIAN_POINT('',(0.32,-0.37,3.38));
#8363 = DIRECTION('',(-1.,1.224646799147E-16,0.));
#8364 = DIRECTION('',(0.,0.,1.));
#8365 = ORIENTED_EDGE('',*,*,#8261,.T.);
#8366 = PLANE('',#8367);
#8367 = AXIS2_PLACEMENT_3D('',#8368,#8369,#8370);
#8368 = CARTESIAN_POINT('',(0.32,-1.8494320772,1.868561531914));
#8369 = DIRECTION('',(-1.,1.224646799147E-16,0.));
#8370 = DIRECTION('',(0.,0.,1.));
#8371 = ADVANCED_FACE('',(#8372),#8383,.F.);
#8372 = FACE_BOUND('',#8373,.F.);
#8373 = EDGE_LOOP('',(#8374,#8375,#8376,#8377));
#8374 = ORIENTED_EDGE('',*,*,#8286,.F.);
#8375 = ORIENTED_EDGE('',*,*,#7159,.F.);
#8376 = ORIENTED_EDGE('',*,*,#8165,.T.);
#8377 = ORIENTED_EDGE('',*,*,#8378,.F.);
#8378 = EDGE_CURVE('',#8287,#8166,#8379,.T.);
#8379 = LINE('',#8380,#8381);
#8380 = CARTESIAN_POINT('',(0.32,-0.37,4.07));
#8381 = VECTOR('',#8382,1.);
#8382 = DIRECTION('',(-1.,1.224646799147E-16,0.));
#8383 = PLANE('',#8384);
#8384 = AXIS2_PLACEMENT_3D('',#8385,#8386,#8387);
#8385 = CARTESIAN_POINT('',(0.32,-7.1,4.07));
#8386 = DIRECTION('',(-0.,0.,-1.));
#8387 = DIRECTION('',(1.224646799147E-16,1.,0.));
#8388 = ADVANCED_FACE('',(#8389),#8414,.F.);
#8389 = FACE_BOUND('',#8390,.F.);
#8390 = EDGE_LOOP('',(#8391,#8399,#8400,#8408));
#8391 = ORIENTED_EDGE('',*,*,#8392,.F.);
#8392 = EDGE_CURVE('',#7215,#8393,#8395,.T.);
#8393 = VERTEX_POINT('',#8394);
#8394 = CARTESIAN_POINT('',(2.82,-0.37,4.07));
#8395 = LINE('',#8396,#8397);
#8396 = CARTESIAN_POINT('',(2.82,-7.1,4.07));
#8397 = VECTOR('',#8398,1.);
#8398 = DIRECTION('',(1.224646799147E-16,1.,0.));
#8399 = ORIENTED_EDGE('',*,*,#7212,.F.);
#8400 = ORIENTED_EDGE('',*,*,#8401,.T.);
#8401 = EDGE_CURVE('',#7213,#8402,#8404,.T.);
#8402 = VERTEX_POINT('',#8403);
#8403 = CARTESIAN_POINT('',(2.18,-0.37,4.07));
#8404 = LINE('',#8405,#8406);
#8405 = CARTESIAN_POINT('',(2.18,-7.1,4.07));
#8406 = VECTOR('',#8407,1.);
#8407 = DIRECTION('',(1.224646799147E-16,1.,0.));
#8408 = ORIENTED_EDGE('',*,*,#8409,.F.);
#8409 = EDGE_CURVE('',#8393,#8402,#8410,.T.);
#8410 = LINE('',#8411,#8412);
#8411 = CARTESIAN_POINT('',(2.82,-0.37,4.07));
#8412 = VECTOR('',#8413,1.);
#8413 = DIRECTION('',(-1.,1.224646799147E-16,0.));
#8414 = PLANE('',#8415);
#8415 = AXIS2_PLACEMENT_3D('',#8416,#8417,#8418);
#8416 = CARTESIAN_POINT('',(2.82,-7.1,4.07));
#8417 = DIRECTION('',(-0.,0.,-1.));
#8418 = DIRECTION('',(1.224646799147E-16,1.,0.));
#8419 = ADVANCED_FACE('',(#8420),#8472,.T.);
#8420 = FACE_BOUND('',#8421,.T.);
#8421 = EDGE_LOOP('',(#8422,#8423,#8424,#8433,#8441,#8449,#8457,#8466));
#8422 = ORIENTED_EDGE('',*,*,#7238,.F.);
#8423 = ORIENTED_EDGE('',*,*,#8401,.T.);
#8424 = ORIENTED_EDGE('',*,*,#8425,.T.);
#8425 = EDGE_CURVE('',#8402,#8426,#8428,.T.);
#8426 = VERTEX_POINT('',#8427);
#8427 = CARTESIAN_POINT('',(2.18,0.32,3.38));
#8428 = CIRCLE('',#8429,0.69);
#8429 = AXIS2_PLACEMENT_3D('',#8430,#8431,#8432);
#8430 = CARTESIAN_POINT('',(2.18,-0.37,3.38));
#8431 = DIRECTION('',(-1.,1.224646799147E-16,0.));
#8432 = DIRECTION('',(0.,0.,1.));
#8433 = ORIENTED_EDGE('',*,*,#8434,.T.);
#8434 = EDGE_CURVE('',#8426,#8435,#8437,.T.);
#8435 = VERTEX_POINT('',#8436);
#8436 = CARTESIAN_POINT('',(2.18,0.32,-3.2));
#8437 = LINE('',#8438,#8439);
#8438 = CARTESIAN_POINT('',(2.18,0.32,4.07));
#8439 = VECTOR('',#8440,1.);
#8440 = DIRECTION('',(-4.550304797346E-33,-3.715605838772E-17,-1.));
#8441 = ORIENTED_EDGE('',*,*,#8442,.T.);
#8442 = EDGE_CURVE('',#8435,#8443,#8445,.T.);
#8443 = VERTEX_POINT('',#8444);
#8444 = CARTESIAN_POINT('',(2.18,-0.32,-3.2));
#8445 = LINE('',#8446,#8447);
#8446 = CARTESIAN_POINT('',(2.18,0.32,-3.2));
#8447 = VECTOR('',#8448,1.);
#8448 = DIRECTION('',(-1.224646799147E-16,-1.,0.));
#8449 = ORIENTED_EDGE('',*,*,#8450,.T.);
#8450 = EDGE_CURVE('',#8443,#8451,#8453,.T.);
#8451 = VERTEX_POINT('',#8452);
#8452 = CARTESIAN_POINT('',(2.18,-0.32,3.38));
#8453 = LINE('',#8454,#8455);
#8454 = CARTESIAN_POINT('',(2.18,-0.32,-3.4));
#8455 = VECTOR('',#8456,1.);
#8456 = DIRECTION('',(0.,0.,1.));
#8457 = ORIENTED_EDGE('',*,*,#8458,.F.);
#8458 = EDGE_CURVE('',#8459,#8451,#8461,.T.);
#8459 = VERTEX_POINT('',#8460);
#8460 = CARTESIAN_POINT('',(2.18,-0.37,3.43));
#8461 = CIRCLE('',#8462,5.E-02);
#8462 = AXIS2_PLACEMENT_3D('',#8463,#8464,#8465);
#8463 = CARTESIAN_POINT('',(2.18,-0.37,3.38));
#8464 = DIRECTION('',(-1.,1.224646799147E-16,0.));
#8465 = DIRECTION('',(0.,0.,1.));
#8466 = ORIENTED_EDGE('',*,*,#8467,.T.);
#8467 = EDGE_CURVE('',#8459,#7231,#8468,.T.);
#8468 = LINE('',#8469,#8470);
#8469 = CARTESIAN_POINT('',(2.18,-0.32,3.43));
#8470 = VECTOR('',#8471,1.);
#8471 = DIRECTION('',(-1.224646799147E-16,-1.,0.));
#8472 = PLANE('',#8473);
#8473 = AXIS2_PLACEMENT_3D('',#8474,#8475,#8476);
#8474 = CARTESIAN_POINT('',(2.18,-1.835016789792,1.889983210208));
#8475 = DIRECTION('',(-1.,1.224646799147E-16,0.));
#8476 = DIRECTION('',(0.,0.,1.));
#8477 = ADVANCED_FACE('',(#8478),#8496,.F.);
#8478 = FACE_BOUND('',#8479,.F.);
#8479 = EDGE_LOOP('',(#8480,#8488,#8494,#8495));
#8480 = ORIENTED_EDGE('',*,*,#8481,.F.);
#8481 = EDGE_CURVE('',#8482,#7223,#8484,.T.);
#8482 = VERTEX_POINT('',#8483);
#8483 = CARTESIAN_POINT('',(2.82,-0.37,3.43));
#8484 = LINE('',#8485,#8486);
#8485 = CARTESIAN_POINT('',(2.82,-0.32,3.43));
#8486 = VECTOR('',#8487,1.);
#8487 = DIRECTION('',(-1.224646799147E-16,-1.,0.));
#8488 = ORIENTED_EDGE('',*,*,#8489,.T.);
#8489 = EDGE_CURVE('',#8482,#8459,#8490,.T.);
#8490 = LINE('',#8491,#8492);
#8491 = CARTESIAN_POINT('',(2.82,-0.37,3.43));
#8492 = VECTOR('',#8493,1.);
#8493 = DIRECTION('',(-1.,1.224646799147E-16,0.));
#8494 = ORIENTED_EDGE('',*,*,#8467,.T.);
#8495 = ORIENTED_EDGE('',*,*,#7230,.F.);
#8496 = PLANE('',#8497);
#8497 = AXIS2_PLACEMENT_3D('',#8498,#8499,#8500);
#8498 = CARTESIAN_POINT('',(2.82,-0.32,3.43));
#8499 = DIRECTION('',(0.,0.,1.));
#8500 = DIRECTION('',(-1.224646799147E-16,-1.,0.));
#8501 = ADVANCED_FACE('',(#8502),#8547,.F.);
#8502 = FACE_BOUND('',#8503,.F.);
#8503 = EDGE_LOOP('',(#8504,#8505,#8506,#8515,#8523,#8531,#8539,#8546));
#8504 = ORIENTED_EDGE('',*,*,#7222,.F.);
#8505 = ORIENTED_EDGE('',*,*,#8392,.T.);
#8506 = ORIENTED_EDGE('',*,*,#8507,.T.);
#8507 = EDGE_CURVE('',#8393,#8508,#8510,.T.);
#8508 = VERTEX_POINT('',#8509);
#8509 = CARTESIAN_POINT('',(2.82,0.32,3.38));
#8510 = CIRCLE('',#8511,0.69);
#8511 = AXIS2_PLACEMENT_3D('',#8512,#8513,#8514);
#8512 = CARTESIAN_POINT('',(2.82,-0.37,3.38));
#8513 = DIRECTION('',(-1.,1.224646799147E-16,0.));
#8514 = DIRECTION('',(0.,0.,1.));
#8515 = ORIENTED_EDGE('',*,*,#8516,.T.);
#8516 = EDGE_CURVE('',#8508,#8517,#8519,.T.);
#8517 = VERTEX_POINT('',#8518);
#8518 = CARTESIAN_POINT('',(2.82,0.32,-3.2));
#8519 = LINE('',#8520,#8521);
#8520 = CARTESIAN_POINT('',(2.82,0.32,4.07));
#8521 = VECTOR('',#8522,1.);
#8522 = DIRECTION('',(-4.550304797346E-33,-3.715605838772E-17,-1.));
#8523 = ORIENTED_EDGE('',*,*,#8524,.T.);
#8524 = EDGE_CURVE('',#8517,#8525,#8527,.T.);
#8525 = VERTEX_POINT('',#8526);
#8526 = CARTESIAN_POINT('',(2.82,-0.32,-3.2));
#8527 = LINE('',#8528,#8529);
#8528 = CARTESIAN_POINT('',(2.82,0.32,-3.2));
#8529 = VECTOR('',#8530,1.);
#8530 = DIRECTION('',(-1.224646799147E-16,-1.,0.));
#8531 = ORIENTED_EDGE('',*,*,#8532,.T.);
#8532 = EDGE_CURVE('',#8525,#8533,#8535,.T.);
#8533 = VERTEX_POINT('',#8534);
#8534 = CARTESIAN_POINT('',(2.82,-0.32,3.38));
#8535 = LINE('',#8536,#8537);
#8536 = CARTESIAN_POINT('',(2.82,-0.32,-3.4));
#8537 = VECTOR('',#8538,1.);
#8538 = DIRECTION('',(0.,0.,1.));
#8539 = ORIENTED_EDGE('',*,*,#8540,.F.);
#8540 = EDGE_CURVE('',#8482,#8533,#8541,.T.);
#8541 = CIRCLE('',#8542,5.E-02);
#8542 = AXIS2_PLACEMENT_3D('',#8543,#8544,#8545);
#8543 = CARTESIAN_POINT('',(2.82,-0.37,3.38));
#8544 = DIRECTION('',(-1.,1.224646799147E-16,0.));
#8545 = DIRECTION('',(0.,0.,1.));
#8546 = ORIENTED_EDGE('',*,*,#8481,.T.);
#8547 = PLANE('',#8548);
#8548 = AXIS2_PLACEMENT_3D('',#8549,#8550,#8551);
#8549 = CARTESIAN_POINT('',(2.82,-1.835016789792,1.889983210208));
#8550 = DIRECTION('',(-1.,1.224646799147E-16,0.));
#8551 = DIRECTION('',(0.,0.,1.));
#8552 = ADVANCED_FACE('',(#8553),#8578,.F.);
#8553 = FACE_BOUND('',#8554,.F.);
#8554 = EDGE_LOOP('',(#8555,#8563,#8564,#8572));
#8555 = ORIENTED_EDGE('',*,*,#8556,.F.);
#8556 = EDGE_CURVE('',#7278,#8557,#8559,.T.);
#8557 = VERTEX_POINT('',#8558);
#8558 = CARTESIAN_POINT('',(5.32,-0.37,4.07));
#8559 = LINE('',#8560,#8561);
#8560 = CARTESIAN_POINT('',(5.32,-7.1,4.07));
#8561 = VECTOR('',#8562,1.);
#8562 = DIRECTION('',(1.224646799147E-16,1.,0.));
#8563 = ORIENTED_EDGE('',*,*,#7275,.F.);
#8564 = ORIENTED_EDGE('',*,*,#8565,.T.);
#8565 = EDGE_CURVE('',#7276,#8566,#8568,.T.);
#8566 = VERTEX_POINT('',#8567);
#8567 = CARTESIAN_POINT('',(4.68,-0.37,4.07));
#8568 = LINE('',#8569,#8570);
#8569 = CARTESIAN_POINT('',(4.68,-7.1,4.07));
#8570 = VECTOR('',#8571,1.);
#8571 = DIRECTION('',(1.224646799147E-16,1.,0.));
#8572 = ORIENTED_EDGE('',*,*,#8573,.F.);
#8573 = EDGE_CURVE('',#8557,#8566,#8574,.T.);
#8574 = LINE('',#8575,#8576);
#8575 = CARTESIAN_POINT('',(5.32,-0.37,4.07));
#8576 = VECTOR('',#8577,1.);
#8577 = DIRECTION('',(-1.,1.224646799147E-16,0.));
#8578 = PLANE('',#8579);
#8579 = AXIS2_PLACEMENT_3D('',#8580,#8581,#8582);
#8580 = CARTESIAN_POINT('',(5.32,-7.1,4.07));
#8581 = DIRECTION('',(-0.,0.,-1.));
#8582 = DIRECTION('',(1.224646799147E-16,1.,0.));
#8583 = ADVANCED_FACE('',(#8584),#8636,.T.);
#8584 = FACE_BOUND('',#8585,.T.);
#8585 = EDGE_LOOP('',(#8586,#8587,#8588,#8597,#8605,#8613,#8621,#8630));
#8586 = ORIENTED_EDGE('',*,*,#7301,.F.);
#8587 = ORIENTED_EDGE('',*,*,#8565,.T.);
#8588 = ORIENTED_EDGE('',*,*,#8589,.T.);
#8589 = EDGE_CURVE('',#8566,#8590,#8592,.T.);
#8590 = VERTEX_POINT('',#8591);
#8591 = CARTESIAN_POINT('',(4.68,0.32,3.38));
#8592 = CIRCLE('',#8593,0.69);
#8593 = AXIS2_PLACEMENT_3D('',#8594,#8595,#8596);
#8594 = CARTESIAN_POINT('',(4.68,-0.37,3.38));
#8595 = DIRECTION('',(-1.,1.224646799147E-16,0.));
#8596 = DIRECTION('',(0.,0.,1.));
#8597 = ORIENTED_EDGE('',*,*,#8598,.T.);
#8598 = EDGE_CURVE('',#8590,#8599,#8601,.T.);
#8599 = VERTEX_POINT('',#8600);
#8600 = CARTESIAN_POINT('',(4.68,0.32,-3.2));
#8601 = LINE('',#8602,#8603);
#8602 = CARTESIAN_POINT('',(4.68,0.32,4.07));
#8603 = VECTOR('',#8604,1.);
#8604 = DIRECTION('',(-4.550304797346E-33,-3.715605838772E-17,-1.));
#8605 = ORIENTED_EDGE('',*,*,#8606,.T.);
#8606 = EDGE_CURVE('',#8599,#8607,#8609,.T.);
#8607 = VERTEX_POINT('',#8608);
#8608 = CARTESIAN_POINT('',(4.68,-0.32,-3.2));
#8609 = LINE('',#8610,#8611);
#8610 = CARTESIAN_POINT('',(4.68,0.32,-3.2));
#8611 = VECTOR('',#8612,1.);
#8612 = DIRECTION('',(-1.224646799147E-16,-1.,0.));
#8613 = ORIENTED_EDGE('',*,*,#8614,.T.);
#8614 = EDGE_CURVE('',#8607,#8615,#8617,.T.);
#8615 = VERTEX_POINT('',#8616);
#8616 = CARTESIAN_POINT('',(4.68,-0.32,3.38));
#8617 = LINE('',#8618,#8619);
#8618 = CARTESIAN_POINT('',(4.68,-0.32,-3.4));
#8619 = VECTOR('',#8620,1.);
#8620 = DIRECTION('',(0.,0.,1.));
#8621 = ORIENTED_EDGE('',*,*,#8622,.F.);
#8622 = EDGE_CURVE('',#8623,#8615,#8625,.T.);
#8623 = VERTEX_POINT('',#8624);
#8624 = CARTESIAN_POINT('',(4.68,-0.37,3.43));
#8625 = CIRCLE('',#8626,5.E-02);
#8626 = AXIS2_PLACEMENT_3D('',#8627,#8628,#8629);
#8627 = CARTESIAN_POINT('',(4.68,-0.37,3.38));
#8628 = DIRECTION('',(-1.,1.224646799147E-16,0.));
#8629 = DIRECTION('',(0.,0.,1.));
#8630 = ORIENTED_EDGE('',*,*,#8631,.T.);
#8631 = EDGE_CURVE('',#8623,#7294,#8632,.T.);
#8632 = LINE('',#8633,#8634);
#8633 = CARTESIAN_POINT('',(4.68,-0.32,3.43));
#8634 = VECTOR('',#8635,1.);
#8635 = DIRECTION('',(-1.224646799147E-16,-1.,0.));
#8636 = PLANE('',#8637);
#8637 = AXIS2_PLACEMENT_3D('',#8638,#8639,#8640);
#8638 = CARTESIAN_POINT('',(4.68,-1.835016789792,1.889983210208));
#8639 = DIRECTION('',(-1.,1.224646799147E-16,0.));
#8640 = DIRECTION('',(0.,0.,1.));
#8641 = ADVANCED_FACE('',(#8642),#8660,.F.);
#8642 = FACE_BOUND('',#8643,.F.);
#8643 = EDGE_LOOP('',(#8644,#8652,#8658,#8659));
#8644 = ORIENTED_EDGE('',*,*,#8645,.F.);
#8645 = EDGE_CURVE('',#8646,#7286,#8648,.T.);
#8646 = VERTEX_POINT('',#8647);
#8647 = CARTESIAN_POINT('',(5.32,-0.37,3.43));
#8648 = LINE('',#8649,#8650);
#8649 = CARTESIAN_POINT('',(5.32,-0.32,3.43));
#8650 = VECTOR('',#8651,1.);
#8651 = DIRECTION('',(-1.224646799147E-16,-1.,0.));
#8652 = ORIENTED_EDGE('',*,*,#8653,.T.);
#8653 = EDGE_CURVE('',#8646,#8623,#8654,.T.);
#8654 = LINE('',#8655,#8656);
#8655 = CARTESIAN_POINT('',(5.32,-0.37,3.43));
#8656 = VECTOR('',#8657,1.);
#8657 = DIRECTION('',(-1.,1.224646799147E-16,0.));
#8658 = ORIENTED_EDGE('',*,*,#8631,.T.);
#8659 = ORIENTED_EDGE('',*,*,#7293,.F.);
#8660 = PLANE('',#8661);
#8661 = AXIS2_PLACEMENT_3D('',#8662,#8663,#8664);
#8662 = CARTESIAN_POINT('',(5.32,-0.32,3.43));
#8663 = DIRECTION('',(0.,0.,1.));
#8664 = DIRECTION('',(-1.224646799147E-16,-1.,0.));
#8665 = ADVANCED_FACE('',(#8666),#8711,.F.);
#8666 = FACE_BOUND('',#8667,.F.);
#8667 = EDGE_LOOP('',(#8668,#8669,#8670,#8679,#8687,#8695,#8703,#8710));
#8668 = ORIENTED_EDGE('',*,*,#7285,.F.);
#8669 = ORIENTED_EDGE('',*,*,#8556,.T.);
#8670 = ORIENTED_EDGE('',*,*,#8671,.T.);
#8671 = EDGE_CURVE('',#8557,#8672,#8674,.T.);
#8672 = VERTEX_POINT('',#8673);
#8673 = CARTESIAN_POINT('',(5.32,0.32,3.38));
#8674 = CIRCLE('',#8675,0.69);
#8675 = AXIS2_PLACEMENT_3D('',#8676,#8677,#8678);
#8676 = CARTESIAN_POINT('',(5.32,-0.37,3.38));
#8677 = DIRECTION('',(-1.,1.224646799147E-16,0.));
#8678 = DIRECTION('',(0.,0.,1.));
#8679 = ORIENTED_EDGE('',*,*,#8680,.T.);
#8680 = EDGE_CURVE('',#8672,#8681,#8683,.T.);
#8681 = VERTEX_POINT('',#8682);
#8682 = CARTESIAN_POINT('',(5.32,0.32,-3.2));
#8683 = LINE('',#8684,#8685);
#8684 = CARTESIAN_POINT('',(5.32,0.32,4.07));
#8685 = VECTOR('',#8686,1.);
#8686 = DIRECTION('',(-4.550304797346E-33,-3.715605838772E-17,-1.));
#8687 = ORIENTED_EDGE('',*,*,#8688,.T.);
#8688 = EDGE_CURVE('',#8681,#8689,#8691,.T.);
#8689 = VERTEX_POINT('',#8690);
#8690 = CARTESIAN_POINT('',(5.32,-0.32,-3.2));
#8691 = LINE('',#8692,#8693);
#8692 = CARTESIAN_POINT('',(5.32,0.32,-3.2));
#8693 = VECTOR('',#8694,1.);
#8694 = DIRECTION('',(-1.224646799147E-16,-1.,0.));
#8695 = ORIENTED_EDGE('',*,*,#8696,.T.);
#8696 = EDGE_CURVE('',#8689,#8697,#8699,.T.);
#8697 = VERTEX_POINT('',#8698);
#8698 = CARTESIAN_POINT('',(5.32,-0.32,3.38));
#8699 = LINE('',#8700,#8701);
#8700 = CARTESIAN_POINT('',(5.32,-0.32,-3.4));
#8701 = VECTOR('',#8702,1.);
#8702 = DIRECTION('',(0.,0.,1.));
#8703 = ORIENTED_EDGE('',*,*,#8704,.F.);
#8704 = EDGE_CURVE('',#8646,#8697,#8705,.T.);
#8705 = CIRCLE('',#8706,5.E-02);
#8706 = AXIS2_PLACEMENT_3D('',#8707,#8708,#8709);
#8707 = CARTESIAN_POINT('',(5.32,-0.37,3.38));
#8708 = DIRECTION('',(-1.,1.224646799147E-16,0.));
#8709 = DIRECTION('',(0.,0.,1.));
#8710 = ORIENTED_EDGE('',*,*,#8645,.T.);
#8711 = PLANE('',#8712);
#8712 = AXIS2_PLACEMENT_3D('',#8713,#8714,#8715);
#8713 = CARTESIAN_POINT('',(5.32,-1.835016789792,1.889983210208));
#8714 = DIRECTION('',(-1.,1.224646799147E-16,0.));
#8715 = DIRECTION('',(0.,0.,1.));
#8716 = ADVANCED_FACE('',(#8717),#8808,.F.);
#8717 = FACE_BOUND('',#8718,.F.);
#8718 = EDGE_LOOP('',(#8719,#8720,#8728,#8737,#8745,#8753,#8761,#8769,
    #8777,#8785,#8793,#8802));
#8719 = ORIENTED_EDGE('',*,*,#7338,.F.);
#8720 = ORIENTED_EDGE('',*,*,#8721,.T.);
#8721 = EDGE_CURVE('',#7339,#8722,#8724,.T.);
#8722 = VERTEX_POINT('',#8723);
#8723 = CARTESIAN_POINT('',(7.82,-0.37,4.07));
#8724 = LINE('',#8725,#8726);
#8725 = CARTESIAN_POINT('',(7.82,-7.1,4.07));
#8726 = VECTOR('',#8727,1.);
#8727 = DIRECTION('',(1.224646799147E-16,1.,0.));
#8728 = ORIENTED_EDGE('',*,*,#8729,.T.);
#8729 = EDGE_CURVE('',#8722,#8730,#8732,.T.);
#8730 = VERTEX_POINT('',#8731);
#8731 = CARTESIAN_POINT('',(7.82,0.32,3.38));
#8732 = CIRCLE('',#8733,0.69);
#8733 = AXIS2_PLACEMENT_3D('',#8734,#8735,#8736);
#8734 = CARTESIAN_POINT('',(7.82,-0.37,3.38));
#8735 = DIRECTION('',(-1.,1.224646799147E-16,0.));
#8736 = DIRECTION('',(0.,0.,1.));
#8737 = ORIENTED_EDGE('',*,*,#8738,.T.);
#8738 = EDGE_CURVE('',#8730,#8739,#8741,.T.);
#8739 = VERTEX_POINT('',#8740);
#8740 = CARTESIAN_POINT('',(7.82,0.32,-0.9));
#8741 = LINE('',#8742,#8743);
#8742 = CARTESIAN_POINT('',(7.82,0.32,4.07));
#8743 = VECTOR('',#8744,1.);
#8744 = DIRECTION('',(-0.,0.,-1.));
#8745 = ORIENTED_EDGE('',*,*,#8746,.T.);
#8746 = EDGE_CURVE('',#8739,#8747,#8749,.T.);
#8747 = VERTEX_POINT('',#8748);
#8748 = CARTESIAN_POINT('',(7.82,2.E-02,-1.5));
#8749 = LINE('',#8750,#8751);
#8750 = CARTESIAN_POINT('',(7.82,0.32,-0.9));
#8751 = VECTOR('',#8752,1.);
#8752 = DIRECTION('',(-5.476786982641E-17,-0.4472135955,-0.894427191));
#8753 = ORIENTED_EDGE('',*,*,#8754,.T.);
#8754 = EDGE_CURVE('',#8747,#8755,#8757,.T.);
#8755 = VERTEX_POINT('',#8756);
#8756 = CARTESIAN_POINT('',(7.82,0.288421052632,-3.2));
#8757 = LINE('',#8758,#8759);
#8758 = CARTESIAN_POINT('',(7.82,2.E-02,-1.5));
#8759 = VECTOR('',#8760,1.);
#8760 = DIRECTION('',(1.909990663905E-17,0.155962573473,-0.987762965329)
  );
#8761 = ORIENTED_EDGE('',*,*,#8762,.T.);
#8762 = EDGE_CURVE('',#8755,#8763,#8765,.T.);
#8763 = VERTEX_POINT('',#8764);
#8764 = CARTESIAN_POINT('',(7.82,-0.351578947368,-3.2));
#8765 = LINE('',#8766,#8767);
#8766 = CARTESIAN_POINT('',(7.82,0.32,-3.2));
#8767 = VECTOR('',#8768,1.);
#8768 = DIRECTION('',(-1.224646799147E-16,-1.,0.));
#8769 = ORIENTED_EDGE('',*,*,#8770,.T.);
#8770 = EDGE_CURVE('',#8763,#8771,#8773,.T.);
#8771 = VERTEX_POINT('',#8772);
#8772 = CARTESIAN_POINT('',(7.82,-0.62,-1.5));
#8773 = LINE('',#8774,#8775);
#8774 = CARTESIAN_POINT('',(7.82,-0.32,-3.4));
#8775 = VECTOR('',#8776,1.);
#8776 = DIRECTION('',(-1.909990663905E-17,-0.155962573473,0.987762965329
    ));
#8777 = ORIENTED_EDGE('',*,*,#8778,.T.);
#8778 = EDGE_CURVE('',#8771,#8779,#8781,.T.);
#8779 = VERTEX_POINT('',#8780);
#8780 = CARTESIAN_POINT('',(7.82,-0.32,-0.9));
#8781 = LINE('',#8782,#8783);
#8782 = CARTESIAN_POINT('',(7.82,-0.62,-1.5));
#8783 = VECTOR('',#8784,1.);
#8784 = DIRECTION('',(5.476786982641E-17,0.4472135955,0.894427191));
#8785 = ORIENTED_EDGE('',*,*,#8786,.T.);
#8786 = EDGE_CURVE('',#8779,#8787,#8789,.T.);
#8787 = VERTEX_POINT('',#8788);
#8788 = CARTESIAN_POINT('',(7.82,-0.32,3.38));
#8789 = LINE('',#8790,#8791);
#8790 = CARTESIAN_POINT('',(7.82,-0.32,-0.9));
#8791 = VECTOR('',#8792,1.);
#8792 = DIRECTION('',(0.,0.,1.));
#8793 = ORIENTED_EDGE('',*,*,#8794,.F.);
#8794 = EDGE_CURVE('',#8795,#8787,#8797,.T.);
#8795 = VERTEX_POINT('',#8796);
#8796 = CARTESIAN_POINT('',(7.82,-0.37,3.43));
#8797 = CIRCLE('',#8798,5.E-02);
#8798 = AXIS2_PLACEMENT_3D('',#8799,#8800,#8801);
#8799 = CARTESIAN_POINT('',(7.82,-0.37,3.38));
#8800 = DIRECTION('',(-1.,1.224646799147E-16,0.));
#8801 = DIRECTION('',(0.,0.,1.));
#8802 = ORIENTED_EDGE('',*,*,#8803,.T.);
#8803 = EDGE_CURVE('',#8795,#7341,#8804,.T.);
#8804 = LINE('',#8805,#8806);
#8805 = CARTESIAN_POINT('',(7.82,-0.32,3.43));
#8806 = VECTOR('',#8807,1.);
#8807 = DIRECTION('',(-1.224646799147E-16,-1.,0.));
#8808 = PLANE('',#8809);
#8809 = AXIS2_PLACEMENT_3D('',#8810,#8811,#8812);
#8810 = CARTESIAN_POINT('',(7.82,-1.8494320772,1.868561531914));
#8811 = DIRECTION('',(-1.,1.224646799147E-16,0.));
#8812 = DIRECTION('',(0.,0.,1.));
#8813 = ADVANCED_FACE('',(#8814),#8832,.F.);
#8814 = FACE_BOUND('',#8815,.F.);
#8815 = EDGE_LOOP('',(#8816,#8817,#8818,#8826));
#8816 = ORIENTED_EDGE('',*,*,#8721,.F.);
#8817 = ORIENTED_EDGE('',*,*,#7364,.F.);
#8818 = ORIENTED_EDGE('',*,*,#8819,.T.);
#8819 = EDGE_CURVE('',#7357,#8820,#8822,.T.);
#8820 = VERTEX_POINT('',#8821);
#8821 = CARTESIAN_POINT('',(7.18,-0.37,4.07));
#8822 = LINE('',#8823,#8824);
#8823 = CARTESIAN_POINT('',(7.18,-7.1,4.07));
#8824 = VECTOR('',#8825,1.);
#8825 = DIRECTION('',(1.224646799147E-16,1.,0.));
#8826 = ORIENTED_EDGE('',*,*,#8827,.F.);
#8827 = EDGE_CURVE('',#8722,#8820,#8828,.T.);
#8828 = LINE('',#8829,#8830);
#8829 = CARTESIAN_POINT('',(7.82,-0.37,4.07));
#8830 = VECTOR('',#8831,1.);
#8831 = DIRECTION('',(-1.,1.224646799147E-16,0.));
#8832 = PLANE('',#8833);
#8833 = AXIS2_PLACEMENT_3D('',#8834,#8835,#8836);
#8834 = CARTESIAN_POINT('',(7.82,-7.1,4.07));
#8835 = DIRECTION('',(-0.,0.,-1.));
#8836 = DIRECTION('',(1.224646799147E-16,1.,0.));
#8837 = ADVANCED_FACE('',(#8838),#8922,.T.);
#8838 = FACE_BOUND('',#8839,.T.);
#8839 = EDGE_LOOP('',(#8840,#8841,#8842,#8851,#8859,#8867,#8875,#8883,
    #8891,#8899,#8907,#8916));
#8840 = ORIENTED_EDGE('',*,*,#7356,.F.);
#8841 = ORIENTED_EDGE('',*,*,#8819,.T.);
#8842 = ORIENTED_EDGE('',*,*,#8843,.T.);
#8843 = EDGE_CURVE('',#8820,#8844,#8846,.T.);
#8844 = VERTEX_POINT('',#8845);
#8845 = CARTESIAN_POINT('',(7.18,0.32,3.38));
#8846 = CIRCLE('',#8847,0.69);
#8847 = AXIS2_PLACEMENT_3D('',#8848,#8849,#8850);
#8848 = CARTESIAN_POINT('',(7.18,-0.37,3.38));
#8849 = DIRECTION('',(-1.,1.224646799147E-16,0.));
#8850 = DIRECTION('',(0.,0.,1.));
#8851 = ORIENTED_EDGE('',*,*,#8852,.T.);
#8852 = EDGE_CURVE('',#8844,#8853,#8855,.T.);
#8853 = VERTEX_POINT('',#8854);
#8854 = CARTESIAN_POINT('',(7.18,0.32,-0.9));
#8855 = LINE('',#8856,#8857);
#8856 = CARTESIAN_POINT('',(7.18,0.32,4.07));
#8857 = VECTOR('',#8858,1.);
#8858 = DIRECTION('',(-0.,0.,-1.));
#8859 = ORIENTED_EDGE('',*,*,#8860,.T.);
#8860 = EDGE_CURVE('',#8853,#8861,#8863,.T.);
#8861 = VERTEX_POINT('',#8862);
#8862 = CARTESIAN_POINT('',(7.18,2.E-02,-1.5));
#8863 = LINE('',#8864,#8865);
#8864 = CARTESIAN_POINT('',(7.18,0.32,-0.9));
#8865 = VECTOR('',#8866,1.);
#8866 = DIRECTION('',(-5.476786982641E-17,-0.4472135955,-0.894427191));
#8867 = ORIENTED_EDGE('',*,*,#8868,.T.);
#8868 = EDGE_CURVE('',#8861,#8869,#8871,.T.);
#8869 = VERTEX_POINT('',#8870);
#8870 = CARTESIAN_POINT('',(7.18,0.288421052632,-3.2));
#8871 = LINE('',#8872,#8873);
#8872 = CARTESIAN_POINT('',(7.18,2.E-02,-1.5));
#8873 = VECTOR('',#8874,1.);
#8874 = DIRECTION('',(1.909990663905E-17,0.155962573473,-0.987762965329)
  );
#8875 = ORIENTED_EDGE('',*,*,#8876,.T.);
#8876 = EDGE_CURVE('',#8869,#8877,#8879,.T.);
#8877 = VERTEX_POINT('',#8878);
#8878 = CARTESIAN_POINT('',(7.18,-0.351578947368,-3.2));
#8879 = LINE('',#8880,#8881);
#8880 = CARTESIAN_POINT('',(7.18,0.32,-3.2));
#8881 = VECTOR('',#8882,1.);
#8882 = DIRECTION('',(-1.224646799147E-16,-1.,0.));
#8883 = ORIENTED_EDGE('',*,*,#8884,.T.);
#8884 = EDGE_CURVE('',#8877,#8885,#8887,.T.);
#8885 = VERTEX_POINT('',#8886);
#8886 = CARTESIAN_POINT('',(7.18,-0.62,-1.5));
#8887 = LINE('',#8888,#8889);
#8888 = CARTESIAN_POINT('',(7.18,-0.32,-3.4));
#8889 = VECTOR('',#8890,1.);
#8890 = DIRECTION('',(-1.909990663905E-17,-0.155962573473,0.987762965329
    ));
#8891 = ORIENTED_EDGE('',*,*,#8892,.T.);
#8892 = EDGE_CURVE('',#8885,#8893,#8895,.T.);
#8893 = VERTEX_POINT('',#8894);
#8894 = CARTESIAN_POINT('',(7.18,-0.32,-0.9));
#8895 = LINE('',#8896,#8897);
#8896 = CARTESIAN_POINT('',(7.18,-0.62,-1.5));
#8897 = VECTOR('',#8898,1.);
#8898 = DIRECTION('',(5.476786982641E-17,0.4472135955,0.894427191));
#8899 = ORIENTED_EDGE('',*,*,#8900,.T.);
#8900 = EDGE_CURVE('',#8893,#8901,#8903,.T.);
#8901 = VERTEX_POINT('',#8902);
#8902 = CARTESIAN_POINT('',(7.18,-0.32,3.38));
#8903 = LINE('',#8904,#8905);
#8904 = CARTESIAN_POINT('',(7.18,-0.32,-0.9));
#8905 = VECTOR('',#8906,1.);
#8906 = DIRECTION('',(0.,0.,1.));
#8907 = ORIENTED_EDGE('',*,*,#8908,.F.);
#8908 = EDGE_CURVE('',#8909,#8901,#8911,.T.);
#8909 = VERTEX_POINT('',#8910);
#8910 = CARTESIAN_POINT('',(7.18,-0.37,3.43));
#8911 = CIRCLE('',#8912,5.E-02);
#8912 = AXIS2_PLACEMENT_3D('',#8913,#8914,#8915);
#8913 = CARTESIAN_POINT('',(7.18,-0.37,3.38));
#8914 = DIRECTION('',(-1.,1.224646799147E-16,0.));
#8915 = DIRECTION('',(0.,0.,1.));
#8916 = ORIENTED_EDGE('',*,*,#8917,.T.);
#8917 = EDGE_CURVE('',#8909,#7349,#8918,.T.);
#8918 = LINE('',#8919,#8920);
#8919 = CARTESIAN_POINT('',(7.18,-0.32,3.43));
#8920 = VECTOR('',#8921,1.);
#8921 = DIRECTION('',(-1.224646799147E-16,-1.,0.));
#8922 = PLANE('',#8923);
#8923 = AXIS2_PLACEMENT_3D('',#8924,#8925,#8926);
#8924 = CARTESIAN_POINT('',(7.18,-1.8494320772,1.868561531914));
#8925 = DIRECTION('',(-1.,1.224646799147E-16,0.));
#8926 = DIRECTION('',(0.,0.,1.));
#8927 = ADVANCED_FACE('',(#8928),#8939,.F.);
#8928 = FACE_BOUND('',#8929,.F.);
#8929 = EDGE_LOOP('',(#8930,#8931,#8937,#8938));
#8930 = ORIENTED_EDGE('',*,*,#8803,.F.);
#8931 = ORIENTED_EDGE('',*,*,#8932,.T.);
#8932 = EDGE_CURVE('',#8795,#8909,#8933,.T.);
#8933 = LINE('',#8934,#8935);
#8934 = CARTESIAN_POINT('',(7.82,-0.37,3.43));
#8935 = VECTOR('',#8936,1.);
#8936 = DIRECTION('',(-1.,1.224646799147E-16,0.));
#8937 = ORIENTED_EDGE('',*,*,#8917,.T.);
#8938 = ORIENTED_EDGE('',*,*,#7348,.F.);
#8939 = PLANE('',#8940);
#8940 = AXIS2_PLACEMENT_3D('',#8941,#8942,#8943);
#8941 = CARTESIAN_POINT('',(7.82,-0.32,3.43));
#8942 = DIRECTION('',(0.,0.,1.));
#8943 = DIRECTION('',(-1.224646799147E-16,-1.,0.));
#8944 = ADVANCED_FACE('',(#8945),#8964,.F.);
#8945 = FACE_BOUND('',#8946,.F.);
#8946 = EDGE_LOOP('',(#8947,#8955,#8962,#8963));
#8947 = ORIENTED_EDGE('',*,*,#8948,.T.);
#8948 = EDGE_CURVE('',#7437,#8949,#8951,.T.);
#8949 = VERTEX_POINT('',#8950);
#8950 = CARTESIAN_POINT('',(9.1,-4.25,4.75));
#8951 = LINE('',#8952,#8953);
#8952 = CARTESIAN_POINT('',(9.95,-4.25,4.75));
#8953 = VECTOR('',#8954,1.);
#8954 = DIRECTION('',(-1.,1.224646799147E-16,0.));
#8955 = ORIENTED_EDGE('',*,*,#8956,.T.);
#8956 = EDGE_CURVE('',#8949,#7859,#8957,.T.);
#8957 = CIRCLE('',#8958,0.5);
#8958 = AXIS2_PLACEMENT_3D('',#8959,#8960,#8961);
#8959 = CARTESIAN_POINT('',(9.1,-4.75,4.75));
#8960 = DIRECTION('',(1.,-1.224646799147E-16,0.));
#8961 = DIRECTION('',(1.359631073446E-32,1.110223024625E-16,1.));
#8962 = ORIENTED_EDGE('',*,*,#7866,.F.);
#8963 = ORIENTED_EDGE('',*,*,#7436,.T.);
#8964 = CYLINDRICAL_SURFACE('',#8965,0.5);
#8965 = AXIS2_PLACEMENT_3D('',#8966,#8967,#8968);
#8966 = CARTESIAN_POINT('',(9.95,-4.75,4.75));
#8967 = DIRECTION('',(1.,-1.224646799147E-16,0.));
#8968 = DIRECTION('',(1.359631073446E-32,1.110223024625E-16,1.));
#8969 = ADVANCED_FACE('',(#8970),#8981,.T.);
#8970 = FACE_BOUND('',#8971,.T.);
#8971 = EDGE_LOOP('',(#8972,#8973,#8974,#8980));
#8972 = ORIENTED_EDGE('',*,*,#7445,.F.);
#8973 = ORIENTED_EDGE('',*,*,#8948,.T.);
#8974 = ORIENTED_EDGE('',*,*,#8975,.T.);
#8975 = EDGE_CURVE('',#8949,#7572,#8976,.T.);
#8976 = LINE('',#8977,#8978);
#8977 = CARTESIAN_POINT('',(9.1,-4.25,2.925));
#8978 = VECTOR('',#8979,1.);
#8979 = DIRECTION('',(-1.359631073447E-32,-1.110223024625E-16,-1.));
#8980 = ORIENTED_EDGE('',*,*,#7571,.F.);
#8981 = PLANE('',#8982);
#8982 = AXIS2_PLACEMENT_3D('',#8983,#8984,#8985);
#8983 = CARTESIAN_POINT('',(9.95,-4.25,4.75));
#8984 = DIRECTION('',(-1.224646799147E-16,-1.,1.110223024625E-16));
#8985 = DIRECTION('',(-1.359631073447E-32,-1.110223024625E-16,-1.));
#8986 = ADVANCED_FACE('',(#8987),#9008,.F.);
#8987 = FACE_BOUND('',#8988,.F.);
#8988 = EDGE_LOOP('',(#8989,#8990,#8991,#8992,#8993,#9001,#9007));
#8989 = ORIENTED_EDGE('',*,*,#7527,.T.);
#8990 = ORIENTED_EDGE('',*,*,#7654,.T.);
#8991 = ORIENTED_EDGE('',*,*,#7688,.T.);
#8992 = ORIENTED_EDGE('',*,*,#7842,.T.);
#8993 = ORIENTED_EDGE('',*,*,#8994,.T.);
#8994 = EDGE_CURVE('',#7843,#8995,#8997,.T.);
#8995 = VERTEX_POINT('',#8996);
#8996 = CARTESIAN_POINT('',(-1.6,-2.45,1.1));
#8997 = LINE('',#8998,#8999);
#8998 = CARTESIAN_POINT('',(-1.6,-2.45,5.25));
#8999 = VECTOR('',#9000,1.);
#9000 = DIRECTION('',(-1.359631073447E-32,-1.110223024625E-16,-1.));
#9001 = ORIENTED_EDGE('',*,*,#9002,.F.);
#9002 = EDGE_CURVE('',#7506,#8995,#9003,.T.);
#9003 = LINE('',#9004,#9005);
#9004 = CARTESIAN_POINT('',(-1.6,-7.6,1.1));
#9005 = VECTOR('',#9006,1.);
#9006 = DIRECTION('',(1.224646799147E-16,1.,-1.110223024625E-16));
#9007 = ORIENTED_EDGE('',*,*,#7513,.F.);
#9008 = PLANE('',#9009);
#9009 = AXIS2_PLACEMENT_3D('',#9010,#9011,#9012);
#9010 = CARTESIAN_POINT('',(-1.6,-7.6,5.25));
#9011 = DIRECTION('',(-1.,1.224646799147E-16,0.));
#9012 = DIRECTION('',(-1.359631073446E-32,-1.110223024625E-16,-1.));
#9013 = ADVANCED_FACE('',(#9014),#9035,.F.);
#9014 = FACE_BOUND('',#9015,.F.);
#9015 = EDGE_LOOP('',(#9016,#9017,#9018,#9026,#9032,#9033,#9034));
#9016 = ORIENTED_EDGE('',*,*,#7579,.T.);
#9017 = ORIENTED_EDGE('',*,*,#7611,.F.);
#9018 = ORIENTED_EDGE('',*,*,#9019,.T.);
#9019 = EDGE_CURVE('',#7602,#9020,#9022,.T.);
#9020 = VERTEX_POINT('',#9021);
#9021 = CARTESIAN_POINT('',(9.1,-2.45,1.1));
#9022 = LINE('',#9023,#9024);
#9023 = CARTESIAN_POINT('',(9.1,-7.6,1.1));
#9024 = VECTOR('',#9025,1.);
#9025 = DIRECTION('',(1.224646799147E-16,1.,-1.110223024625E-16));
#9026 = ORIENTED_EDGE('',*,*,#9027,.T.);
#9027 = EDGE_CURVE('',#9020,#7851,#9028,.T.);
#9028 = LINE('',#9029,#9030);
#9029 = CARTESIAN_POINT('',(9.1,-2.45,1.1));
#9030 = VECTOR('',#9031,1.);
#9031 = DIRECTION('',(1.359631073447E-32,1.110223024625E-16,1.));
#9032 = ORIENTED_EDGE('',*,*,#7858,.F.);
#9033 = ORIENTED_EDGE('',*,*,#8956,.F.);
#9034 = ORIENTED_EDGE('',*,*,#8975,.T.);
#9035 = PLANE('',#9036);
#9036 = AXIS2_PLACEMENT_3D('',#9037,#9038,#9039);
#9037 = CARTESIAN_POINT('',(9.1,-7.6,1.1));
#9038 = DIRECTION('',(1.,-1.224646799147E-16,0.));
#9039 = DIRECTION('',(1.359631073446E-32,1.110223024625E-16,1.));
#9040 = ADVANCED_FACE('',(#9041),#9052,.F.);
#9041 = FACE_BOUND('',#9042,.F.);
#9042 = EDGE_LOOP('',(#9043,#9044,#9050,#9051));
#9043 = ORIENTED_EDGE('',*,*,#9002,.T.);
#9044 = ORIENTED_EDGE('',*,*,#9045,.T.);
#9045 = EDGE_CURVE('',#8995,#9020,#9046,.T.);
#9046 = LINE('',#9047,#9048);
#9047 = CARTESIAN_POINT('',(-1.6,-2.45,1.1));
#9048 = VECTOR('',#9049,1.);
#9049 = DIRECTION('',(1.,-1.224646799147E-16,0.));
#9050 = ORIENTED_EDGE('',*,*,#9019,.F.);
#9051 = ORIENTED_EDGE('',*,*,#7628,.F.);
#9052 = PLANE('',#9053);
#9053 = AXIS2_PLACEMENT_3D('',#9054,#9055,#9056);
#9054 = CARTESIAN_POINT('',(-1.6,-7.6,1.1));
#9055 = DIRECTION('',(-1.359631073447E-32,-1.110223024625E-16,-1.));
#9056 = DIRECTION('',(1.,-1.224646799147E-16,-6.927121900793E-45));
#9057 = ADVANCED_FACE('',(#9058,#9064,#9098,#9132,#9166),#9200,.T.);
#9058 = FACE_BOUND('',#9059,.T.);
#9059 = EDGE_LOOP('',(#9060,#9061,#9062,#9063));
#9060 = ORIENTED_EDGE('',*,*,#7850,.T.);
#9061 = ORIENTED_EDGE('',*,*,#8994,.T.);
#9062 = ORIENTED_EDGE('',*,*,#9045,.T.);
#9063 = ORIENTED_EDGE('',*,*,#9027,.T.);
#9064 = FACE_BOUND('',#9065,.T.);
#9065 = EDGE_LOOP('',(#9066,#9076,#9084,#9092));
#9066 = ORIENTED_EDGE('',*,*,#9067,.T.);
#9067 = EDGE_CURVE('',#9068,#9070,#9072,.T.);
#9068 = VERTEX_POINT('',#9069);
#9069 = CARTESIAN_POINT('',(2.18,-2.45,4.07));
#9070 = VERTEX_POINT('',#9071);
#9071 = CARTESIAN_POINT('',(2.82,-2.45,4.07));
#9072 = LINE('',#9073,#9074);
#9073 = CARTESIAN_POINT('',(3.285,-2.45,4.07));
#9074 = VECTOR('',#9075,1.);
#9075 = DIRECTION('',(1.,-1.224646799147E-16,0.));
#9076 = ORIENTED_EDGE('',*,*,#9077,.T.);
#9077 = EDGE_CURVE('',#9070,#9078,#9080,.T.);
#9078 = VERTEX_POINT('',#9079);
#9079 = CARTESIAN_POINT('',(2.82,-2.45,3.43));
#9080 = LINE('',#9081,#9082);
#9081 = CARTESIAN_POINT('',(2.82,-2.45,2.532491605104));
#9082 = VECTOR('',#9083,1.);
#9083 = DIRECTION('',(-1.359631073447E-32,-1.110223024625E-16,-1.));
#9084 = ORIENTED_EDGE('',*,*,#9085,.T.);
#9085 = EDGE_CURVE('',#9078,#9086,#9088,.T.);
#9086 = VERTEX_POINT('',#9087);
#9087 = CARTESIAN_POINT('',(2.18,-2.45,3.43));
#9088 = LINE('',#9089,#9090);
#9089 = CARTESIAN_POINT('',(3.285,-2.45,3.43));
#9090 = VECTOR('',#9091,1.);
#9091 = DIRECTION('',(-1.,1.224646799147E-16,0.));
#9092 = ORIENTED_EDGE('',*,*,#9093,.F.);
#9093 = EDGE_CURVE('',#9068,#9086,#9094,.T.);
#9094 = LINE('',#9095,#9096);
#9095 = CARTESIAN_POINT('',(2.18,-2.45,2.532491605104));
#9096 = VECTOR('',#9097,1.);
#9097 = DIRECTION('',(-1.359631073447E-32,-1.110223024625E-16,-1.));
#9098 = FACE_BOUND('',#9099,.T.);
#9099 = EDGE_LOOP('',(#9100,#9110,#9118,#9126));
#9100 = ORIENTED_EDGE('',*,*,#9101,.T.);
#9101 = EDGE_CURVE('',#9102,#9104,#9106,.T.);
#9102 = VERTEX_POINT('',#9103);
#9103 = CARTESIAN_POINT('',(7.82,-2.45,4.07));
#9104 = VERTEX_POINT('',#9105);
#9105 = CARTESIAN_POINT('',(7.82,-2.45,3.43));
#9106 = LINE('',#9107,#9108);
#9107 = CARTESIAN_POINT('',(7.82,-2.45,2.521780765957));
#9108 = VECTOR('',#9109,1.);
#9109 = DIRECTION('',(-1.359631073447E-32,-1.110223024625E-16,-1.));
#9110 = ORIENTED_EDGE('',*,*,#9111,.T.);
#9111 = EDGE_CURVE('',#9104,#9112,#9114,.T.);
#9112 = VERTEX_POINT('',#9113);
#9113 = CARTESIAN_POINT('',(7.18,-2.45,3.43));
#9114 = LINE('',#9115,#9116);
#9115 = CARTESIAN_POINT('',(5.785,-2.45,3.43));
#9116 = VECTOR('',#9117,1.);
#9117 = DIRECTION('',(-1.,1.224646799147E-16,0.));
#9118 = ORIENTED_EDGE('',*,*,#9119,.F.);
#9119 = EDGE_CURVE('',#9120,#9112,#9122,.T.);
#9120 = VERTEX_POINT('',#9121);
#9121 = CARTESIAN_POINT('',(7.18,-2.45,4.07));
#9122 = LINE('',#9123,#9124);
#9123 = CARTESIAN_POINT('',(7.18,-2.45,2.521780765957));
#9124 = VECTOR('',#9125,1.);
#9125 = DIRECTION('',(-1.359631073447E-32,-1.110223024625E-16,-1.));
#9126 = ORIENTED_EDGE('',*,*,#9127,.T.);
#9127 = EDGE_CURVE('',#9120,#9102,#9128,.T.);
#9128 = LINE('',#9129,#9130);
#9129 = CARTESIAN_POINT('',(5.785,-2.45,4.07));
#9130 = VECTOR('',#9131,1.);
#9131 = DIRECTION('',(1.,-1.224646799147E-16,0.));
#9132 = FACE_BOUND('',#9133,.T.);
#9133 = EDGE_LOOP('',(#9134,#9144,#9152,#9160));
#9134 = ORIENTED_EDGE('',*,*,#9135,.T.);
#9135 = EDGE_CURVE('',#9136,#9138,#9140,.T.);
#9136 = VERTEX_POINT('',#9137);
#9137 = CARTESIAN_POINT('',(4.68,-2.45,4.07));
#9138 = VERTEX_POINT('',#9139);
#9139 = CARTESIAN_POINT('',(5.32,-2.45,4.07));
#9140 = LINE('',#9141,#9142);
#9141 = CARTESIAN_POINT('',(4.535,-2.45,4.07));
#9142 = VECTOR('',#9143,1.);
#9143 = DIRECTION('',(1.,-1.224646799147E-16,0.));
#9144 = ORIENTED_EDGE('',*,*,#9145,.T.);
#9145 = EDGE_CURVE('',#9138,#9146,#9148,.T.);
#9146 = VERTEX_POINT('',#9147);
#9147 = CARTESIAN_POINT('',(5.32,-2.45,3.43));
#9148 = LINE('',#9149,#9150);
#9149 = CARTESIAN_POINT('',(5.32,-2.45,2.532491605104));
#9150 = VECTOR('',#9151,1.);
#9151 = DIRECTION('',(-1.359631073447E-32,-1.110223024625E-16,-1.));
#9152 = ORIENTED_EDGE('',*,*,#9153,.T.);
#9153 = EDGE_CURVE('',#9146,#9154,#9156,.T.);
#9154 = VERTEX_POINT('',#9155);
#9155 = CARTESIAN_POINT('',(4.68,-2.45,3.43));
#9156 = LINE('',#9157,#9158);
#9157 = CARTESIAN_POINT('',(4.535,-2.45,3.43));
#9158 = VECTOR('',#9159,1.);
#9159 = DIRECTION('',(-1.,1.224646799147E-16,0.));
#9160 = ORIENTED_EDGE('',*,*,#9161,.F.);
#9161 = EDGE_CURVE('',#9136,#9154,#9162,.T.);
#9162 = LINE('',#9163,#9164);
#9163 = CARTESIAN_POINT('',(4.68,-2.45,2.532491605104));
#9164 = VECTOR('',#9165,1.);
#9165 = DIRECTION('',(-1.359631073447E-32,-1.110223024625E-16,-1.));
#9166 = FACE_BOUND('',#9167,.T.);
#9167 = EDGE_LOOP('',(#9168,#9178,#9186,#9194));
#9168 = ORIENTED_EDGE('',*,*,#9169,.F.);
#9169 = EDGE_CURVE('',#9170,#9172,#9174,.T.);
#9170 = VERTEX_POINT('',#9171);
#9171 = CARTESIAN_POINT('',(-0.32,-2.45,4.07));
#9172 = VERTEX_POINT('',#9173);
#9173 = CARTESIAN_POINT('',(-0.32,-2.45,3.43));
#9174 = LINE('',#9175,#9176);
#9175 = CARTESIAN_POINT('',(-0.32,-2.45,2.521780765957));
#9176 = VECTOR('',#9177,1.);
#9177 = DIRECTION('',(-1.359631073447E-32,-1.110223024625E-16,-1.));
#9178 = ORIENTED_EDGE('',*,*,#9179,.T.);
#9179 = EDGE_CURVE('',#9170,#9180,#9182,.T.);
#9180 = VERTEX_POINT('',#9181);
#9181 = CARTESIAN_POINT('',(0.32,-2.45,4.07));
#9182 = LINE('',#9183,#9184);
#9183 = CARTESIAN_POINT('',(2.035,-2.45,4.07));
#9184 = VECTOR('',#9185,1.);
#9185 = DIRECTION('',(1.,-1.224646799147E-16,0.));
#9186 = ORIENTED_EDGE('',*,*,#9187,.T.);
#9187 = EDGE_CURVE('',#9180,#9188,#9190,.T.);
#9188 = VERTEX_POINT('',#9189);
#9189 = CARTESIAN_POINT('',(0.32,-2.45,3.43));
#9190 = LINE('',#9191,#9192);
#9191 = CARTESIAN_POINT('',(0.32,-2.45,2.521780765957));
#9192 = VECTOR('',#9193,1.);
#9193 = DIRECTION('',(-1.359631073447E-32,-1.110223024625E-16,-1.));
#9194 = ORIENTED_EDGE('',*,*,#9195,.T.);
#9195 = EDGE_CURVE('',#9188,#9172,#9196,.T.);
#9196 = LINE('',#9197,#9198);
#9197 = CARTESIAN_POINT('',(2.035,-2.45,3.43));
#9198 = VECTOR('',#9199,1.);
#9199 = DIRECTION('',(-1.,1.224646799147E-16,0.));
#9200 = PLANE('',#9201);
#9201 = AXIS2_PLACEMENT_3D('',#9202,#9203,#9204);
#9202 = CARTESIAN_POINT('',(3.75,-2.45,3.175));
#9203 = DIRECTION('',(-1.224646799147E-16,-1.,1.110223024625E-16));
#9204 = DIRECTION('',(-1.,1.224646799147E-16,0.));
#9205 = ADVANCED_FACE('',(#9206),#9217,.F.);
#9206 = FACE_BOUND('',#9207,.F.);
#9207 = EDGE_LOOP('',(#9208,#9209,#9215,#9216));
#9208 = ORIENTED_EDGE('',*,*,#8359,.T.);
#9209 = ORIENTED_EDGE('',*,*,#9210,.T.);
#9210 = EDGE_CURVE('',#8352,#8231,#9211,.T.);
#9211 = LINE('',#9212,#9213);
#9212 = CARTESIAN_POINT('',(0.32,-0.32,3.38));
#9213 = VECTOR('',#9214,1.);
#9214 = DIRECTION('',(-1.,1.224646799147E-16,0.));
#9215 = ORIENTED_EDGE('',*,*,#8238,.F.);
#9216 = ORIENTED_EDGE('',*,*,#8269,.F.);
#9217 = CYLINDRICAL_SURFACE('',#9218,5.E-02);
#9218 = AXIS2_PLACEMENT_3D('',#9219,#9220,#9221);
#9219 = CARTESIAN_POINT('',(0.32,-0.37,3.38));
#9220 = DIRECTION('',(-1.,1.224646799147E-16,0.));
#9221 = DIRECTION('',(0.,0.,1.));
#9222 = ADVANCED_FACE('',(#9223),#9234,.F.);
#9223 = FACE_BOUND('',#9224,.F.);
#9224 = EDGE_LOOP('',(#9225,#9226,#9232,#9233));
#9225 = ORIENTED_EDGE('',*,*,#8351,.F.);
#9226 = ORIENTED_EDGE('',*,*,#9227,.T.);
#9227 = EDGE_CURVE('',#8344,#8223,#9228,.T.);
#9228 = LINE('',#9229,#9230);
#9229 = CARTESIAN_POINT('',(0.32,-0.32,-0.9));
#9230 = VECTOR('',#9231,1.);
#9231 = DIRECTION('',(-1.,1.224646799147E-16,0.));
#9232 = ORIENTED_EDGE('',*,*,#8230,.T.);
#9233 = ORIENTED_EDGE('',*,*,#9210,.F.);
#9234 = PLANE('',#9235);
#9235 = AXIS2_PLACEMENT_3D('',#9236,#9237,#9238);
#9236 = CARTESIAN_POINT('',(0.32,-0.32,-0.9));
#9237 = DIRECTION('',(1.224646799147E-16,1.,0.));
#9238 = DIRECTION('',(0.,-0.,1.));
#9239 = ADVANCED_FACE('',(#9240),#9251,.F.);
#9240 = FACE_BOUND('',#9241,.F.);
#9241 = EDGE_LOOP('',(#9242,#9248,#9249,#9250));
#9242 = ORIENTED_EDGE('',*,*,#9243,.T.);
#9243 = EDGE_CURVE('',#8336,#8215,#9244,.T.);
#9244 = LINE('',#9245,#9246);
#9245 = CARTESIAN_POINT('',(0.32,-0.62,-1.5));
#9246 = VECTOR('',#9247,1.);
#9247 = DIRECTION('',(-1.,1.224646799147E-16,0.));
#9248 = ORIENTED_EDGE('',*,*,#8222,.T.);
#9249 = ORIENTED_EDGE('',*,*,#9227,.F.);
#9250 = ORIENTED_EDGE('',*,*,#8343,.F.);
#9251 = PLANE('',#9252);
#9252 = AXIS2_PLACEMENT_3D('',#9253,#9254,#9255);
#9253 = CARTESIAN_POINT('',(0.32,-0.62,-1.5));
#9254 = DIRECTION('',(1.095357396528E-16,0.894427191,-0.4472135955));
#9255 = DIRECTION('',(5.476786982641E-17,0.4472135955,0.894427191));
#9256 = ADVANCED_FACE('',(#9257),#9284,.F.);
#9257 = FACE_BOUND('',#9258,.F.);
#9258 = EDGE_LOOP('',(#9259,#9260,#9268,#9276,#9282,#9283));
#9259 = ORIENTED_EDGE('',*,*,#8335,.F.);
#9260 = ORIENTED_EDGE('',*,*,#9261,.F.);
#9261 = EDGE_CURVE('',#9262,#8328,#9264,.T.);
#9262 = VERTEX_POINT('',#9263);
#9263 = CARTESIAN_POINT('',(0.317552593066,-0.351192514695,
    -3.202447406934));
#9264 = LINE('',#9265,#9266);
#9265 = CARTESIAN_POINT('',(0.193816689466,-0.331655266758,
    -3.326183310534));
#9266 = VECTOR('',#9267,1.);
#9267 = DIRECTION('',(0.702740385383,-0.110959008218,0.702740385383));
#9268 = ORIENTED_EDGE('',*,*,#9269,.T.);
#9269 = EDGE_CURVE('',#9262,#9270,#9272,.T.);
#9270 = VERTEX_POINT('',#9271);
#9271 = CARTESIAN_POINT('',(-0.317552593066,-0.351192514695,
    -3.202447406934));
#9272 = LINE('',#9273,#9274);
#9273 = CARTESIAN_POINT('',(0.32,-0.351192514695,-3.202447406934));
#9274 = VECTOR('',#9275,1.);
#9275 = DIRECTION('',(-1.,1.224646799147E-16,0.));
#9276 = ORIENTED_EDGE('',*,*,#9277,.T.);
#9277 = EDGE_CURVE('',#9270,#8207,#9278,.T.);
#9278 = LINE('',#9279,#9280);
#9279 = CARTESIAN_POINT('',(-3.578659370725E-02,-0.306703146375,
    -3.484213406293));
#9280 = VECTOR('',#9281,1.);
#9281 = DIRECTION('',(-0.702740385383,-0.110959008218,0.702740385383));
#9282 = ORIENTED_EDGE('',*,*,#8214,.T.);
#9283 = ORIENTED_EDGE('',*,*,#9243,.F.);
#9284 = PLANE('',#9285);
#9285 = AXIS2_PLACEMENT_3D('',#9286,#9287,#9288);
#9286 = CARTESIAN_POINT('',(0.32,-0.32,-3.4));
#9287 = DIRECTION('',(1.209660753807E-16,0.987762965329,0.155962573473)
  );
#9288 = DIRECTION('',(-1.909990663905E-17,-0.155962573473,0.987762965329
    ));
#9289 = ADVANCED_FACE('',(#9290),#9324,.F.);
#9290 = FACE_BOUND('',#9291,.T.);
#9291 = EDGE_LOOP('',(#9292,#9302,#9310,#9316,#9317,#9318));
#9292 = ORIENTED_EDGE('',*,*,#9293,.F.);
#9293 = EDGE_CURVE('',#9294,#9296,#9298,.T.);
#9294 = VERTEX_POINT('',#9295);
#9295 = CARTESIAN_POINT('',(-0.12,0.12,-3.4));
#9296 = VERTEX_POINT('',#9297);
#9297 = CARTESIAN_POINT('',(-0.317552593066,0.288807485305,
    -3.202447406934));
#9298 = LINE('',#9299,#9300);
#9299 = CARTESIAN_POINT('',(-0.138643150189,0.135930458076,
    -3.381356849811));
#9300 = VECTOR('',#9301,1.);
#9301 = DIRECTION('',(-0.605209817607,0.517148096144,0.605209817607));
#9302 = ORIENTED_EDGE('',*,*,#9303,.T.);
#9303 = EDGE_CURVE('',#9294,#9304,#9306,.T.);
#9304 = VERTEX_POINT('',#9305);
#9305 = CARTESIAN_POINT('',(-0.12,-0.12,-3.4));
#9306 = LINE('',#9307,#9308);
#9307 = CARTESIAN_POINT('',(-0.12,0.32,-3.4));
#9308 = VECTOR('',#9309,1.);
#9309 = DIRECTION('',(-1.224646799147E-16,-1.,0.));
#9310 = ORIENTED_EDGE('',*,*,#9311,.T.);
#9311 = EDGE_CURVE('',#9304,#9270,#9312,.T.);
#9312 = LINE('',#9313,#9314);
#9313 = CARTESIAN_POINT('',(-4.270986134977E-02,-2.95486359438E-02,
    -3.47729013865));
#9314 = VECTOR('',#9315,1.);
#9315 = DIRECTION('',(-0.544770019249,-0.63753529491,0.544770019249));
#9316 = ORIENTED_EDGE('',*,*,#9277,.T.);
#9317 = ORIENTED_EDGE('',*,*,#8206,.F.);
#9318 = ORIENTED_EDGE('',*,*,#9319,.F.);
#9319 = EDGE_CURVE('',#9296,#8199,#9320,.T.);
#9320 = LINE('',#9321,#9322);
#9321 = CARTESIAN_POINT('',(-0.541586867305,0.253433652531,
    -2.978413132695));
#9322 = VECTOR('',#9323,1.);
#9323 = DIRECTION('',(-0.702740385383,-0.110959008218,0.702740385383));
#9324 = PLANE('',#9325);
#9325 = AXIS2_PLACEMENT_3D('',#9326,#9327,#9328);
#9326 = CARTESIAN_POINT('',(-0.22,0.32,-3.3));
#9327 = DIRECTION('',(0.707106781187,-8.833102285013E-17,0.707106781187)
  );
#9328 = DIRECTION('',(1.236918052038E-16,1.,1.227125289097E-18));
#9329 = ADVANCED_FACE('',(#9330),#9355,.F.);
#9330 = FACE_BOUND('',#9331,.F.);
#9331 = EDGE_LOOP('',(#9332,#9333,#9339,#9340,#9341,#9349));
#9332 = ORIENTED_EDGE('',*,*,#8319,.F.);
#9333 = ORIENTED_EDGE('',*,*,#9334,.T.);
#9334 = EDGE_CURVE('',#8312,#8191,#9335,.T.);
#9335 = LINE('',#9336,#9337);
#9336 = CARTESIAN_POINT('',(0.32,2.E-02,-1.5));
#9337 = VECTOR('',#9338,1.);
#9338 = DIRECTION('',(-1.,1.224646799147E-16,0.));
#9339 = ORIENTED_EDGE('',*,*,#8198,.T.);
#9340 = ORIENTED_EDGE('',*,*,#9319,.F.);
#9341 = ORIENTED_EDGE('',*,*,#9342,.F.);
#9342 = EDGE_CURVE('',#9343,#9296,#9345,.T.);
#9343 = VERTEX_POINT('',#9344);
#9344 = CARTESIAN_POINT('',(0.317552593066,0.288807485305,
    -3.202447406934));
#9345 = LINE('',#9346,#9347);
#9346 = CARTESIAN_POINT('',(0.32,0.288807485305,-3.202447406934));
#9347 = VECTOR('',#9348,1.);
#9348 = DIRECTION('',(-1.,1.224646799147E-16,0.));
#9349 = ORIENTED_EDGE('',*,*,#9350,.T.);
#9350 = EDGE_CURVE('',#9343,#8320,#9351,.T.);
#9351 = LINE('',#9352,#9353);
#9352 = CARTESIAN_POINT('',(0.699616963064,0.228481532148,
    -2.820383036936));
#9353 = VECTOR('',#9354,1.);
#9354 = DIRECTION('',(0.702740385383,-0.110959008218,0.702740385383));
#9355 = PLANE('',#9356);
#9356 = AXIS2_PLACEMENT_3D('',#9357,#9358,#9359);
#9357 = CARTESIAN_POINT('',(0.32,2.E-02,-1.5));
#9358 = DIRECTION('',(-1.209660753807E-16,-0.987762965329,
    -0.155962573473));
#9359 = DIRECTION('',(1.909990663905E-17,0.155962573473,-0.987762965329)
  );
#9360 = ADVANCED_FACE('',(#9361),#9372,.F.);
#9361 = FACE_BOUND('',#9362,.F.);
#9362 = EDGE_LOOP('',(#9363,#9369,#9370,#9371));
#9363 = ORIENTED_EDGE('',*,*,#9364,.T.);
#9364 = EDGE_CURVE('',#8304,#8183,#9365,.T.);
#9365 = LINE('',#9366,#9367);
#9366 = CARTESIAN_POINT('',(0.32,0.32,-0.9));
#9367 = VECTOR('',#9368,1.);
#9368 = DIRECTION('',(-1.,1.224646799147E-16,0.));
#9369 = ORIENTED_EDGE('',*,*,#8190,.T.);
#9370 = ORIENTED_EDGE('',*,*,#9334,.F.);
#9371 = ORIENTED_EDGE('',*,*,#8311,.F.);
#9372 = PLANE('',#9373);
#9373 = AXIS2_PLACEMENT_3D('',#9374,#9375,#9376);
#9374 = CARTESIAN_POINT('',(0.32,0.32,-0.9));
#9375 = DIRECTION('',(-1.095357396528E-16,-0.894427191,0.4472135955));
#9376 = DIRECTION('',(-5.476786982641E-17,-0.4472135955,-0.894427191));
#9377 = ADVANCED_FACE('',(#9378),#9389,.F.);
#9378 = FACE_BOUND('',#9379,.F.);
#9379 = EDGE_LOOP('',(#9380,#9381,#9387,#9388));
#9380 = ORIENTED_EDGE('',*,*,#8303,.F.);
#9381 = ORIENTED_EDGE('',*,*,#9382,.T.);
#9382 = EDGE_CURVE('',#8295,#8174,#9383,.T.);
#9383 = LINE('',#9384,#9385);
#9384 = CARTESIAN_POINT('',(0.32,0.32,3.38));
#9385 = VECTOR('',#9386,1.);
#9386 = DIRECTION('',(-1.,1.224646799147E-16,0.));
#9387 = ORIENTED_EDGE('',*,*,#8182,.T.);
#9388 = ORIENTED_EDGE('',*,*,#9364,.F.);
#9389 = PLANE('',#9390);
#9390 = AXIS2_PLACEMENT_3D('',#9391,#9392,#9393);
#9391 = CARTESIAN_POINT('',(0.32,0.32,4.07));
#9392 = DIRECTION('',(-1.224646799147E-16,-1.,0.));
#9393 = DIRECTION('',(-0.,0.,-1.));
#9394 = ADVANCED_FACE('',(#9395),#9401,.T.);
#9395 = FACE_BOUND('',#9396,.T.);
#9396 = EDGE_LOOP('',(#9397,#9398,#9399,#9400));
#9397 = ORIENTED_EDGE('',*,*,#8294,.T.);
#9398 = ORIENTED_EDGE('',*,*,#9382,.T.);
#9399 = ORIENTED_EDGE('',*,*,#8173,.F.);
#9400 = ORIENTED_EDGE('',*,*,#8378,.F.);
#9401 = CYLINDRICAL_SURFACE('',#9402,0.69);
#9402 = AXIS2_PLACEMENT_3D('',#9403,#9404,#9405);
#9403 = CARTESIAN_POINT('',(0.32,-0.37,3.38));
#9404 = DIRECTION('',(-1.,1.224646799147E-16,0.));
#9405 = DIRECTION('',(0.,0.,1.));
#9406 = ADVANCED_FACE('',(#9407),#9434,.T.);
#9407 = FACE_BOUND('',#9408,.F.);
#9408 = EDGE_LOOP('',(#9409,#9417,#9425,#9431,#9432,#9433));
#9409 = ORIENTED_EDGE('',*,*,#9410,.F.);
#9410 = EDGE_CURVE('',#9411,#9343,#9413,.T.);
#9411 = VERTEX_POINT('',#9412);
#9412 = CARTESIAN_POINT('',(0.12,0.12,-3.4));
#9413 = LINE('',#9414,#9415);
#9414 = CARTESIAN_POINT('',(0.255852405654,0.236085051658,
    -3.264147594346));
#9415 = VECTOR('',#9416,1.);
#9416 = DIRECTION('',(0.605209817607,0.517148096144,0.605209817607));
#9417 = ORIENTED_EDGE('',*,*,#9418,.T.);
#9418 = EDGE_CURVE('',#9411,#9419,#9421,.T.);
#9419 = VERTEX_POINT('',#9420);
#9420 = CARTESIAN_POINT('',(0.12,-0.12,-3.4));
#9421 = LINE('',#9422,#9423);
#9422 = CARTESIAN_POINT('',(0.12,0.32,-3.4));
#9423 = VECTOR('',#9424,1.);
#9424 = DIRECTION('',(-1.224646799147E-16,-1.,0.));
#9425 = ORIENTED_EDGE('',*,*,#9426,.T.);
#9426 = EDGE_CURVE('',#9419,#9262,#9427,.T.);
#9427 = LINE('',#9428,#9429);
#9428 = CARTESIAN_POINT('',(0.137677660989,-0.140687872705,
    -3.382322339011));
#9429 = VECTOR('',#9430,1.);
#9430 = DIRECTION('',(0.544770019249,-0.63753529491,0.544770019249));
#9431 = ORIENTED_EDGE('',*,*,#9261,.T.);
#9432 = ORIENTED_EDGE('',*,*,#8327,.F.);
#9433 = ORIENTED_EDGE('',*,*,#9350,.F.);
#9434 = PLANE('',#9435);
#9435 = AXIS2_PLACEMENT_3D('',#9436,#9437,#9438);
#9436 = CARTESIAN_POINT('',(0.22,0.32,-3.3));
#9437 = DIRECTION('',(0.707106781187,-8.486018839685E-17,-0.707106781187
    ));
#9438 = DIRECTION('',(1.212375546256E-16,1.,1.227125289196E-18));
#9439 = ADVANCED_FACE('',(#9440),#9451,.T.);
#9440 = FACE_BOUND('',#9441,.T.);
#9441 = EDGE_LOOP('',(#9442,#9443,#9449,#9450));
#9442 = ORIENTED_EDGE('',*,*,#8507,.T.);
#9443 = ORIENTED_EDGE('',*,*,#9444,.T.);
#9444 = EDGE_CURVE('',#8508,#8426,#9445,.T.);
#9445 = LINE('',#9446,#9447);
#9446 = CARTESIAN_POINT('',(2.82,0.32,3.38));
#9447 = VECTOR('',#9448,1.);
#9448 = DIRECTION('',(-1.,1.224646799147E-16,0.));
#9449 = ORIENTED_EDGE('',*,*,#8425,.F.);
#9450 = ORIENTED_EDGE('',*,*,#8409,.F.);
#9451 = CYLINDRICAL_SURFACE('',#9452,0.69);
#9452 = AXIS2_PLACEMENT_3D('',#9453,#9454,#9455);
#9453 = CARTESIAN_POINT('',(2.82,-0.37,3.38));
#9454 = DIRECTION('',(-1.,1.224646799147E-16,0.));
#9455 = DIRECTION('',(0.,0.,1.));
#9456 = ADVANCED_FACE('',(#9457),#9468,.F.);
#9457 = FACE_BOUND('',#9458,.F.);
#9458 = EDGE_LOOP('',(#9459,#9460,#9466,#9467));
#9459 = ORIENTED_EDGE('',*,*,#8540,.T.);
#9460 = ORIENTED_EDGE('',*,*,#9461,.T.);
#9461 = EDGE_CURVE('',#8533,#8451,#9462,.T.);
#9462 = LINE('',#9463,#9464);
#9463 = CARTESIAN_POINT('',(2.82,-0.32,3.38));
#9464 = VECTOR('',#9465,1.);
#9465 = DIRECTION('',(-1.,1.224646799147E-16,0.));
#9466 = ORIENTED_EDGE('',*,*,#8458,.F.);
#9467 = ORIENTED_EDGE('',*,*,#8489,.F.);
#9468 = CYLINDRICAL_SURFACE('',#9469,5.E-02);
#9469 = AXIS2_PLACEMENT_3D('',#9470,#9471,#9472);
#9470 = CARTESIAN_POINT('',(2.82,-0.37,3.38));
#9471 = DIRECTION('',(-1.,1.224646799147E-16,0.));
#9472 = DIRECTION('',(0.,0.,1.));
#9473 = ADVANCED_FACE('',(#9474),#9485,.F.);
#9474 = FACE_BOUND('',#9475,.F.);
#9475 = EDGE_LOOP('',(#9476,#9477,#9483,#9484));
#9476 = ORIENTED_EDGE('',*,*,#8532,.F.);
#9477 = ORIENTED_EDGE('',*,*,#9478,.T.);
#9478 = EDGE_CURVE('',#8525,#8443,#9479,.T.);
#9479 = LINE('',#9480,#9481);
#9480 = CARTESIAN_POINT('',(2.82,-0.32,-3.2));
#9481 = VECTOR('',#9482,1.);
#9482 = DIRECTION('',(-1.,1.224646799147E-16,0.));
#9483 = ORIENTED_EDGE('',*,*,#8450,.T.);
#9484 = ORIENTED_EDGE('',*,*,#9461,.F.);
#9485 = PLANE('',#9486);
#9486 = AXIS2_PLACEMENT_3D('',#9487,#9488,#9489);
#9487 = CARTESIAN_POINT('',(2.82,-0.32,-3.4));
#9488 = DIRECTION('',(1.224646799147E-16,1.,0.));
#9489 = DIRECTION('',(0.,-0.,1.));
#9490 = ADVANCED_FACE('',(#9491),#9516,.F.);
#9491 = FACE_BOUND('',#9492,.T.);
#9492 = EDGE_LOOP('',(#9493,#9501,#9509,#9515));
#9493 = ORIENTED_EDGE('',*,*,#9494,.F.);
#9494 = EDGE_CURVE('',#9495,#8435,#9497,.T.);
#9495 = VERTEX_POINT('',#9496);
#9496 = CARTESIAN_POINT('',(2.38,0.12,-3.4));
#9497 = LINE('',#9498,#9499);
#9498 = CARTESIAN_POINT('',(2.353333333333,0.146666666667,
    -3.373333333333));
#9499 = VECTOR('',#9500,1.);
#9500 = DIRECTION('',(-0.57735026919,0.57735026919,0.57735026919));
#9501 = ORIENTED_EDGE('',*,*,#9502,.T.);
#9502 = EDGE_CURVE('',#9495,#9503,#9505,.T.);
#9503 = VERTEX_POINT('',#9504);
#9504 = CARTESIAN_POINT('',(2.38,-0.12,-3.4));
#9505 = LINE('',#9506,#9507);
#9506 = CARTESIAN_POINT('',(2.38,0.32,-3.4));
#9507 = VECTOR('',#9508,1.);
#9508 = DIRECTION('',(-1.224646799147E-16,-1.,0.));
#9509 = ORIENTED_EDGE('',*,*,#9510,.T.);
#9510 = EDGE_CURVE('',#9503,#8443,#9511,.T.);
#9511 = LINE('',#9512,#9513);
#9512 = CARTESIAN_POINT('',(2.46,-4.E-02,-3.48));
#9513 = VECTOR('',#9514,1.);
#9514 = DIRECTION('',(-0.57735026919,-0.57735026919,0.57735026919));
#9515 = ORIENTED_EDGE('',*,*,#8442,.F.);
#9516 = PLANE('',#9517);
#9517 = AXIS2_PLACEMENT_3D('',#9518,#9519,#9520);
#9518 = CARTESIAN_POINT('',(2.28,0.32,-3.3));
#9519 = DIRECTION('',(0.707106781187,-8.833102285013E-17,0.707106781187)
  );
#9520 = DIRECTION('',(1.236918052038E-16,1.,1.227125289097E-18));
#9521 = ADVANCED_FACE('',(#9522),#9533,.F.);
#9522 = FACE_BOUND('',#9523,.F.);
#9523 = EDGE_LOOP('',(#9524,#9525,#9526,#9527));
#9524 = ORIENTED_EDGE('',*,*,#8516,.F.);
#9525 = ORIENTED_EDGE('',*,*,#9444,.T.);
#9526 = ORIENTED_EDGE('',*,*,#8434,.T.);
#9527 = ORIENTED_EDGE('',*,*,#9528,.F.);
#9528 = EDGE_CURVE('',#8517,#8435,#9529,.T.);
#9529 = LINE('',#9530,#9531);
#9530 = CARTESIAN_POINT('',(2.82,0.32,-3.2));
#9531 = VECTOR('',#9532,1.);
#9532 = DIRECTION('',(-1.,1.224646799147E-16,0.));
#9533 = PLANE('',#9534);
#9534 = AXIS2_PLACEMENT_3D('',#9535,#9536,#9537);
#9535 = CARTESIAN_POINT('',(2.82,0.32,4.07));
#9536 = DIRECTION('',(-1.224646799147E-16,-1.,3.715605838772E-17));
#9537 = DIRECTION('',(-4.550304797346E-33,-3.715605838772E-17,-1.));
#9538 = ADVANCED_FACE('',(#9539),#9564,.T.);
#9539 = FACE_BOUND('',#9540,.F.);
#9540 = EDGE_LOOP('',(#9541,#9549,#9557,#9563));
#9541 = ORIENTED_EDGE('',*,*,#9542,.F.);
#9542 = EDGE_CURVE('',#9543,#8517,#9545,.T.);
#9543 = VERTEX_POINT('',#9544);
#9544 = CARTESIAN_POINT('',(2.62,0.12,-3.4));
#9545 = LINE('',#9546,#9547);
#9546 = CARTESIAN_POINT('',(2.753333333333,0.253333333333,
    -3.266666666667));
#9547 = VECTOR('',#9548,1.);
#9548 = DIRECTION('',(0.57735026919,0.57735026919,0.57735026919));
#9549 = ORIENTED_EDGE('',*,*,#9550,.T.);
#9550 = EDGE_CURVE('',#9543,#9551,#9553,.T.);
#9551 = VERTEX_POINT('',#9552);
#9552 = CARTESIAN_POINT('',(2.62,-0.12,-3.4));
#9553 = LINE('',#9554,#9555);
#9554 = CARTESIAN_POINT('',(2.62,0.32,-3.4));
#9555 = VECTOR('',#9556,1.);
#9556 = DIRECTION('',(-1.224646799147E-16,-1.,0.));
#9557 = ORIENTED_EDGE('',*,*,#9558,.T.);
#9558 = EDGE_CURVE('',#9551,#8525,#9559,.T.);
#9559 = LINE('',#9560,#9561);
#9560 = CARTESIAN_POINT('',(2.646666666667,-0.146666666667,
    -3.373333333333));
#9561 = VECTOR('',#9562,1.);
#9562 = DIRECTION('',(0.57735026919,-0.57735026919,0.57735026919));
#9563 = ORIENTED_EDGE('',*,*,#8524,.F.);
#9564 = PLANE('',#9565);
#9565 = AXIS2_PLACEMENT_3D('',#9566,#9567,#9568);
#9566 = CARTESIAN_POINT('',(2.72,0.32,-3.3));
#9567 = DIRECTION('',(0.707106781187,-8.486018839685E-17,-0.707106781187
    ));
#9568 = DIRECTION('',(1.212375546256E-16,1.,1.227125289196E-18));
#9569 = ADVANCED_FACE('',(#9570),#9581,.T.);
#9570 = FACE_BOUND('',#9571,.T.);
#9571 = EDGE_LOOP('',(#9572,#9573,#9579,#9580));
#9572 = ORIENTED_EDGE('',*,*,#8671,.T.);
#9573 = ORIENTED_EDGE('',*,*,#9574,.T.);
#9574 = EDGE_CURVE('',#8672,#8590,#9575,.T.);
#9575 = LINE('',#9576,#9577);
#9576 = CARTESIAN_POINT('',(5.32,0.32,3.38));
#9577 = VECTOR('',#9578,1.);
#9578 = DIRECTION('',(-1.,1.224646799147E-16,0.));
#9579 = ORIENTED_EDGE('',*,*,#8589,.F.);
#9580 = ORIENTED_EDGE('',*,*,#8573,.F.);
#9581 = CYLINDRICAL_SURFACE('',#9582,0.69);
#9582 = AXIS2_PLACEMENT_3D('',#9583,#9584,#9585);
#9583 = CARTESIAN_POINT('',(5.32,-0.37,3.38));
#9584 = DIRECTION('',(-1.,1.224646799147E-16,0.));
#9585 = DIRECTION('',(0.,0.,1.));
#9586 = ADVANCED_FACE('',(#9587),#9598,.F.);
#9587 = FACE_BOUND('',#9588,.F.);
#9588 = EDGE_LOOP('',(#9589,#9590,#9596,#9597));
#9589 = ORIENTED_EDGE('',*,*,#8704,.T.);
#9590 = ORIENTED_EDGE('',*,*,#9591,.T.);
#9591 = EDGE_CURVE('',#8697,#8615,#9592,.T.);
#9592 = LINE('',#9593,#9594);
#9593 = CARTESIAN_POINT('',(5.32,-0.32,3.38));
#9594 = VECTOR('',#9595,1.);
#9595 = DIRECTION('',(-1.,1.224646799147E-16,0.));
#9596 = ORIENTED_EDGE('',*,*,#8622,.F.);
#9597 = ORIENTED_EDGE('',*,*,#8653,.F.);
#9598 = CYLINDRICAL_SURFACE('',#9599,5.E-02);
#9599 = AXIS2_PLACEMENT_3D('',#9600,#9601,#9602);
#9600 = CARTESIAN_POINT('',(5.32,-0.37,3.38));
#9601 = DIRECTION('',(-1.,1.224646799147E-16,0.));
#9602 = DIRECTION('',(0.,0.,1.));
#9603 = ADVANCED_FACE('',(#9604),#9615,.F.);
#9604 = FACE_BOUND('',#9605,.F.);
#9605 = EDGE_LOOP('',(#9606,#9607,#9613,#9614));
#9606 = ORIENTED_EDGE('',*,*,#8696,.F.);
#9607 = ORIENTED_EDGE('',*,*,#9608,.T.);
#9608 = EDGE_CURVE('',#8689,#8607,#9609,.T.);
#9609 = LINE('',#9610,#9611);
#9610 = CARTESIAN_POINT('',(5.32,-0.32,-3.2));
#9611 = VECTOR('',#9612,1.);
#9612 = DIRECTION('',(-1.,1.224646799147E-16,0.));
#9613 = ORIENTED_EDGE('',*,*,#8614,.T.);
#9614 = ORIENTED_EDGE('',*,*,#9591,.F.);
#9615 = PLANE('',#9616);
#9616 = AXIS2_PLACEMENT_3D('',#9617,#9618,#9619);
#9617 = CARTESIAN_POINT('',(5.32,-0.32,-3.4));
#9618 = DIRECTION('',(1.224646799147E-16,1.,0.));
#9619 = DIRECTION('',(0.,-0.,1.));
#9620 = ADVANCED_FACE('',(#9621),#9646,.F.);
#9621 = FACE_BOUND('',#9622,.T.);
#9622 = EDGE_LOOP('',(#9623,#9631,#9639,#9645));
#9623 = ORIENTED_EDGE('',*,*,#9624,.F.);
#9624 = EDGE_CURVE('',#9625,#8599,#9627,.T.);
#9625 = VERTEX_POINT('',#9626);
#9626 = CARTESIAN_POINT('',(4.88,0.12,-3.4));
#9627 = LINE('',#9628,#9629);
#9628 = CARTESIAN_POINT('',(4.853333333333,0.146666666667,
    -3.373333333333));
#9629 = VECTOR('',#9630,1.);
#9630 = DIRECTION('',(-0.57735026919,0.57735026919,0.57735026919));
#9631 = ORIENTED_EDGE('',*,*,#9632,.T.);
#9632 = EDGE_CURVE('',#9625,#9633,#9635,.T.);
#9633 = VERTEX_POINT('',#9634);
#9634 = CARTESIAN_POINT('',(4.88,-0.12,-3.4));
#9635 = LINE('',#9636,#9637);
#9636 = CARTESIAN_POINT('',(4.88,0.32,-3.4));
#9637 = VECTOR('',#9638,1.);
#9638 = DIRECTION('',(-1.224646799147E-16,-1.,0.));
#9639 = ORIENTED_EDGE('',*,*,#9640,.T.);
#9640 = EDGE_CURVE('',#9633,#8607,#9641,.T.);
#9641 = LINE('',#9642,#9643);
#9642 = CARTESIAN_POINT('',(4.96,-4.E-02,-3.48));
#9643 = VECTOR('',#9644,1.);
#9644 = DIRECTION('',(-0.57735026919,-0.57735026919,0.57735026919));
#9645 = ORIENTED_EDGE('',*,*,#8606,.F.);
#9646 = PLANE('',#9647);
#9647 = AXIS2_PLACEMENT_3D('',#9648,#9649,#9650);
#9648 = CARTESIAN_POINT('',(4.78,0.32,-3.3));
#9649 = DIRECTION('',(0.707106781187,-8.833102285013E-17,0.707106781187)
  );
#9650 = DIRECTION('',(1.236918052038E-16,1.,1.227125289097E-18));
#9651 = ADVANCED_FACE('',(#9652),#9663,.F.);
#9652 = FACE_BOUND('',#9653,.F.);
#9653 = EDGE_LOOP('',(#9654,#9655,#9656,#9657));
#9654 = ORIENTED_EDGE('',*,*,#8680,.F.);
#9655 = ORIENTED_EDGE('',*,*,#9574,.T.);
#9656 = ORIENTED_EDGE('',*,*,#8598,.T.);
#9657 = ORIENTED_EDGE('',*,*,#9658,.F.);
#9658 = EDGE_CURVE('',#8681,#8599,#9659,.T.);
#9659 = LINE('',#9660,#9661);
#9660 = CARTESIAN_POINT('',(5.32,0.32,-3.2));
#9661 = VECTOR('',#9662,1.);
#9662 = DIRECTION('',(-1.,1.224646799147E-16,0.));
#9663 = PLANE('',#9664);
#9664 = AXIS2_PLACEMENT_3D('',#9665,#9666,#9667);
#9665 = CARTESIAN_POINT('',(5.32,0.32,4.07));
#9666 = DIRECTION('',(-1.224646799147E-16,-1.,3.715605838772E-17));
#9667 = DIRECTION('',(-4.550304797346E-33,-3.715605838772E-17,-1.));
#9668 = ADVANCED_FACE('',(#9669),#9694,.T.);
#9669 = FACE_BOUND('',#9670,.F.);
#9670 = EDGE_LOOP('',(#9671,#9679,#9687,#9693));
#9671 = ORIENTED_EDGE('',*,*,#9672,.F.);
#9672 = EDGE_CURVE('',#9673,#8681,#9675,.T.);
#9673 = VERTEX_POINT('',#9674);
#9674 = CARTESIAN_POINT('',(5.12,0.12,-3.4));
#9675 = LINE('',#9676,#9677);
#9676 = CARTESIAN_POINT('',(5.253333333333,0.253333333333,
    -3.266666666667));
#9677 = VECTOR('',#9678,1.);
#9678 = DIRECTION('',(0.57735026919,0.57735026919,0.57735026919));
#9679 = ORIENTED_EDGE('',*,*,#9680,.T.);
#9680 = EDGE_CURVE('',#9673,#9681,#9683,.T.);
#9681 = VERTEX_POINT('',#9682);
#9682 = CARTESIAN_POINT('',(5.12,-0.12,-3.4));
#9683 = LINE('',#9684,#9685);
#9684 = CARTESIAN_POINT('',(5.12,0.32,-3.4));
#9685 = VECTOR('',#9686,1.);
#9686 = DIRECTION('',(-1.224646799147E-16,-1.,0.));
#9687 = ORIENTED_EDGE('',*,*,#9688,.T.);
#9688 = EDGE_CURVE('',#9681,#8689,#9689,.T.);
#9689 = LINE('',#9690,#9691);
#9690 = CARTESIAN_POINT('',(5.146666666667,-0.146666666667,
    -3.373333333333));
#9691 = VECTOR('',#9692,1.);
#9692 = DIRECTION('',(0.57735026919,-0.57735026919,0.57735026919));
#9693 = ORIENTED_EDGE('',*,*,#8688,.F.);
#9694 = PLANE('',#9695);
#9695 = AXIS2_PLACEMENT_3D('',#9696,#9697,#9698);
#9696 = CARTESIAN_POINT('',(5.22,0.32,-3.3));
#9697 = DIRECTION('',(0.707106781187,-8.486018839685E-17,-0.707106781187
    ));
#9698 = DIRECTION('',(1.212375546256E-16,1.,1.227125289196E-18));
#9699 = ADVANCED_FACE('',(#9700),#9711,.F.);
#9700 = FACE_BOUND('',#9701,.F.);
#9701 = EDGE_LOOP('',(#9702,#9703,#9709,#9710));
#9702 = ORIENTED_EDGE('',*,*,#8794,.T.);
#9703 = ORIENTED_EDGE('',*,*,#9704,.T.);
#9704 = EDGE_CURVE('',#8787,#8901,#9705,.T.);
#9705 = LINE('',#9706,#9707);
#9706 = CARTESIAN_POINT('',(7.82,-0.32,3.38));
#9707 = VECTOR('',#9708,1.);
#9708 = DIRECTION('',(-1.,1.224646799147E-16,0.));
#9709 = ORIENTED_EDGE('',*,*,#8908,.F.);
#9710 = ORIENTED_EDGE('',*,*,#8932,.F.);
#9711 = CYLINDRICAL_SURFACE('',#9712,5.E-02);
#9712 = AXIS2_PLACEMENT_3D('',#9713,#9714,#9715);
#9713 = CARTESIAN_POINT('',(7.82,-0.37,3.38));
#9714 = DIRECTION('',(-1.,1.224646799147E-16,0.));
#9715 = DIRECTION('',(0.,0.,1.));
#9716 = ADVANCED_FACE('',(#9717),#9728,.F.);
#9717 = FACE_BOUND('',#9718,.F.);
#9718 = EDGE_LOOP('',(#9719,#9720,#9726,#9727));
#9719 = ORIENTED_EDGE('',*,*,#8786,.F.);
#9720 = ORIENTED_EDGE('',*,*,#9721,.T.);
#9721 = EDGE_CURVE('',#8779,#8893,#9722,.T.);
#9722 = LINE('',#9723,#9724);
#9723 = CARTESIAN_POINT('',(7.82,-0.32,-0.9));
#9724 = VECTOR('',#9725,1.);
#9725 = DIRECTION('',(-1.,1.224646799147E-16,0.));
#9726 = ORIENTED_EDGE('',*,*,#8900,.T.);
#9727 = ORIENTED_EDGE('',*,*,#9704,.F.);
#9728 = PLANE('',#9729);
#9729 = AXIS2_PLACEMENT_3D('',#9730,#9731,#9732);
#9730 = CARTESIAN_POINT('',(7.82,-0.32,-0.9));
#9731 = DIRECTION('',(1.224646799147E-16,1.,0.));
#9732 = DIRECTION('',(0.,-0.,1.));
#9733 = ADVANCED_FACE('',(#9734),#9745,.F.);
#9734 = FACE_BOUND('',#9735,.F.);
#9735 = EDGE_LOOP('',(#9736,#9742,#9743,#9744));
#9736 = ORIENTED_EDGE('',*,*,#9737,.T.);
#9737 = EDGE_CURVE('',#8771,#8885,#9738,.T.);
#9738 = LINE('',#9739,#9740);
#9739 = CARTESIAN_POINT('',(7.82,-0.62,-1.5));
#9740 = VECTOR('',#9741,1.);
#9741 = DIRECTION('',(-1.,1.224646799147E-16,0.));
#9742 = ORIENTED_EDGE('',*,*,#8892,.T.);
#9743 = ORIENTED_EDGE('',*,*,#9721,.F.);
#9744 = ORIENTED_EDGE('',*,*,#8778,.F.);
#9745 = PLANE('',#9746);
#9746 = AXIS2_PLACEMENT_3D('',#9747,#9748,#9749);
#9747 = CARTESIAN_POINT('',(7.82,-0.62,-1.5));
#9748 = DIRECTION('',(1.095357396528E-16,0.894427191,-0.4472135955));
#9749 = DIRECTION('',(5.476786982641E-17,0.4472135955,0.894427191));
#9750 = ADVANCED_FACE('',(#9751),#9778,.F.);
#9751 = FACE_BOUND('',#9752,.F.);
#9752 = EDGE_LOOP('',(#9753,#9754,#9762,#9770,#9776,#9777));
#9753 = ORIENTED_EDGE('',*,*,#8770,.F.);
#9754 = ORIENTED_EDGE('',*,*,#9755,.F.);
#9755 = EDGE_CURVE('',#9756,#8763,#9758,.T.);
#9756 = VERTEX_POINT('',#9757);
#9757 = CARTESIAN_POINT('',(7.817552593066,-0.351192514695,
    -3.202447406934));
#9758 = LINE('',#9759,#9760);
#9759 = CARTESIAN_POINT('',(7.693816689466,-0.331655266758,
    -3.326183310534));
#9760 = VECTOR('',#9761,1.);
#9761 = DIRECTION('',(0.702740385383,-0.110959008218,0.702740385383));
#9762 = ORIENTED_EDGE('',*,*,#9763,.T.);
#9763 = EDGE_CURVE('',#9756,#9764,#9766,.T.);
#9764 = VERTEX_POINT('',#9765);
#9765 = CARTESIAN_POINT('',(7.182447406934,-0.351192514695,
    -3.202447406934));
#9766 = LINE('',#9767,#9768);
#9767 = CARTESIAN_POINT('',(7.82,-0.351192514695,-3.202447406934));
#9768 = VECTOR('',#9769,1.);
#9769 = DIRECTION('',(-1.,1.224646799147E-16,0.));
#9770 = ORIENTED_EDGE('',*,*,#9771,.T.);
#9771 = EDGE_CURVE('',#9764,#8877,#9772,.T.);
#9772 = LINE('',#9773,#9774);
#9773 = CARTESIAN_POINT('',(7.464213406293,-0.306703146375,
    -3.484213406293));
#9774 = VECTOR('',#9775,1.);
#9775 = DIRECTION('',(-0.702740385383,-0.110959008218,0.702740385383));
#9776 = ORIENTED_EDGE('',*,*,#8884,.T.);
#9777 = ORIENTED_EDGE('',*,*,#9737,.F.);
#9778 = PLANE('',#9779);
#9779 = AXIS2_PLACEMENT_3D('',#9780,#9781,#9782);
#9780 = CARTESIAN_POINT('',(7.82,-0.32,-3.4));
#9781 = DIRECTION('',(1.209660753807E-16,0.987762965329,0.155962573473)
  );
#9782 = DIRECTION('',(-1.909990663905E-17,-0.155962573473,0.987762965329
    ));
#9783 = ADVANCED_FACE('',(#9784),#9818,.T.);
#9784 = FACE_BOUND('',#9785,.F.);
#9785 = EDGE_LOOP('',(#9786,#9796,#9804,#9810,#9811,#9812));
#9786 = ORIENTED_EDGE('',*,*,#9787,.F.);
#9787 = EDGE_CURVE('',#9788,#9790,#9792,.T.);
#9788 = VERTEX_POINT('',#9789);
#9789 = CARTESIAN_POINT('',(7.62,0.12,-3.4));
#9790 = VERTEX_POINT('',#9791);
#9791 = CARTESIAN_POINT('',(7.817552593066,0.288807485305,
    -3.202447406934));
#9792 = LINE('',#9793,#9794);
#9793 = CARTESIAN_POINT('',(7.755852405654,0.236085051658,
    -3.264147594346));
#9794 = VECTOR('',#9795,1.);
#9795 = DIRECTION('',(0.605209817607,0.517148096144,0.605209817607));
#9796 = ORIENTED_EDGE('',*,*,#9797,.T.);
#9797 = EDGE_CURVE('',#9788,#9798,#9800,.T.);
#9798 = VERTEX_POINT('',#9799);
#9799 = CARTESIAN_POINT('',(7.62,-0.12,-3.4));
#9800 = LINE('',#9801,#9802);
#9801 = CARTESIAN_POINT('',(7.62,0.32,-3.4));
#9802 = VECTOR('',#9803,1.);
#9803 = DIRECTION('',(-1.224646799147E-16,-1.,0.));
#9804 = ORIENTED_EDGE('',*,*,#9805,.T.);
#9805 = EDGE_CURVE('',#9798,#9756,#9806,.T.);
#9806 = LINE('',#9807,#9808);
#9807 = CARTESIAN_POINT('',(7.637677660989,-0.140687872705,
    -3.382322339011));
#9808 = VECTOR('',#9809,1.);
#9809 = DIRECTION('',(0.544770019249,-0.63753529491,0.544770019249));
#9810 = ORIENTED_EDGE('',*,*,#9755,.T.);
#9811 = ORIENTED_EDGE('',*,*,#8762,.F.);
#9812 = ORIENTED_EDGE('',*,*,#9813,.F.);
#9813 = EDGE_CURVE('',#9790,#8755,#9814,.T.);
#9814 = LINE('',#9815,#9816);
#9815 = CARTESIAN_POINT('',(8.199616963064,0.228481532148,
    -2.820383036936));
#9816 = VECTOR('',#9817,1.);
#9817 = DIRECTION('',(0.702740385383,-0.110959008218,0.702740385383));
#9818 = PLANE('',#9819);
#9819 = AXIS2_PLACEMENT_3D('',#9820,#9821,#9822);
#9820 = CARTESIAN_POINT('',(7.72,0.32,-3.3));
#9821 = DIRECTION('',(0.707106781187,-8.486018839685E-17,-0.707106781187
    ));
#9822 = DIRECTION('',(1.212375546256E-16,1.,1.227125289196E-18));
#9823 = ADVANCED_FACE('',(#9824),#9849,.F.);
#9824 = FACE_BOUND('',#9825,.F.);
#9825 = EDGE_LOOP('',(#9826,#9827,#9833,#9834,#9842,#9848));
#9826 = ORIENTED_EDGE('',*,*,#8754,.F.);
#9827 = ORIENTED_EDGE('',*,*,#9828,.T.);
#9828 = EDGE_CURVE('',#8747,#8861,#9829,.T.);
#9829 = LINE('',#9830,#9831);
#9830 = CARTESIAN_POINT('',(7.82,2.E-02,-1.5));
#9831 = VECTOR('',#9832,1.);
#9832 = DIRECTION('',(-1.,1.224646799147E-16,0.));
#9833 = ORIENTED_EDGE('',*,*,#8868,.T.);
#9834 = ORIENTED_EDGE('',*,*,#9835,.F.);
#9835 = EDGE_CURVE('',#9836,#8869,#9838,.T.);
#9836 = VERTEX_POINT('',#9837);
#9837 = CARTESIAN_POINT('',(7.182447406934,0.288807485305,
    -3.202447406934));
#9838 = LINE('',#9839,#9840);
#9839 = CARTESIAN_POINT('',(6.958413132695,0.253433652531,
    -2.978413132695));
#9840 = VECTOR('',#9841,1.);
#9841 = DIRECTION('',(-0.702740385383,-0.110959008218,0.702740385383));
#9842 = ORIENTED_EDGE('',*,*,#9843,.F.);
#9843 = EDGE_CURVE('',#9790,#9836,#9844,.T.);
#9844 = LINE('',#9845,#9846);
#9845 = CARTESIAN_POINT('',(7.82,0.288807485305,-3.202447406934));
#9846 = VECTOR('',#9847,1.);
#9847 = DIRECTION('',(-1.,1.224646799147E-16,0.));
#9848 = ORIENTED_EDGE('',*,*,#9813,.T.);
#9849 = PLANE('',#9850);
#9850 = AXIS2_PLACEMENT_3D('',#9851,#9852,#9853);
#9851 = CARTESIAN_POINT('',(7.82,2.E-02,-1.5));
#9852 = DIRECTION('',(-1.209660753807E-16,-0.987762965329,
    -0.155962573473));
#9853 = DIRECTION('',(1.909990663905E-17,0.155962573473,-0.987762965329)
  );
#9854 = ADVANCED_FACE('',(#9855),#9866,.F.);
#9855 = FACE_BOUND('',#9856,.F.);
#9856 = EDGE_LOOP('',(#9857,#9863,#9864,#9865));
#9857 = ORIENTED_EDGE('',*,*,#9858,.T.);
#9858 = EDGE_CURVE('',#8739,#8853,#9859,.T.);
#9859 = LINE('',#9860,#9861);
#9860 = CARTESIAN_POINT('',(7.82,0.32,-0.9));
#9861 = VECTOR('',#9862,1.);
#9862 = DIRECTION('',(-1.,1.224646799147E-16,0.));
#9863 = ORIENTED_EDGE('',*,*,#8860,.T.);
#9864 = ORIENTED_EDGE('',*,*,#9828,.F.);
#9865 = ORIENTED_EDGE('',*,*,#8746,.F.);
#9866 = PLANE('',#9867);
#9867 = AXIS2_PLACEMENT_3D('',#9868,#9869,#9870);
#9868 = CARTESIAN_POINT('',(7.82,0.32,-0.9));
#9869 = DIRECTION('',(-1.095357396528E-16,-0.894427191,0.4472135955));
#9870 = DIRECTION('',(-5.476786982641E-17,-0.4472135955,-0.894427191));
#9871 = ADVANCED_FACE('',(#9872),#9883,.F.);
#9872 = FACE_BOUND('',#9873,.F.);
#9873 = EDGE_LOOP('',(#9874,#9875,#9881,#9882));
#9874 = ORIENTED_EDGE('',*,*,#8738,.F.);
#9875 = ORIENTED_EDGE('',*,*,#9876,.T.);
#9876 = EDGE_CURVE('',#8730,#8844,#9877,.T.);
#9877 = LINE('',#9878,#9879);
#9878 = CARTESIAN_POINT('',(7.82,0.32,3.38));
#9879 = VECTOR('',#9880,1.);
#9880 = DIRECTION('',(-1.,1.224646799147E-16,0.));
#9881 = ORIENTED_EDGE('',*,*,#8852,.T.);
#9882 = ORIENTED_EDGE('',*,*,#9858,.F.);
#9883 = PLANE('',#9884);
#9884 = AXIS2_PLACEMENT_3D('',#9885,#9886,#9887);
#9885 = CARTESIAN_POINT('',(7.82,0.32,4.07));
#9886 = DIRECTION('',(-1.224646799147E-16,-1.,0.));
#9887 = DIRECTION('',(-0.,0.,-1.));
#9888 = ADVANCED_FACE('',(#9889),#9895,.T.);
#9889 = FACE_BOUND('',#9890,.T.);
#9890 = EDGE_LOOP('',(#9891,#9892,#9893,#9894));
#9891 = ORIENTED_EDGE('',*,*,#8729,.T.);
#9892 = ORIENTED_EDGE('',*,*,#9876,.T.);
#9893 = ORIENTED_EDGE('',*,*,#8843,.F.);
#9894 = ORIENTED_EDGE('',*,*,#8827,.F.);
#9895 = CYLINDRICAL_SURFACE('',#9896,0.69);
#9896 = AXIS2_PLACEMENT_3D('',#9897,#9898,#9899);
#9897 = CARTESIAN_POINT('',(7.82,-0.37,3.38));
#9898 = DIRECTION('',(-1.,1.224646799147E-16,0.));
#9899 = DIRECTION('',(0.,0.,1.));
#9900 = ADVANCED_FACE('',(#9901),#9928,.F.);
#9901 = FACE_BOUND('',#9902,.T.);
#9902 = EDGE_LOOP('',(#9903,#9911,#9919,#9925,#9926,#9927));
#9903 = ORIENTED_EDGE('',*,*,#9904,.F.);
#9904 = EDGE_CURVE('',#9905,#9836,#9907,.T.);
#9905 = VERTEX_POINT('',#9906);
#9906 = CARTESIAN_POINT('',(7.38,0.12,-3.4));
#9907 = LINE('',#9908,#9909);
#9908 = CARTESIAN_POINT('',(7.361356849811,0.135930458076,
    -3.381356849811));
#9909 = VECTOR('',#9910,1.);
#9910 = DIRECTION('',(-0.605209817607,0.517148096144,0.605209817607));
#9911 = ORIENTED_EDGE('',*,*,#9912,.T.);
#9912 = EDGE_CURVE('',#9905,#9913,#9915,.T.);
#9913 = VERTEX_POINT('',#9914);
#9914 = CARTESIAN_POINT('',(7.38,-0.12,-3.4));
#9915 = LINE('',#9916,#9917);
#9916 = CARTESIAN_POINT('',(7.38,0.32,-3.4));
#9917 = VECTOR('',#9918,1.);
#9918 = DIRECTION('',(-1.224646799147E-16,-1.,0.));
#9919 = ORIENTED_EDGE('',*,*,#9920,.T.);
#9920 = EDGE_CURVE('',#9913,#9764,#9921,.T.);
#9921 = LINE('',#9922,#9923);
#9922 = CARTESIAN_POINT('',(7.45729013865,-2.95486359438E-02,
    -3.47729013865));
#9923 = VECTOR('',#9924,1.);
#9924 = DIRECTION('',(-0.544770019249,-0.63753529491,0.544770019249));
#9925 = ORIENTED_EDGE('',*,*,#9771,.T.);
#9926 = ORIENTED_EDGE('',*,*,#8876,.F.);
#9927 = ORIENTED_EDGE('',*,*,#9835,.F.);
#9928 = PLANE('',#9929);
#9929 = AXIS2_PLACEMENT_3D('',#9930,#9931,#9932);
#9930 = CARTESIAN_POINT('',(7.28,0.32,-3.3));
#9931 = DIRECTION('',(0.707106781187,-8.833102285013E-17,0.707106781187)
  );
#9932 = DIRECTION('',(1.236918052038E-16,1.,1.227125289097E-18));
#9933 = ADVANCED_FACE('',(#9934),#9959,.F.);
#9934 = FACE_BOUND('',#9935,.F.);
#9935 = EDGE_LOOP('',(#9936,#9944,#9952,#9958));
#9936 = ORIENTED_EDGE('',*,*,#9937,.F.);
#9937 = EDGE_CURVE('',#9938,#9070,#9940,.T.);
#9938 = VERTEX_POINT('',#9939);
#9939 = CARTESIAN_POINT('',(2.82,-6.9,4.07));
#9940 = LINE('',#9941,#9942);
#9941 = CARTESIAN_POINT('',(2.82,-7.1,4.07));
#9942 = VECTOR('',#9943,1.);
#9943 = DIRECTION('',(1.224646799147E-16,1.,0.));
#9944 = ORIENTED_EDGE('',*,*,#9945,.T.);
#9945 = EDGE_CURVE('',#9938,#9946,#9948,.T.);
#9946 = VERTEX_POINT('',#9947);
#9947 = CARTESIAN_POINT('',(2.18,-6.9,4.07));
#9948 = LINE('',#9949,#9950);
#9949 = CARTESIAN_POINT('',(2.82,-6.9,4.07));
#9950 = VECTOR('',#9951,1.);
#9951 = DIRECTION('',(-1.,1.224646799147E-16,0.));
#9952 = ORIENTED_EDGE('',*,*,#9953,.T.);
#9953 = EDGE_CURVE('',#9946,#9068,#9954,.T.);
#9954 = LINE('',#9955,#9956);
#9955 = CARTESIAN_POINT('',(2.18,-7.1,4.07));
#9956 = VECTOR('',#9957,1.);
#9957 = DIRECTION('',(1.224646799147E-16,1.,0.));
#9958 = ORIENTED_EDGE('',*,*,#9067,.T.);
#9959 = PLANE('',#9960);
#9960 = AXIS2_PLACEMENT_3D('',#9961,#9962,#9963);
#9961 = CARTESIAN_POINT('',(2.82,-7.1,4.07));
#9962 = DIRECTION('',(-0.,0.,-1.));
#9963 = DIRECTION('',(1.224646799147E-16,1.,0.));
#9964 = ADVANCED_FACE('',(#9965),#9983,.T.);
#9965 = FACE_BOUND('',#9966,.T.);
#9966 = EDGE_LOOP('',(#9967,#9975,#9976,#9977));
#9967 = ORIENTED_EDGE('',*,*,#9968,.T.);
#9968 = EDGE_CURVE('',#9969,#9946,#9971,.T.);
#9969 = VERTEX_POINT('',#9970);
#9970 = CARTESIAN_POINT('',(2.18,-6.9,3.43));
#9971 = LINE('',#9972,#9973);
#9972 = CARTESIAN_POINT('',(2.18,-6.9,3.43));
#9973 = VECTOR('',#9974,1.);
#9974 = DIRECTION('',(0.,0.,1.));
#9975 = ORIENTED_EDGE('',*,*,#9953,.T.);
#9976 = ORIENTED_EDGE('',*,*,#9093,.T.);
#9977 = ORIENTED_EDGE('',*,*,#9978,.T.);
#9978 = EDGE_CURVE('',#9086,#9969,#9979,.T.);
#9979 = LINE('',#9980,#9981);
#9980 = CARTESIAN_POINT('',(2.18,-0.32,3.43));
#9981 = VECTOR('',#9982,1.);
#9982 = DIRECTION('',(-1.224646799147E-16,-1.,0.));
#9983 = PLANE('',#9984);
#9984 = AXIS2_PLACEMENT_3D('',#9985,#9986,#9987);
#9985 = CARTESIAN_POINT('',(2.18,-1.835016789792,1.889983210208));
#9986 = DIRECTION('',(-1.,1.224646799147E-16,0.));
#9987 = DIRECTION('',(0.,0.,1.));
#9988 = ADVANCED_FACE('',(#9989),#10007,.F.);
#9989 = FACE_BOUND('',#9990,.F.);
#9990 = EDGE_LOOP('',(#9991,#9999,#10000,#10001));
#9991 = ORIENTED_EDGE('',*,*,#9992,.F.);
#9992 = EDGE_CURVE('',#9078,#9993,#9995,.T.);
#9993 = VERTEX_POINT('',#9994);
#9994 = CARTESIAN_POINT('',(2.82,-6.9,3.43));
#9995 = LINE('',#9996,#9997);
#9996 = CARTESIAN_POINT('',(2.82,-0.32,3.43));
#9997 = VECTOR('',#9998,1.);
#9998 = DIRECTION('',(-1.224646799147E-16,-1.,0.));
#9999 = ORIENTED_EDGE('',*,*,#9085,.T.);
#10000 = ORIENTED_EDGE('',*,*,#9978,.T.);
#10001 = ORIENTED_EDGE('',*,*,#10002,.F.);
#10002 = EDGE_CURVE('',#9993,#9969,#10003,.T.);
#10003 = LINE('',#10004,#10005);
#10004 = CARTESIAN_POINT('',(2.82,-6.9,3.43));
#10005 = VECTOR('',#10006,1.);
#10006 = DIRECTION('',(-1.,1.224646799147E-16,0.));
#10007 = PLANE('',#10008);
#10008 = AXIS2_PLACEMENT_3D('',#10009,#10010,#10011);
#10009 = CARTESIAN_POINT('',(2.82,-0.32,3.43));
#10010 = DIRECTION('',(0.,0.,1.));
#10011 = DIRECTION('',(-1.224646799147E-16,-1.,0.));
#10012 = ADVANCED_FACE('',(#10013),#10024,.F.);
#10013 = FACE_BOUND('',#10014,.F.);
#10014 = EDGE_LOOP('',(#10015,#10021,#10022,#10023));
#10015 = ORIENTED_EDGE('',*,*,#10016,.T.);
#10016 = EDGE_CURVE('',#9993,#9938,#10017,.T.);
#10017 = LINE('',#10018,#10019);
#10018 = CARTESIAN_POINT('',(2.82,-6.9,3.43));
#10019 = VECTOR('',#10020,1.);
#10020 = DIRECTION('',(0.,0.,1.));
#10021 = ORIENTED_EDGE('',*,*,#9937,.T.);
#10022 = ORIENTED_EDGE('',*,*,#9077,.T.);
#10023 = ORIENTED_EDGE('',*,*,#9992,.T.);
#10024 = PLANE('',#10025);
#10025 = AXIS2_PLACEMENT_3D('',#10026,#10027,#10028);
#10026 = CARTESIAN_POINT('',(2.82,-1.835016789792,1.889983210208));
#10027 = DIRECTION('',(-1.,1.224646799147E-16,0.));
#10028 = DIRECTION('',(0.,0.,1.));
#10029 = ADVANCED_FACE('',(#10030),#10055,.F.);
#10030 = FACE_BOUND('',#10031,.F.);
#10031 = EDGE_LOOP('',(#10032,#10042,#10048,#10049));
#10032 = ORIENTED_EDGE('',*,*,#10033,.T.);
#10033 = EDGE_CURVE('',#10034,#10036,#10038,.T.);
#10034 = VERTEX_POINT('',#10035);
#10035 = CARTESIAN_POINT('',(7.82,-6.9,3.43));
#10036 = VERTEX_POINT('',#10037);
#10037 = CARTESIAN_POINT('',(7.82,-6.9,4.07));
#10038 = LINE('',#10039,#10040);
#10039 = CARTESIAN_POINT('',(7.82,-6.9,3.43));
#10040 = VECTOR('',#10041,1.);
#10041 = DIRECTION('',(0.,0.,1.));
#10042 = ORIENTED_EDGE('',*,*,#10043,.T.);
#10043 = EDGE_CURVE('',#10036,#9102,#10044,.T.);
#10044 = LINE('',#10045,#10046);
#10045 = CARTESIAN_POINT('',(7.82,-7.1,4.07));
#10046 = VECTOR('',#10047,1.);
#10047 = DIRECTION('',(1.224646799147E-16,1.,0.));
#10048 = ORIENTED_EDGE('',*,*,#9101,.T.);
#10049 = ORIENTED_EDGE('',*,*,#10050,.T.);
#10050 = EDGE_CURVE('',#9104,#10034,#10051,.T.);
#10051 = LINE('',#10052,#10053);
#10052 = CARTESIAN_POINT('',(7.82,-0.32,3.43));
#10053 = VECTOR('',#10054,1.);
#10054 = DIRECTION('',(-1.224646799147E-16,-1.,0.));
#10055 = PLANE('',#10056);
#10056 = AXIS2_PLACEMENT_3D('',#10057,#10058,#10059);
#10057 = CARTESIAN_POINT('',(7.82,-1.8494320772,1.868561531914));
#10058 = DIRECTION('',(-1.,1.224646799147E-16,0.));
#10059 = DIRECTION('',(0.,0.,1.));
#10060 = ADVANCED_FACE('',(#10061),#10079,.F.);
#10061 = FACE_BOUND('',#10062,.F.);
#10062 = EDGE_LOOP('',(#10063,#10064,#10072,#10078));
#10063 = ORIENTED_EDGE('',*,*,#10043,.F.);
#10064 = ORIENTED_EDGE('',*,*,#10065,.T.);
#10065 = EDGE_CURVE('',#10036,#10066,#10068,.T.);
#10066 = VERTEX_POINT('',#10067);
#10067 = CARTESIAN_POINT('',(7.18,-6.9,4.07));
#10068 = LINE('',#10069,#10070);
#10069 = CARTESIAN_POINT('',(7.82,-6.9,4.07));
#10070 = VECTOR('',#10071,1.);
#10071 = DIRECTION('',(-1.,1.224646799147E-16,0.));
#10072 = ORIENTED_EDGE('',*,*,#10073,.T.);
#10073 = EDGE_CURVE('',#10066,#9120,#10074,.T.);
#10074 = LINE('',#10075,#10076);
#10075 = CARTESIAN_POINT('',(7.18,-7.1,4.07));
#10076 = VECTOR('',#10077,1.);
#10077 = DIRECTION('',(1.224646799147E-16,1.,0.));
#10078 = ORIENTED_EDGE('',*,*,#9127,.T.);
#10079 = PLANE('',#10080);
#10080 = AXIS2_PLACEMENT_3D('',#10081,#10082,#10083);
#10081 = CARTESIAN_POINT('',(7.82,-7.1,4.07));
#10082 = DIRECTION('',(-0.,0.,-1.));
#10083 = DIRECTION('',(1.224646799147E-16,1.,0.));
#10084 = ADVANCED_FACE('',(#10085),#10103,.T.);
#10085 = FACE_BOUND('',#10086,.T.);
#10086 = EDGE_LOOP('',(#10087,#10095,#10096,#10097));
#10087 = ORIENTED_EDGE('',*,*,#10088,.T.);
#10088 = EDGE_CURVE('',#10089,#10066,#10091,.T.);
#10089 = VERTEX_POINT('',#10090);
#10090 = CARTESIAN_POINT('',(7.18,-6.9,3.43));
#10091 = LINE('',#10092,#10093);
#10092 = CARTESIAN_POINT('',(7.18,-6.9,3.43));
#10093 = VECTOR('',#10094,1.);
#10094 = DIRECTION('',(0.,0.,1.));
#10095 = ORIENTED_EDGE('',*,*,#10073,.T.);
#10096 = ORIENTED_EDGE('',*,*,#9119,.T.);
#10097 = ORIENTED_EDGE('',*,*,#10098,.T.);
#10098 = EDGE_CURVE('',#9112,#10089,#10099,.T.);
#10099 = LINE('',#10100,#10101);
#10100 = CARTESIAN_POINT('',(7.18,-0.32,3.43));
#10101 = VECTOR('',#10102,1.);
#10102 = DIRECTION('',(-1.224646799147E-16,-1.,0.));
#10103 = PLANE('',#10104);
#10104 = AXIS2_PLACEMENT_3D('',#10105,#10106,#10107);
#10105 = CARTESIAN_POINT('',(7.18,-1.8494320772,1.868561531914));
#10106 = DIRECTION('',(-1.,1.224646799147E-16,0.));
#10107 = DIRECTION('',(0.,0.,1.));
#10108 = ADVANCED_FACE('',(#10109),#10120,.F.);
#10109 = FACE_BOUND('',#10110,.F.);
#10110 = EDGE_LOOP('',(#10111,#10112,#10113,#10114));
#10111 = ORIENTED_EDGE('',*,*,#10050,.F.);
#10112 = ORIENTED_EDGE('',*,*,#9111,.T.);
#10113 = ORIENTED_EDGE('',*,*,#10098,.T.);
#10114 = ORIENTED_EDGE('',*,*,#10115,.F.);
#10115 = EDGE_CURVE('',#10034,#10089,#10116,.T.);
#10116 = LINE('',#10117,#10118);
#10117 = CARTESIAN_POINT('',(7.82,-6.9,3.43));
#10118 = VECTOR('',#10119,1.);
#10119 = DIRECTION('',(-1.,1.224646799147E-16,0.));
#10120 = PLANE('',#10121);
#10121 = AXIS2_PLACEMENT_3D('',#10122,#10123,#10124);
#10122 = CARTESIAN_POINT('',(7.82,-0.32,3.43));
#10123 = DIRECTION('',(0.,0.,1.));
#10124 = DIRECTION('',(-1.224646799147E-16,-1.,0.));
#10125 = ADVANCED_FACE('',(#10126),#10151,.F.);
#10126 = FACE_BOUND('',#10127,.F.);
#10127 = EDGE_LOOP('',(#10128,#10136,#10144,#10150));
#10128 = ORIENTED_EDGE('',*,*,#10129,.F.);
#10129 = EDGE_CURVE('',#10130,#9138,#10132,.T.);
#10130 = VERTEX_POINT('',#10131);
#10131 = CARTESIAN_POINT('',(5.32,-6.9,4.07));
#10132 = LINE('',#10133,#10134);
#10133 = CARTESIAN_POINT('',(5.32,-7.1,4.07));
#10134 = VECTOR('',#10135,1.);
#10135 = DIRECTION('',(1.224646799147E-16,1.,0.));
#10136 = ORIENTED_EDGE('',*,*,#10137,.T.);
#10137 = EDGE_CURVE('',#10130,#10138,#10140,.T.);
#10138 = VERTEX_POINT('',#10139);
#10139 = CARTESIAN_POINT('',(4.68,-6.9,4.07));
#10140 = LINE('',#10141,#10142);
#10141 = CARTESIAN_POINT('',(5.32,-6.9,4.07));
#10142 = VECTOR('',#10143,1.);
#10143 = DIRECTION('',(-1.,1.224646799147E-16,0.));
#10144 = ORIENTED_EDGE('',*,*,#10145,.T.);
#10145 = EDGE_CURVE('',#10138,#9136,#10146,.T.);
#10146 = LINE('',#10147,#10148);
#10147 = CARTESIAN_POINT('',(4.68,-7.1,4.07));
#10148 = VECTOR('',#10149,1.);
#10149 = DIRECTION('',(1.224646799147E-16,1.,0.));
#10150 = ORIENTED_EDGE('',*,*,#9135,.T.);
#10151 = PLANE('',#10152);
#10152 = AXIS2_PLACEMENT_3D('',#10153,#10154,#10155);
#10153 = CARTESIAN_POINT('',(5.32,-7.1,4.07));
#10154 = DIRECTION('',(-0.,0.,-1.));
#10155 = DIRECTION('',(1.224646799147E-16,1.,0.));
#10156 = ADVANCED_FACE('',(#10157),#10175,.T.);
#10157 = FACE_BOUND('',#10158,.T.);
#10158 = EDGE_LOOP('',(#10159,#10167,#10168,#10169));
#10159 = ORIENTED_EDGE('',*,*,#10160,.T.);
#10160 = EDGE_CURVE('',#10161,#10138,#10163,.T.);
#10161 = VERTEX_POINT('',#10162);
#10162 = CARTESIAN_POINT('',(4.68,-6.9,3.43));
#10163 = LINE('',#10164,#10165);
#10164 = CARTESIAN_POINT('',(4.68,-6.9,3.43));
#10165 = VECTOR('',#10166,1.);
#10166 = DIRECTION('',(0.,0.,1.));
#10167 = ORIENTED_EDGE('',*,*,#10145,.T.);
#10168 = ORIENTED_EDGE('',*,*,#9161,.T.);
#10169 = ORIENTED_EDGE('',*,*,#10170,.T.);
#10170 = EDGE_CURVE('',#9154,#10161,#10171,.T.);
#10171 = LINE('',#10172,#10173);
#10172 = CARTESIAN_POINT('',(4.68,-0.32,3.43));
#10173 = VECTOR('',#10174,1.);
#10174 = DIRECTION('',(-1.224646799147E-16,-1.,0.));
#10175 = PLANE('',#10176);
#10176 = AXIS2_PLACEMENT_3D('',#10177,#10178,#10179);
#10177 = CARTESIAN_POINT('',(4.68,-1.835016789792,1.889983210208));
#10178 = DIRECTION('',(-1.,1.224646799147E-16,0.));
#10179 = DIRECTION('',(0.,0.,1.));
#10180 = ADVANCED_FACE('',(#10181),#10199,.F.);
#10181 = FACE_BOUND('',#10182,.F.);
#10182 = EDGE_LOOP('',(#10183,#10191,#10192,#10193));
#10183 = ORIENTED_EDGE('',*,*,#10184,.F.);
#10184 = EDGE_CURVE('',#9146,#10185,#10187,.T.);
#10185 = VERTEX_POINT('',#10186);
#10186 = CARTESIAN_POINT('',(5.32,-6.9,3.43));
#10187 = LINE('',#10188,#10189);
#10188 = CARTESIAN_POINT('',(5.32,-0.32,3.43));
#10189 = VECTOR('',#10190,1.);
#10190 = DIRECTION('',(-1.224646799147E-16,-1.,0.));
#10191 = ORIENTED_EDGE('',*,*,#9153,.T.);
#10192 = ORIENTED_EDGE('',*,*,#10170,.T.);
#10193 = ORIENTED_EDGE('',*,*,#10194,.F.);
#10194 = EDGE_CURVE('',#10185,#10161,#10195,.T.);
#10195 = LINE('',#10196,#10197);
#10196 = CARTESIAN_POINT('',(5.32,-6.9,3.43));
#10197 = VECTOR('',#10198,1.);
#10198 = DIRECTION('',(-1.,1.224646799147E-16,0.));
#10199 = PLANE('',#10200);
#10200 = AXIS2_PLACEMENT_3D('',#10201,#10202,#10203);
#10201 = CARTESIAN_POINT('',(5.32,-0.32,3.43));
#10202 = DIRECTION('',(0.,0.,1.));
#10203 = DIRECTION('',(-1.224646799147E-16,-1.,0.));
#10204 = ADVANCED_FACE('',(#10205),#10216,.F.);
#10205 = FACE_BOUND('',#10206,.F.);
#10206 = EDGE_LOOP('',(#10207,#10213,#10214,#10215));
#10207 = ORIENTED_EDGE('',*,*,#10208,.T.);
#10208 = EDGE_CURVE('',#10185,#10130,#10209,.T.);
#10209 = LINE('',#10210,#10211);
#10210 = CARTESIAN_POINT('',(5.32,-6.9,3.43));
#10211 = VECTOR('',#10212,1.);
#10212 = DIRECTION('',(0.,0.,1.));
#10213 = ORIENTED_EDGE('',*,*,#10129,.T.);
#10214 = ORIENTED_EDGE('',*,*,#9145,.T.);
#10215 = ORIENTED_EDGE('',*,*,#10184,.T.);
#10216 = PLANE('',#10217);
#10217 = AXIS2_PLACEMENT_3D('',#10218,#10219,#10220);
#10218 = CARTESIAN_POINT('',(5.32,-1.835016789792,1.889983210208));
#10219 = DIRECTION('',(-1.,1.224646799147E-16,0.));
#10220 = DIRECTION('',(0.,0.,1.));
#10221 = ADVANCED_FACE('',(#10222),#10247,.T.);
#10222 = FACE_BOUND('',#10223,.T.);
#10223 = EDGE_LOOP('',(#10224,#10234,#10240,#10241));
#10224 = ORIENTED_EDGE('',*,*,#10225,.T.);
#10225 = EDGE_CURVE('',#10226,#10228,#10230,.T.);
#10226 = VERTEX_POINT('',#10227);
#10227 = CARTESIAN_POINT('',(-0.32,-6.9,3.43));
#10228 = VERTEX_POINT('',#10229);
#10229 = CARTESIAN_POINT('',(-0.32,-6.9,4.07));
#10230 = LINE('',#10231,#10232);
#10231 = CARTESIAN_POINT('',(-0.32,-6.9,3.43));
#10232 = VECTOR('',#10233,1.);
#10233 = DIRECTION('',(0.,0.,1.));
#10234 = ORIENTED_EDGE('',*,*,#10235,.T.);
#10235 = EDGE_CURVE('',#10228,#9170,#10236,.T.);
#10236 = LINE('',#10237,#10238);
#10237 = CARTESIAN_POINT('',(-0.32,-7.1,4.07));
#10238 = VECTOR('',#10239,1.);
#10239 = DIRECTION('',(1.224646799147E-16,1.,0.));
#10240 = ORIENTED_EDGE('',*,*,#9169,.T.);
#10241 = ORIENTED_EDGE('',*,*,#10242,.T.);
#10242 = EDGE_CURVE('',#9172,#10226,#10243,.T.);
#10243 = LINE('',#10244,#10245);
#10244 = CARTESIAN_POINT('',(-0.32,-0.32,3.43));
#10245 = VECTOR('',#10246,1.);
#10246 = DIRECTION('',(-1.224646799147E-16,-1.,0.));
#10247 = PLANE('',#10248);
#10248 = AXIS2_PLACEMENT_3D('',#10249,#10250,#10251);
#10249 = CARTESIAN_POINT('',(-0.32,-1.8494320772,1.868561531914));
#10250 = DIRECTION('',(-1.,1.224646799147E-16,0.));
#10251 = DIRECTION('',(0.,0.,1.));
#10252 = ADVANCED_FACE('',(#10253),#10271,.F.);
#10253 = FACE_BOUND('',#10254,.F.);
#10254 = EDGE_LOOP('',(#10255,#10263,#10264,#10265));
#10255 = ORIENTED_EDGE('',*,*,#10256,.F.);
#10256 = EDGE_CURVE('',#9188,#10257,#10259,.T.);
#10257 = VERTEX_POINT('',#10258);
#10258 = CARTESIAN_POINT('',(0.32,-6.9,3.43));
#10259 = LINE('',#10260,#10261);
#10260 = CARTESIAN_POINT('',(0.32,-0.32,3.43));
#10261 = VECTOR('',#10262,1.);
#10262 = DIRECTION('',(-1.224646799147E-16,-1.,0.));
#10263 = ORIENTED_EDGE('',*,*,#9195,.T.);
#10264 = ORIENTED_EDGE('',*,*,#10242,.T.);
#10265 = ORIENTED_EDGE('',*,*,#10266,.F.);
#10266 = EDGE_CURVE('',#10257,#10226,#10267,.T.);
#10267 = LINE('',#10268,#10269);
#10268 = CARTESIAN_POINT('',(0.32,-6.9,3.43));
#10269 = VECTOR('',#10270,1.);
#10270 = DIRECTION('',(-1.,1.224646799147E-16,0.));
#10271 = PLANE('',#10272);
#10272 = AXIS2_PLACEMENT_3D('',#10273,#10274,#10275);
#10273 = CARTESIAN_POINT('',(0.32,-0.32,3.43));
#10274 = DIRECTION('',(0.,0.,1.));
#10275 = DIRECTION('',(-1.224646799147E-16,-1.,0.));
#10276 = ADVANCED_FACE('',(#10277),#10295,.F.);
#10277 = FACE_BOUND('',#10278,.F.);
#10278 = EDGE_LOOP('',(#10279,#10287,#10293,#10294));
#10279 = ORIENTED_EDGE('',*,*,#10280,.T.);
#10280 = EDGE_CURVE('',#10257,#10281,#10283,.T.);
#10281 = VERTEX_POINT('',#10282);
#10282 = CARTESIAN_POINT('',(0.32,-6.9,4.07));
#10283 = LINE('',#10284,#10285);
#10284 = CARTESIAN_POINT('',(0.32,-6.9,3.43));
#10285 = VECTOR('',#10286,1.);
#10286 = DIRECTION('',(0.,0.,1.));
#10287 = ORIENTED_EDGE('',*,*,#10288,.T.);
#10288 = EDGE_CURVE('',#10281,#9180,#10289,.T.);
#10289 = LINE('',#10290,#10291);
#10290 = CARTESIAN_POINT('',(0.32,-7.1,4.07));
#10291 = VECTOR('',#10292,1.);
#10292 = DIRECTION('',(1.224646799147E-16,1.,0.));
#10293 = ORIENTED_EDGE('',*,*,#9187,.T.);
#10294 = ORIENTED_EDGE('',*,*,#10256,.T.);
#10295 = PLANE('',#10296);
#10296 = AXIS2_PLACEMENT_3D('',#10297,#10298,#10299);
#10297 = CARTESIAN_POINT('',(0.32,-1.8494320772,1.868561531914));
#10298 = DIRECTION('',(-1.,1.224646799147E-16,0.));
#10299 = DIRECTION('',(0.,0.,1.));
#10300 = ADVANCED_FACE('',(#10301),#10312,.F.);
#10301 = FACE_BOUND('',#10302,.F.);
#10302 = EDGE_LOOP('',(#10303,#10304,#10310,#10311));
#10303 = ORIENTED_EDGE('',*,*,#10288,.F.);
#10304 = ORIENTED_EDGE('',*,*,#10305,.T.);
#10305 = EDGE_CURVE('',#10281,#10228,#10306,.T.);
#10306 = LINE('',#10307,#10308);
#10307 = CARTESIAN_POINT('',(0.32,-6.9,4.07));
#10308 = VECTOR('',#10309,1.);
#10309 = DIRECTION('',(-1.,1.224646799147E-16,0.));
#10310 = ORIENTED_EDGE('',*,*,#10235,.T.);
#10311 = ORIENTED_EDGE('',*,*,#9179,.T.);
#10312 = PLANE('',#10313);
#10313 = AXIS2_PLACEMENT_3D('',#10314,#10315,#10316);
#10314 = CARTESIAN_POINT('',(0.32,-7.1,4.07));
#10315 = DIRECTION('',(-0.,0.,-1.));
#10316 = DIRECTION('',(1.224646799147E-16,1.,0.));
#10317 = ADVANCED_FACE('',(#10318),#10329,.T.);
#10318 = FACE_BOUND('',#10319,.F.);
#10319 = EDGE_LOOP('',(#10320,#10321,#10327,#10328));
#10320 = ORIENTED_EDGE('',*,*,#9426,.F.);
#10321 = ORIENTED_EDGE('',*,*,#10322,.T.);
#10322 = EDGE_CURVE('',#9419,#9304,#10323,.T.);
#10323 = LINE('',#10324,#10325);
#10324 = CARTESIAN_POINT('',(0.32,-0.12,-3.4));
#10325 = VECTOR('',#10326,1.);
#10326 = DIRECTION('',(-1.,1.224646799147E-16,0.));
#10327 = ORIENTED_EDGE('',*,*,#9311,.T.);
#10328 = ORIENTED_EDGE('',*,*,#9269,.F.);
#10329 = PLANE('',#10330);
#10330 = AXIS2_PLACEMENT_3D('',#10331,#10332,#10333);
#10331 = CARTESIAN_POINT('',(0.32,-0.235596257347,-3.301223703467));
#10332 = DIRECTION('',(-8.302774088379E-17,-0.64962967394,
    -0.760250805153));
#10333 = DIRECTION('',(1.,-1.247195775152E-16,-2.638869166629E-18));
#10334 = ADVANCED_FACE('',(#10335),#10346,.T.);
#10335 = FACE_BOUND('',#10336,.T.);
#10336 = EDGE_LOOP('',(#10337,#10338,#10344,#10345));
#10337 = ORIENTED_EDGE('',*,*,#9410,.F.);
#10338 = ORIENTED_EDGE('',*,*,#10339,.T.);
#10339 = EDGE_CURVE('',#9411,#9294,#10340,.T.);
#10340 = LINE('',#10341,#10342);
#10341 = CARTESIAN_POINT('',(0.32,0.12,-3.4));
#10342 = VECTOR('',#10343,1.);
#10343 = DIRECTION('',(-1.,1.224646799147E-16,0.));
#10344 = ORIENTED_EDGE('',*,*,#9293,.T.);
#10345 = ORIENTED_EDGE('',*,*,#9342,.F.);
#10346 = PLANE('',#10347);
#10347 = AXIS2_PLACEMENT_3D('',#10348,#10349,#10350);
#10348 = CARTESIAN_POINT('',(0.32,0.204403742653,-3.301223703467));
#10349 = DIRECTION('',(9.310387150808E-17,0.760250805153,-0.64962967394)
  );
#10350 = DIRECTION('',(-1.,1.224646799148E-16,-5.515863360725E-29));
#10351 = ADVANCED_FACE('',(#10352),#10358,.F.);
#10352 = FACE_BOUND('',#10353,.F.);
#10353 = EDGE_LOOP('',(#10354,#10355,#10356,#10357));
#10354 = ORIENTED_EDGE('',*,*,#10339,.T.);
#10355 = ORIENTED_EDGE('',*,*,#9303,.T.);
#10356 = ORIENTED_EDGE('',*,*,#10322,.F.);
#10357 = ORIENTED_EDGE('',*,*,#9418,.F.);
#10358 = PLANE('',#10359);
#10359 = AXIS2_PLACEMENT_3D('',#10360,#10361,#10362);
#10360 = CARTESIAN_POINT('',(0.32,0.32,-3.4));
#10361 = DIRECTION('',(0.,0.,1.));
#10362 = DIRECTION('',(-1.224646799147E-16,-1.,0.));
#10363 = ADVANCED_FACE('',(#10364),#10375,.T.);
#10364 = FACE_BOUND('',#10365,.F.);
#10365 = EDGE_LOOP('',(#10366,#10367,#10373,#10374));
#10366 = ORIENTED_EDGE('',*,*,#9558,.F.);
#10367 = ORIENTED_EDGE('',*,*,#10368,.T.);
#10368 = EDGE_CURVE('',#9551,#9503,#10369,.T.);
#10369 = LINE('',#10370,#10371);
#10370 = CARTESIAN_POINT('',(2.82,-0.12,-3.4));
#10371 = VECTOR('',#10372,1.);
#10372 = DIRECTION('',(-1.,1.224646799147E-16,0.));
#10373 = ORIENTED_EDGE('',*,*,#9510,.T.);
#10374 = ORIENTED_EDGE('',*,*,#9478,.F.);
#10375 = PLANE('',#10376);
#10376 = AXIS2_PLACEMENT_3D('',#10377,#10378,#10379);
#10377 = CARTESIAN_POINT('',(2.82,-0.22,-3.3));
#10378 = DIRECTION('',(-8.486018839685E-17,-0.707106781187,
    -0.707106781187));
#10379 = DIRECTION('',(1.,-1.212375546256E-16,1.227125289196E-18));
#10380 = ADVANCED_FACE('',(#10381),#10392,.T.);
#10381 = FACE_BOUND('',#10382,.T.);
#10382 = EDGE_LOOP('',(#10383,#10384,#10390,#10391));
#10383 = ORIENTED_EDGE('',*,*,#9542,.F.);
#10384 = ORIENTED_EDGE('',*,*,#10385,.T.);
#10385 = EDGE_CURVE('',#9543,#9495,#10386,.T.);
#10386 = LINE('',#10387,#10388);
#10387 = CARTESIAN_POINT('',(2.82,0.12,-3.4));
#10388 = VECTOR('',#10389,1.);
#10389 = DIRECTION('',(-1.,1.224646799147E-16,0.));
#10390 = ORIENTED_EDGE('',*,*,#9494,.T.);
#10391 = ORIENTED_EDGE('',*,*,#9528,.F.);
#10392 = PLANE('',#10393);
#10393 = AXIS2_PLACEMENT_3D('',#10394,#10395,#10396);
#10394 = CARTESIAN_POINT('',(2.82,0.22,-3.3));
#10395 = DIRECTION('',(8.486018839685E-17,0.707106781187,-0.707106781187
    ));
#10396 = DIRECTION('',(-1.,1.212375546256E-16,1.227125289196E-18));
#10397 = ADVANCED_FACE('',(#10398),#10404,.F.);
#10398 = FACE_BOUND('',#10399,.F.);
#10399 = EDGE_LOOP('',(#10400,#10401,#10402,#10403));
#10400 = ORIENTED_EDGE('',*,*,#10368,.F.);
#10401 = ORIENTED_EDGE('',*,*,#9550,.F.);
#10402 = ORIENTED_EDGE('',*,*,#10385,.T.);
#10403 = ORIENTED_EDGE('',*,*,#9502,.T.);
#10404 = PLANE('',#10405);
#10405 = AXIS2_PLACEMENT_3D('',#10406,#10407,#10408);
#10406 = CARTESIAN_POINT('',(2.82,0.32,-3.4));
#10407 = DIRECTION('',(0.,0.,1.));
#10408 = DIRECTION('',(-1.224646799147E-16,-1.,0.));
#10409 = ADVANCED_FACE('',(#10410),#10421,.T.);
#10410 = FACE_BOUND('',#10411,.F.);
#10411 = EDGE_LOOP('',(#10412,#10413,#10419,#10420));
#10412 = ORIENTED_EDGE('',*,*,#9688,.F.);
#10413 = ORIENTED_EDGE('',*,*,#10414,.T.);
#10414 = EDGE_CURVE('',#9681,#9633,#10415,.T.);
#10415 = LINE('',#10416,#10417);
#10416 = CARTESIAN_POINT('',(5.32,-0.12,-3.4));
#10417 = VECTOR('',#10418,1.);
#10418 = DIRECTION('',(-1.,1.224646799147E-16,0.));
#10419 = ORIENTED_EDGE('',*,*,#9640,.T.);
#10420 = ORIENTED_EDGE('',*,*,#9608,.F.);
#10421 = PLANE('',#10422);
#10422 = AXIS2_PLACEMENT_3D('',#10423,#10424,#10425);
#10423 = CARTESIAN_POINT('',(5.32,-0.22,-3.3));
#10424 = DIRECTION('',(-8.486018839685E-17,-0.707106781187,
    -0.707106781187));
#10425 = DIRECTION('',(1.,-1.212375546256E-16,1.227125289196E-18));
#10426 = ADVANCED_FACE('',(#10427),#10438,.T.);
#10427 = FACE_BOUND('',#10428,.T.);
#10428 = EDGE_LOOP('',(#10429,#10430,#10436,#10437));
#10429 = ORIENTED_EDGE('',*,*,#9672,.F.);
#10430 = ORIENTED_EDGE('',*,*,#10431,.T.);
#10431 = EDGE_CURVE('',#9673,#9625,#10432,.T.);
#10432 = LINE('',#10433,#10434);
#10433 = CARTESIAN_POINT('',(5.32,0.12,-3.4));
#10434 = VECTOR('',#10435,1.);
#10435 = DIRECTION('',(-1.,1.224646799147E-16,0.));
#10436 = ORIENTED_EDGE('',*,*,#9624,.T.);
#10437 = ORIENTED_EDGE('',*,*,#9658,.F.);
#10438 = PLANE('',#10439);
#10439 = AXIS2_PLACEMENT_3D('',#10440,#10441,#10442);
#10440 = CARTESIAN_POINT('',(5.32,0.22,-3.3));
#10441 = DIRECTION('',(8.486018839685E-17,0.707106781187,-0.707106781187
    ));
#10442 = DIRECTION('',(-1.,1.212375546256E-16,1.227125289196E-18));
#10443 = ADVANCED_FACE('',(#10444),#10450,.F.);
#10444 = FACE_BOUND('',#10445,.F.);
#10445 = EDGE_LOOP('',(#10446,#10447,#10448,#10449));
#10446 = ORIENTED_EDGE('',*,*,#10414,.F.);
#10447 = ORIENTED_EDGE('',*,*,#9680,.F.);
#10448 = ORIENTED_EDGE('',*,*,#10431,.T.);
#10449 = ORIENTED_EDGE('',*,*,#9632,.T.);
#10450 = PLANE('',#10451);
#10451 = AXIS2_PLACEMENT_3D('',#10452,#10453,#10454);
#10452 = CARTESIAN_POINT('',(5.32,0.32,-3.4));
#10453 = DIRECTION('',(0.,0.,1.));
#10454 = DIRECTION('',(-1.224646799147E-16,-1.,0.));
#10455 = ADVANCED_FACE('',(#10456),#10467,.T.);
#10456 = FACE_BOUND('',#10457,.F.);
#10457 = EDGE_LOOP('',(#10458,#10459,#10465,#10466));
#10458 = ORIENTED_EDGE('',*,*,#9805,.F.);
#10459 = ORIENTED_EDGE('',*,*,#10460,.T.);
#10460 = EDGE_CURVE('',#9798,#9913,#10461,.T.);
#10461 = LINE('',#10462,#10463);
#10462 = CARTESIAN_POINT('',(7.82,-0.12,-3.4));
#10463 = VECTOR('',#10464,1.);
#10464 = DIRECTION('',(-1.,1.224646799147E-16,0.));
#10465 = ORIENTED_EDGE('',*,*,#9920,.T.);
#10466 = ORIENTED_EDGE('',*,*,#9763,.F.);
#10467 = PLANE('',#10468);
#10468 = AXIS2_PLACEMENT_3D('',#10469,#10470,#10471);
#10469 = CARTESIAN_POINT('',(7.82,-0.235596257347,-3.301223703467));
#10470 = DIRECTION('',(-8.302774088379E-17,-0.64962967394,
    -0.760250805153));
#10471 = DIRECTION('',(1.,-1.247195775152E-16,-2.638869166629E-18));
#10472 = ADVANCED_FACE('',(#10473),#10484,.T.);
#10473 = FACE_BOUND('',#10474,.T.);
#10474 = EDGE_LOOP('',(#10475,#10476,#10482,#10483));
#10475 = ORIENTED_EDGE('',*,*,#9787,.F.);
#10476 = ORIENTED_EDGE('',*,*,#10477,.T.);
#10477 = EDGE_CURVE('',#9788,#9905,#10478,.T.);
#10478 = LINE('',#10479,#10480);
#10479 = CARTESIAN_POINT('',(7.82,0.12,-3.4));
#10480 = VECTOR('',#10481,1.);
#10481 = DIRECTION('',(-1.,1.224646799147E-16,0.));
#10482 = ORIENTED_EDGE('',*,*,#9904,.T.);
#10483 = ORIENTED_EDGE('',*,*,#9843,.F.);
#10484 = PLANE('',#10485);
#10485 = AXIS2_PLACEMENT_3D('',#10486,#10487,#10488);
#10486 = CARTESIAN_POINT('',(7.82,0.204403742653,-3.301223703467));
#10487 = DIRECTION('',(9.310387150808E-17,0.760250805153,-0.64962967394)
  );
#10488 = DIRECTION('',(-1.,1.224646799148E-16,-5.515863360725E-29));
#10489 = ADVANCED_FACE('',(#10490),#10496,.F.);
#10490 = FACE_BOUND('',#10491,.F.);
#10491 = EDGE_LOOP('',(#10492,#10493,#10494,#10495));
#10492 = ORIENTED_EDGE('',*,*,#10477,.T.);
#10493 = ORIENTED_EDGE('',*,*,#9912,.T.);
#10494 = ORIENTED_EDGE('',*,*,#10460,.F.);
#10495 = ORIENTED_EDGE('',*,*,#9797,.F.);
#10496 = PLANE('',#10497);
#10497 = AXIS2_PLACEMENT_3D('',#10498,#10499,#10500);
#10498 = CARTESIAN_POINT('',(7.82,0.32,-3.4));
#10499 = DIRECTION('',(0.,0.,1.));
#10500 = DIRECTION('',(-1.224646799147E-16,-1.,0.));
#10501 = ADVANCED_FACE('',(#10502),#10527,.T.);
#10502 = FACE_BOUND('',#10503,.F.);
#10503 = EDGE_LOOP('',(#10504,#10512,#10520,#10526));
#10504 = ORIENTED_EDGE('',*,*,#10505,.F.);
#10505 = EDGE_CURVE('',#10506,#9938,#10508,.T.);
#10506 = VERTEX_POINT('',#10507);
#10507 = CARTESIAN_POINT('',(2.62,-7.1,3.87));
#10508 = LINE('',#10509,#10510);
#10509 = CARTESIAN_POINT('',(2.646666666667,-7.073333333333,
    3.896666666667));
#10510 = VECTOR('',#10511,1.);
#10511 = DIRECTION('',(0.57735026919,0.57735026919,0.57735026919));
#10512 = ORIENTED_EDGE('',*,*,#10513,.T.);
#10513 = EDGE_CURVE('',#10506,#10514,#10516,.T.);
#10514 = VERTEX_POINT('',#10515);
#10515 = CARTESIAN_POINT('',(2.38,-7.1,3.87));
#10516 = LINE('',#10517,#10518);
#10517 = CARTESIAN_POINT('',(2.82,-7.1,3.87));
#10518 = VECTOR('',#10519,1.);
#10519 = DIRECTION('',(-1.,1.224646799147E-16,0.));
#10520 = ORIENTED_EDGE('',*,*,#10521,.F.);
#10521 = EDGE_CURVE('',#9946,#10514,#10522,.T.);
#10522 = LINE('',#10523,#10524);
#10523 = CARTESIAN_POINT('',(2.46,-7.18,3.79));
#10524 = VECTOR('',#10525,1.);
#10525 = DIRECTION('',(0.57735026919,-0.57735026919,-0.57735026919));
#10526 = ORIENTED_EDGE('',*,*,#9945,.F.);
#10527 = PLANE('',#10528);
#10528 = AXIS2_PLACEMENT_3D('',#10529,#10530,#10531);
#10529 = CARTESIAN_POINT('',(2.82,-7.,3.97));
#10530 = DIRECTION('',(-8.659560562349E-17,-0.707106781187,
    0.707106781187));
#10531 = DIRECTION('',(1.,-1.224646799147E-16,-2.105272540809E-29));
#10532 = ADVANCED_FACE('',(#10533),#10551,.F.);
#10533 = FACE_BOUND('',#10534,.F.);
#10534 = EDGE_LOOP('',(#10535,#10543,#10544,#10545));
#10535 = ORIENTED_EDGE('',*,*,#10536,.F.);
#10536 = EDGE_CURVE('',#9969,#10537,#10539,.T.);
#10537 = VERTEX_POINT('',#10538);
#10538 = CARTESIAN_POINT('',(2.38,-7.1,3.63));
#10539 = LINE('',#10540,#10541);
#10540 = CARTESIAN_POINT('',(2.353333333333,-7.073333333333,
    3.603333333333));
#10541 = VECTOR('',#10542,1.);
#10542 = DIRECTION('',(0.57735026919,-0.57735026919,0.57735026919));
#10543 = ORIENTED_EDGE('',*,*,#9968,.T.);
#10544 = ORIENTED_EDGE('',*,*,#10521,.T.);
#10545 = ORIENTED_EDGE('',*,*,#10546,.F.);
#10546 = EDGE_CURVE('',#10537,#10514,#10547,.T.);
#10547 = LINE('',#10548,#10549);
#10548 = CARTESIAN_POINT('',(2.38,-7.1,3.43));
#10549 = VECTOR('',#10550,1.);
#10550 = DIRECTION('',(0.,0.,1.));
#10551 = PLANE('',#10552);
#10552 = AXIS2_PLACEMENT_3D('',#10553,#10554,#10555);
#10553 = CARTESIAN_POINT('',(2.28,-7.,3.43));
#10554 = DIRECTION('',(0.707106781187,0.707106781187,1.735417226644E-18)
  );
#10555 = DIRECTION('',(-1.227125289148E-18,-1.227125289148E-18,1.));
#10556 = ADVANCED_FACE('',(#10557),#10575,.T.);
#10557 = FACE_BOUND('',#10558,.F.);
#10558 = EDGE_LOOP('',(#10559,#10567,#10568,#10569));
#10559 = ORIENTED_EDGE('',*,*,#10560,.F.);
#10560 = EDGE_CURVE('',#9993,#10561,#10563,.T.);
#10561 = VERTEX_POINT('',#10562);
#10562 = CARTESIAN_POINT('',(2.62,-7.1,3.63));
#10563 = LINE('',#10564,#10565);
#10564 = CARTESIAN_POINT('',(2.753333333333,-6.966666666667,
    3.496666666667));
#10565 = VECTOR('',#10566,1.);
#10566 = DIRECTION('',(-0.57735026919,-0.57735026919,0.57735026919));
#10567 = ORIENTED_EDGE('',*,*,#10002,.T.);
#10568 = ORIENTED_EDGE('',*,*,#10536,.T.);
#10569 = ORIENTED_EDGE('',*,*,#10570,.F.);
#10570 = EDGE_CURVE('',#10561,#10537,#10571,.T.);
#10571 = LINE('',#10572,#10573);
#10572 = CARTESIAN_POINT('',(2.82,-7.1,3.63));
#10573 = VECTOR('',#10574,1.);
#10574 = DIRECTION('',(-1.,1.224646799147E-16,0.));
#10575 = PLANE('',#10576);
#10576 = AXIS2_PLACEMENT_3D('',#10577,#10578,#10579);
#10577 = CARTESIAN_POINT('',(2.82,-7.,3.53));
#10578 = DIRECTION('',(-8.659560562349E-17,-0.707106781187,
    -0.707106781187));
#10579 = DIRECTION('',(1.,-1.224646799147E-16,2.105272540809E-29));
#10580 = ADVANCED_FACE('',(#10581),#10592,.T.);
#10581 = FACE_BOUND('',#10582,.T.);
#10582 = EDGE_LOOP('',(#10583,#10584,#10585,#10586));
#10583 = ORIENTED_EDGE('',*,*,#10560,.F.);
#10584 = ORIENTED_EDGE('',*,*,#10016,.T.);
#10585 = ORIENTED_EDGE('',*,*,#10505,.F.);
#10586 = ORIENTED_EDGE('',*,*,#10587,.F.);
#10587 = EDGE_CURVE('',#10561,#10506,#10588,.T.);
#10588 = LINE('',#10589,#10590);
#10589 = CARTESIAN_POINT('',(2.62,-7.1,3.43));
#10590 = VECTOR('',#10591,1.);
#10591 = DIRECTION('',(0.,0.,1.));
#10592 = PLANE('',#10593);
#10593 = AXIS2_PLACEMENT_3D('',#10594,#10595,#10596);
#10594 = CARTESIAN_POINT('',(2.72,-7.,3.43));
#10595 = DIRECTION('',(0.707106781187,-0.707106781187,
    -1.735417226644E-18));
#10596 = DIRECTION('',(1.227125289148E-18,-1.227125289148E-18,1.));
#10597 = ADVANCED_FACE('',(#10598),#10623,.T.);
#10598 = FACE_BOUND('',#10599,.T.);
#10599 = EDGE_LOOP('',(#10600,#10608,#10609,#10617));
#10600 = ORIENTED_EDGE('',*,*,#10601,.F.);
#10601 = EDGE_CURVE('',#10034,#10602,#10604,.T.);
#10602 = VERTEX_POINT('',#10603);
#10603 = CARTESIAN_POINT('',(7.62,-7.1,3.63));
#10604 = LINE('',#10605,#10606);
#10605 = CARTESIAN_POINT('',(7.753333333333,-6.966666666667,
    3.496666666667));
#10606 = VECTOR('',#10607,1.);
#10607 = DIRECTION('',(-0.57735026919,-0.57735026919,0.57735026919));
#10608 = ORIENTED_EDGE('',*,*,#10033,.T.);
#10609 = ORIENTED_EDGE('',*,*,#10610,.F.);
#10610 = EDGE_CURVE('',#10611,#10036,#10613,.T.);
#10611 = VERTEX_POINT('',#10612);
#10612 = CARTESIAN_POINT('',(7.62,-7.1,3.87));
#10613 = LINE('',#10614,#10615);
#10614 = CARTESIAN_POINT('',(7.646666666667,-7.073333333333,
    3.896666666667));
#10615 = VECTOR('',#10616,1.);
#10616 = DIRECTION('',(0.57735026919,0.57735026919,0.57735026919));
#10617 = ORIENTED_EDGE('',*,*,#10618,.F.);
#10618 = EDGE_CURVE('',#10602,#10611,#10619,.T.);
#10619 = LINE('',#10620,#10621);
#10620 = CARTESIAN_POINT('',(7.62,-7.1,3.43));
#10621 = VECTOR('',#10622,1.);
#10622 = DIRECTION('',(0.,0.,1.));
#10623 = PLANE('',#10624);
#10624 = AXIS2_PLACEMENT_3D('',#10625,#10626,#10627);
#10625 = CARTESIAN_POINT('',(7.72,-7.,3.43));
#10626 = DIRECTION('',(0.707106781187,-0.707106781187,
    -1.735417226644E-18));
#10627 = DIRECTION('',(1.227125289148E-18,-1.227125289148E-18,1.));
#10628 = ADVANCED_FACE('',(#10629),#10647,.T.);
#10629 = FACE_BOUND('',#10630,.F.);
#10630 = EDGE_LOOP('',(#10631,#10632,#10640,#10646));
#10631 = ORIENTED_EDGE('',*,*,#10610,.F.);
#10632 = ORIENTED_EDGE('',*,*,#10633,.T.);
#10633 = EDGE_CURVE('',#10611,#10634,#10636,.T.);
#10634 = VERTEX_POINT('',#10635);
#10635 = CARTESIAN_POINT('',(7.38,-7.1,3.87));
#10636 = LINE('',#10637,#10638);
#10637 = CARTESIAN_POINT('',(7.82,-7.1,3.87));
#10638 = VECTOR('',#10639,1.);
#10639 = DIRECTION('',(-1.,1.224646799147E-16,0.));
#10640 = ORIENTED_EDGE('',*,*,#10641,.F.);
#10641 = EDGE_CURVE('',#10066,#10634,#10642,.T.);
#10642 = LINE('',#10643,#10644);
#10643 = CARTESIAN_POINT('',(7.46,-7.18,3.79));
#10644 = VECTOR('',#10645,1.);
#10645 = DIRECTION('',(0.57735026919,-0.57735026919,-0.57735026919));
#10646 = ORIENTED_EDGE('',*,*,#10065,.F.);
#10647 = PLANE('',#10648);
#10648 = AXIS2_PLACEMENT_3D('',#10649,#10650,#10651);
#10649 = CARTESIAN_POINT('',(7.82,-7.,3.97));
#10650 = DIRECTION('',(-8.659560562349E-17,-0.707106781187,
    0.707106781187));
#10651 = DIRECTION('',(1.,-1.224646799147E-16,-2.105272540809E-29));
#10652 = ADVANCED_FACE('',(#10653),#10671,.F.);
#10653 = FACE_BOUND('',#10654,.F.);
#10654 = EDGE_LOOP('',(#10655,#10663,#10664,#10665));
#10655 = ORIENTED_EDGE('',*,*,#10656,.F.);
#10656 = EDGE_CURVE('',#10089,#10657,#10659,.T.);
#10657 = VERTEX_POINT('',#10658);
#10658 = CARTESIAN_POINT('',(7.38,-7.1,3.63));
#10659 = LINE('',#10660,#10661);
#10660 = CARTESIAN_POINT('',(7.353333333333,-7.073333333333,
    3.603333333333));
#10661 = VECTOR('',#10662,1.);
#10662 = DIRECTION('',(0.57735026919,-0.57735026919,0.57735026919));
#10663 = ORIENTED_EDGE('',*,*,#10088,.T.);
#10664 = ORIENTED_EDGE('',*,*,#10641,.T.);
#10665 = ORIENTED_EDGE('',*,*,#10666,.F.);
#10666 = EDGE_CURVE('',#10657,#10634,#10667,.T.);
#10667 = LINE('',#10668,#10669);
#10668 = CARTESIAN_POINT('',(7.38,-7.1,3.43));
#10669 = VECTOR('',#10670,1.);
#10670 = DIRECTION('',(0.,0.,1.));
#10671 = PLANE('',#10672);
#10672 = AXIS2_PLACEMENT_3D('',#10673,#10674,#10675);
#10673 = CARTESIAN_POINT('',(7.28,-7.,3.43));
#10674 = DIRECTION('',(0.707106781187,0.707106781187,1.735417226644E-18)
  );
#10675 = DIRECTION('',(-1.227125289148E-18,-1.227125289148E-18,1.));
#10676 = ADVANCED_FACE('',(#10677),#10688,.T.);
#10677 = FACE_BOUND('',#10678,.F.);
#10678 = EDGE_LOOP('',(#10679,#10680,#10681,#10682));
#10679 = ORIENTED_EDGE('',*,*,#10601,.F.);
#10680 = ORIENTED_EDGE('',*,*,#10115,.T.);
#10681 = ORIENTED_EDGE('',*,*,#10656,.T.);
#10682 = ORIENTED_EDGE('',*,*,#10683,.F.);
#10683 = EDGE_CURVE('',#10602,#10657,#10684,.T.);
#10684 = LINE('',#10685,#10686);
#10685 = CARTESIAN_POINT('',(7.82,-7.1,3.63));
#10686 = VECTOR('',#10687,1.);
#10687 = DIRECTION('',(-1.,1.224646799147E-16,0.));
#10688 = PLANE('',#10689);
#10689 = AXIS2_PLACEMENT_3D('',#10690,#10691,#10692);
#10690 = CARTESIAN_POINT('',(7.82,-7.,3.53));
#10691 = DIRECTION('',(-8.659560562349E-17,-0.707106781187,
    -0.707106781187));
#10692 = DIRECTION('',(1.,-1.224646799147E-16,2.105272540809E-29));
#10693 = ADVANCED_FACE('',(#10694),#10719,.T.);
#10694 = FACE_BOUND('',#10695,.F.);
#10695 = EDGE_LOOP('',(#10696,#10704,#10712,#10718));
#10696 = ORIENTED_EDGE('',*,*,#10697,.F.);
#10697 = EDGE_CURVE('',#10698,#10130,#10700,.T.);
#10698 = VERTEX_POINT('',#10699);
#10699 = CARTESIAN_POINT('',(5.12,-7.1,3.87));
#10700 = LINE('',#10701,#10702);
#10701 = CARTESIAN_POINT('',(5.146666666667,-7.073333333333,
    3.896666666667));
#10702 = VECTOR('',#10703,1.);
#10703 = DIRECTION('',(0.57735026919,0.57735026919,0.57735026919));
#10704 = ORIENTED_EDGE('',*,*,#10705,.T.);
#10705 = EDGE_CURVE('',#10698,#10706,#10708,.T.);
#10706 = VERTEX_POINT('',#10707);
#10707 = CARTESIAN_POINT('',(4.88,-7.1,3.87));
#10708 = LINE('',#10709,#10710);
#10709 = CARTESIAN_POINT('',(5.32,-7.1,3.87));
#10710 = VECTOR('',#10711,1.);
#10711 = DIRECTION('',(-1.,1.224646799147E-16,0.));
#10712 = ORIENTED_EDGE('',*,*,#10713,.F.);
#10713 = EDGE_CURVE('',#10138,#10706,#10714,.T.);
#10714 = LINE('',#10715,#10716);
#10715 = CARTESIAN_POINT('',(4.96,-7.18,3.79));
#10716 = VECTOR('',#10717,1.);
#10717 = DIRECTION('',(0.57735026919,-0.57735026919,-0.57735026919));
#10718 = ORIENTED_EDGE('',*,*,#10137,.F.);
#10719 = PLANE('',#10720);
#10720 = AXIS2_PLACEMENT_3D('',#10721,#10722,#10723);
#10721 = CARTESIAN_POINT('',(5.32,-7.,3.97));
#10722 = DIRECTION('',(-8.659560562349E-17,-0.707106781187,
    0.707106781187));
#10723 = DIRECTION('',(1.,-1.224646799147E-16,-2.105272540809E-29));
#10724 = ADVANCED_FACE('',(#10725),#10743,.F.);
#10725 = FACE_BOUND('',#10726,.F.);
#10726 = EDGE_LOOP('',(#10727,#10735,#10736,#10737));
#10727 = ORIENTED_EDGE('',*,*,#10728,.F.);
#10728 = EDGE_CURVE('',#10161,#10729,#10731,.T.);
#10729 = VERTEX_POINT('',#10730);
#10730 = CARTESIAN_POINT('',(4.88,-7.1,3.63));
#10731 = LINE('',#10732,#10733);
#10732 = CARTESIAN_POINT('',(4.853333333333,-7.073333333333,
    3.603333333333));
#10733 = VECTOR('',#10734,1.);
#10734 = DIRECTION('',(0.57735026919,-0.57735026919,0.57735026919));
#10735 = ORIENTED_EDGE('',*,*,#10160,.T.);
#10736 = ORIENTED_EDGE('',*,*,#10713,.T.);
#10737 = ORIENTED_EDGE('',*,*,#10738,.F.);
#10738 = EDGE_CURVE('',#10729,#10706,#10739,.T.);
#10739 = LINE('',#10740,#10741);
#10740 = CARTESIAN_POINT('',(4.88,-7.1,3.43));
#10741 = VECTOR('',#10742,1.);
#10742 = DIRECTION('',(0.,0.,1.));
#10743 = PLANE('',#10744);
#10744 = AXIS2_PLACEMENT_3D('',#10745,#10746,#10747);
#10745 = CARTESIAN_POINT('',(4.78,-7.,3.43));
#10746 = DIRECTION('',(0.707106781187,0.707106781187,1.735417226644E-18)
  );
#10747 = DIRECTION('',(-1.227125289148E-18,-1.227125289148E-18,1.));
#10748 = ADVANCED_FACE('',(#10749),#10767,.T.);
#10749 = FACE_BOUND('',#10750,.F.);
#10750 = EDGE_LOOP('',(#10751,#10759,#10760,#10761));
#10751 = ORIENTED_EDGE('',*,*,#10752,.F.);
#10752 = EDGE_CURVE('',#10185,#10753,#10755,.T.);
#10753 = VERTEX_POINT('',#10754);
#10754 = CARTESIAN_POINT('',(5.12,-7.1,3.63));
#10755 = LINE('',#10756,#10757);
#10756 = CARTESIAN_POINT('',(5.253333333333,-6.966666666667,
    3.496666666667));
#10757 = VECTOR('',#10758,1.);
#10758 = DIRECTION('',(-0.57735026919,-0.57735026919,0.57735026919));
#10759 = ORIENTED_EDGE('',*,*,#10194,.T.);
#10760 = ORIENTED_EDGE('',*,*,#10728,.T.);
#10761 = ORIENTED_EDGE('',*,*,#10762,.F.);
#10762 = EDGE_CURVE('',#10753,#10729,#10763,.T.);
#10763 = LINE('',#10764,#10765);
#10764 = CARTESIAN_POINT('',(5.32,-7.1,3.63));
#10765 = VECTOR('',#10766,1.);
#10766 = DIRECTION('',(-1.,1.224646799147E-16,0.));
#10767 = PLANE('',#10768);
#10768 = AXIS2_PLACEMENT_3D('',#10769,#10770,#10771);
#10769 = CARTESIAN_POINT('',(5.32,-7.,3.53));
#10770 = DIRECTION('',(-8.659560562349E-17,-0.707106781187,
    -0.707106781187));
#10771 = DIRECTION('',(1.,-1.224646799147E-16,2.105272540809E-29));
#10772 = ADVANCED_FACE('',(#10773),#10784,.T.);
#10773 = FACE_BOUND('',#10774,.T.);
#10774 = EDGE_LOOP('',(#10775,#10776,#10777,#10778));
#10775 = ORIENTED_EDGE('',*,*,#10752,.F.);
#10776 = ORIENTED_EDGE('',*,*,#10208,.T.);
#10777 = ORIENTED_EDGE('',*,*,#10697,.F.);
#10778 = ORIENTED_EDGE('',*,*,#10779,.F.);
#10779 = EDGE_CURVE('',#10753,#10698,#10780,.T.);
#10780 = LINE('',#10781,#10782);
#10781 = CARTESIAN_POINT('',(5.12,-7.1,3.43));
#10782 = VECTOR('',#10783,1.);
#10783 = DIRECTION('',(0.,0.,1.));
#10784 = PLANE('',#10785);
#10785 = AXIS2_PLACEMENT_3D('',#10786,#10787,#10788);
#10786 = CARTESIAN_POINT('',(5.22,-7.,3.43));
#10787 = DIRECTION('',(0.707106781187,-0.707106781187,
    -1.735417226644E-18));
#10788 = DIRECTION('',(1.227125289148E-18,-1.227125289148E-18,1.));
#10789 = ADVANCED_FACE('',(#10790),#10815,.F.);
#10790 = FACE_BOUND('',#10791,.F.);
#10791 = EDGE_LOOP('',(#10792,#10800,#10801,#10809));
#10792 = ORIENTED_EDGE('',*,*,#10793,.F.);
#10793 = EDGE_CURVE('',#10226,#10794,#10796,.T.);
#10794 = VERTEX_POINT('',#10795);
#10795 = CARTESIAN_POINT('',(-0.12,-7.1,3.63));
#10796 = LINE('',#10797,#10798);
#10797 = CARTESIAN_POINT('',(-0.146666666667,-7.073333333333,
    3.603333333333));
#10798 = VECTOR('',#10799,1.);
#10799 = DIRECTION('',(0.57735026919,-0.57735026919,0.57735026919));
#10800 = ORIENTED_EDGE('',*,*,#10225,.T.);
#10801 = ORIENTED_EDGE('',*,*,#10802,.T.);
#10802 = EDGE_CURVE('',#10228,#10803,#10805,.T.);
#10803 = VERTEX_POINT('',#10804);
#10804 = CARTESIAN_POINT('',(-0.12,-7.1,3.87));
#10805 = LINE('',#10806,#10807);
#10806 = CARTESIAN_POINT('',(-4.E-02,-7.18,3.79));
#10807 = VECTOR('',#10808,1.);
#10808 = DIRECTION('',(0.57735026919,-0.57735026919,-0.57735026919));
#10809 = ORIENTED_EDGE('',*,*,#10810,.F.);
#10810 = EDGE_CURVE('',#10794,#10803,#10811,.T.);
#10811 = LINE('',#10812,#10813);
#10812 = CARTESIAN_POINT('',(-0.12,-7.1,3.43));
#10813 = VECTOR('',#10814,1.);
#10814 = DIRECTION('',(0.,0.,1.));
#10815 = PLANE('',#10816);
#10816 = AXIS2_PLACEMENT_3D('',#10817,#10818,#10819);
#10817 = CARTESIAN_POINT('',(-0.22,-7.,3.43));
#10818 = DIRECTION('',(0.707106781187,0.707106781187,1.735417226644E-18)
  );
#10819 = DIRECTION('',(-1.227125289148E-18,-1.227125289148E-18,1.));
#10820 = ADVANCED_FACE('',(#10821),#10839,.T.);
#10821 = FACE_BOUND('',#10822,.F.);
#10822 = EDGE_LOOP('',(#10823,#10831,#10832,#10833));
#10823 = ORIENTED_EDGE('',*,*,#10824,.F.);
#10824 = EDGE_CURVE('',#10257,#10825,#10827,.T.);
#10825 = VERTEX_POINT('',#10826);
#10826 = CARTESIAN_POINT('',(0.12,-7.1,3.63));
#10827 = LINE('',#10828,#10829);
#10828 = CARTESIAN_POINT('',(0.253333333333,-6.966666666667,
    3.496666666667));
#10829 = VECTOR('',#10830,1.);
#10830 = DIRECTION('',(-0.57735026919,-0.57735026919,0.57735026919));
#10831 = ORIENTED_EDGE('',*,*,#10266,.T.);
#10832 = ORIENTED_EDGE('',*,*,#10793,.T.);
#10833 = ORIENTED_EDGE('',*,*,#10834,.F.);
#10834 = EDGE_CURVE('',#10825,#10794,#10835,.T.);
#10835 = LINE('',#10836,#10837);
#10836 = CARTESIAN_POINT('',(0.32,-7.1,3.63));
#10837 = VECTOR('',#10838,1.);
#10838 = DIRECTION('',(-1.,1.224646799147E-16,0.));
#10839 = PLANE('',#10840);
#10840 = AXIS2_PLACEMENT_3D('',#10841,#10842,#10843);
#10841 = CARTESIAN_POINT('',(0.32,-7.,3.53));
#10842 = DIRECTION('',(-8.659560562349E-17,-0.707106781187,
    -0.707106781187));
#10843 = DIRECTION('',(1.,-1.224646799147E-16,2.105272540809E-29));
#10844 = ADVANCED_FACE('',(#10845),#10863,.T.);
#10845 = FACE_BOUND('',#10846,.T.);
#10846 = EDGE_LOOP('',(#10847,#10848,#10849,#10857));
#10847 = ORIENTED_EDGE('',*,*,#10824,.F.);
#10848 = ORIENTED_EDGE('',*,*,#10280,.T.);
#10849 = ORIENTED_EDGE('',*,*,#10850,.F.);
#10850 = EDGE_CURVE('',#10851,#10281,#10853,.T.);
#10851 = VERTEX_POINT('',#10852);
#10852 = CARTESIAN_POINT('',(0.12,-7.1,3.87));
#10853 = LINE('',#10854,#10855);
#10854 = CARTESIAN_POINT('',(0.146666666667,-7.073333333333,
    3.896666666667));
#10855 = VECTOR('',#10856,1.);
#10856 = DIRECTION('',(0.57735026919,0.57735026919,0.57735026919));
#10857 = ORIENTED_EDGE('',*,*,#10858,.F.);
#10858 = EDGE_CURVE('',#10825,#10851,#10859,.T.);
#10859 = LINE('',#10860,#10861);
#10860 = CARTESIAN_POINT('',(0.12,-7.1,3.43));
#10861 = VECTOR('',#10862,1.);
#10862 = DIRECTION('',(0.,0.,1.));
#10863 = PLANE('',#10864);
#10864 = AXIS2_PLACEMENT_3D('',#10865,#10866,#10867);
#10865 = CARTESIAN_POINT('',(0.22,-7.,3.43));
#10866 = DIRECTION('',(0.707106781187,-0.707106781187,
    -1.735417226644E-18));
#10867 = DIRECTION('',(1.227125289148E-18,-1.227125289148E-18,1.));
#10868 = ADVANCED_FACE('',(#10869),#10880,.T.);
#10869 = FACE_BOUND('',#10870,.F.);
#10870 = EDGE_LOOP('',(#10871,#10872,#10878,#10879));
#10871 = ORIENTED_EDGE('',*,*,#10850,.F.);
#10872 = ORIENTED_EDGE('',*,*,#10873,.T.);
#10873 = EDGE_CURVE('',#10851,#10803,#10874,.T.);
#10874 = LINE('',#10875,#10876);
#10875 = CARTESIAN_POINT('',(0.32,-7.1,3.87));
#10876 = VECTOR('',#10877,1.);
#10877 = DIRECTION('',(-1.,1.224646799147E-16,0.));
#10878 = ORIENTED_EDGE('',*,*,#10802,.F.);
#10879 = ORIENTED_EDGE('',*,*,#10305,.F.);
#10880 = PLANE('',#10881);
#10881 = AXIS2_PLACEMENT_3D('',#10882,#10883,#10884);
#10882 = CARTESIAN_POINT('',(0.32,-7.,3.97));
#10883 = DIRECTION('',(-8.659560562349E-17,-0.707106781187,
    0.707106781187));
#10884 = DIRECTION('',(1.,-1.224646799147E-16,-2.105272540809E-29));
#10885 = ADVANCED_FACE('',(#10886),#10892,.F.);
#10886 = FACE_BOUND('',#10887,.F.);
#10887 = EDGE_LOOP('',(#10888,#10889,#10890,#10891));
#10888 = ORIENTED_EDGE('',*,*,#10570,.T.);
#10889 = ORIENTED_EDGE('',*,*,#10546,.T.);
#10890 = ORIENTED_EDGE('',*,*,#10513,.F.);
#10891 = ORIENTED_EDGE('',*,*,#10587,.F.);
#10892 = PLANE('',#10893);
#10893 = AXIS2_PLACEMENT_3D('',#10894,#10895,#10896);
#10894 = CARTESIAN_POINT('',(2.82,-7.1,3.43));
#10895 = DIRECTION('',(1.224646799147E-16,1.,0.));
#10896 = DIRECTION('',(0.,-0.,1.));
#10897 = ADVANCED_FACE('',(#10898),#10904,.F.);
#10898 = FACE_BOUND('',#10899,.F.);
#10899 = EDGE_LOOP('',(#10900,#10901,#10902,#10903));
#10900 = ORIENTED_EDGE('',*,*,#10683,.T.);
#10901 = ORIENTED_EDGE('',*,*,#10666,.T.);
#10902 = ORIENTED_EDGE('',*,*,#10633,.F.);
#10903 = ORIENTED_EDGE('',*,*,#10618,.F.);
#10904 = PLANE('',#10905);
#10905 = AXIS2_PLACEMENT_3D('',#10906,#10907,#10908);
#10906 = CARTESIAN_POINT('',(7.82,-7.1,3.43));
#10907 = DIRECTION('',(1.224646799147E-16,1.,0.));
#10908 = DIRECTION('',(0.,-0.,1.));
#10909 = ADVANCED_FACE('',(#10910),#10916,.F.);
#10910 = FACE_BOUND('',#10911,.F.);
#10911 = EDGE_LOOP('',(#10912,#10913,#10914,#10915));
#10912 = ORIENTED_EDGE('',*,*,#10762,.T.);
#10913 = ORIENTED_EDGE('',*,*,#10738,.T.);
#10914 = ORIENTED_EDGE('',*,*,#10705,.F.);
#10915 = ORIENTED_EDGE('',*,*,#10779,.F.);
#10916 = PLANE('',#10917);
#10917 = AXIS2_PLACEMENT_3D('',#10918,#10919,#10920);
#10918 = CARTESIAN_POINT('',(5.32,-7.1,3.43));
#10919 = DIRECTION('',(1.224646799147E-16,1.,0.));
#10920 = DIRECTION('',(0.,-0.,1.));
#10921 = ADVANCED_FACE('',(#10922),#10928,.F.);
#10922 = FACE_BOUND('',#10923,.F.);
#10923 = EDGE_LOOP('',(#10924,#10925,#10926,#10927));
#10924 = ORIENTED_EDGE('',*,*,#10834,.T.);
#10925 = ORIENTED_EDGE('',*,*,#10810,.T.);
#10926 = ORIENTED_EDGE('',*,*,#10873,.F.);
#10927 = ORIENTED_EDGE('',*,*,#10858,.F.);
#10928 = PLANE('',#10929);
#10929 = AXIS2_PLACEMENT_3D('',#10930,#10931,#10932);
#10930 = CARTESIAN_POINT('',(0.32,-7.1,3.43));
#10931 = DIRECTION('',(1.224646799147E-16,1.,0.));
#10932 = DIRECTION('',(0.,-0.,1.));
#10933 = ( GEOMETRIC_REPRESENTATION_CONTEXT(3) 
GLOBAL_UNCERTAINTY_ASSIGNED_CONTEXT((#10937)) 
GLOBAL_UNIT_ASSIGNED_CONTEXT((#10934,#10935,#10936)) 
REPRESENTATION_CONTEXT('Context #1',
  '3D Context with UNIT and UNCERTAINTY') );
#10934 = ( LENGTH_UNIT() NAMED_UNIT(*) SI_UNIT(.MILLI.,.METRE.) );
#10935 = ( NAMED_UNIT(*) PLANE_ANGLE_UNIT() SI_UNIT($,.RADIAN.) );
#10936 = ( NAMED_UNIT(*) SI_UNIT($,.STERADIAN.) SOLID_ANGLE_UNIT() );
#10937 = UNCERTAINTY_MEASURE_WITH_UNIT(LENGTH_MEASURE(1.E-07),#10934,
  'distance_accuracy_value','confusion accuracy');
#10938 = CONTEXT_DEPENDENT_SHAPE_REPRESENTATION(#10939,#10941);
#10939 = ( REPRESENTATION_RELATIONSHIP('','',#5929,#10) 
REPRESENTATION_RELATIONSHIP_WITH_TRANSFORMATION(#10940) 
SHAPE_REPRESENTATION_RELATIONSHIP() );
#10940 = ITEM_DEFINED_TRANSFORMATION('','',#11,#47);
#10941 = PRODUCT_DEFINITION_SHAPE('Placement','Placement of an item',
  #10942);
#10942 = NEXT_ASSEMBLY_USAGE_OCCURRENCE('9','J2','',#5,#5924,$);
#10943 = PRODUCT_RELATED_PRODUCT_CATEGORY('part',$,(#5926));
#10944 = CONTEXT_DEPENDENT_SHAPE_REPRESENTATION(#10945,#10947);
#10945 = ( REPRESENTATION_RELATIONSHIP('','',#535,#10) 
REPRESENTATION_RELATIONSHIP_WITH_TRANSFORMATION(#10946) 
SHAPE_REPRESENTATION_RELATIONSHIP() );
#10946 = ITEM_DEFINED_TRANSFORMATION('','',#11,#51);
#10947 = PRODUCT_DEFINITION_SHAPE('Placement','Placement of an item',
  #10948);
#10948 = NEXT_ASSEMBLY_USAGE_OCCURRENCE('10','C3','',#5,#530,$);
#10949 = CONTEXT_DEPENDENT_SHAPE_REPRESENTATION(#10950,#10952);
#10950 = ( REPRESENTATION_RELATIONSHIP('','',#535,#10) 
REPRESENTATION_RELATIONSHIP_WITH_TRANSFORMATION(#10951) 
SHAPE_REPRESENTATION_RELATIONSHIP() );
#10951 = ITEM_DEFINED_TRANSFORMATION('','',#11,#55);
#10952 = PRODUCT_DEFINITION_SHAPE('Placement','Placement of an item',
  #10953);
#10953 = NEXT_ASSEMBLY_USAGE_OCCURRENCE('11','C6','',#5,#530,$);
#10954 = CONTEXT_DEPENDENT_SHAPE_REPRESENTATION(#10955,#10957);
#10955 = ( REPRESENTATION_RELATIONSHIP('','',#1123,#10) 
REPRESENTATION_RELATIONSHIP_WITH_TRANSFORMATION(#10956) 
SHAPE_REPRESENTATION_RELATIONSHIP() );
#10956 = ITEM_DEFINED_TRANSFORMATION('','',#11,#59);
#10957 = PRODUCT_DEFINITION_SHAPE('Placement','Placement of an item',
  #10958);
#10958 = NEXT_ASSEMBLY_USAGE_OCCURRENCE('12','U2','',#5,#1118,$);
#10959 = CONTEXT_DEPENDENT_SHAPE_REPRESENTATION(#10960,#10962);
#10960 = ( REPRESENTATION_RELATIONSHIP('','',#535,#10) 
REPRESENTATION_RELATIONSHIP_WITH_TRANSFORMATION(#10961) 
SHAPE_REPRESENTATION_RELATIONSHIP() );
#10961 = ITEM_DEFINED_TRANSFORMATION('','',#11,#63);
#10962 = PRODUCT_DEFINITION_SHAPE('Placement','Placement of an item',
  #10963);
#10963 = NEXT_ASSEMBLY_USAGE_OCCURRENCE('13','C5','',#5,#530,$);
#10964 = SHAPE_DEFINITION_REPRESENTATION(#10965,#10971);
#10965 = PRODUCT_DEFINITION_SHAPE('','',#10966);
#10966 = PRODUCT_DEFINITION('design','',#10967,#10970);
#10967 = PRODUCT_DEFINITION_FORMATION('','',#10968);
#10968 = PRODUCT('CP_Radial_D5.0mm_P2.00mm','CP_Radial_D5.0mm_P2.00mm',
  '',(#10969));
#10969 = PRODUCT_CONTEXT('',#2,'mechanical');
#10970 = PRODUCT_DEFINITION_CONTEXT('part definition',#2,'design');
#10971 = ADVANCED_BREP_SHAPE_REPRESENTATION('',(#11,#10972),#13012);
#10972 = BREP_WITH_VOIDS('',#10973,(#12890));
#10973 = CLOSED_SHELL('',(#10974,#10991,#11016,#11065,#11098,#11116,
    #11141,#11173,#11191,#11200,#11238,#11260,#11320,#11348,#11514,
    #11580,#11646,#11764,#11930,#12010,#12044,#12124,#12156,#12222,
    #12299,#12333,#12348,#12366,#12398,#12416,#12559,#12611,#12635,
    #12659,#12683,#12745,#12762,#12786,#12802,#12826,#12838,#12854,
    #12866,#12878));
#10974 = ADVANCED_FACE('',(#10975),#10986,.F.);
#10975 = FACE_BOUND('',#10976,.F.);
#10976 = EDGE_LOOP('',(#10977));
#10977 = ORIENTED_EDGE('',*,*,#10978,.T.);
#10978 = EDGE_CURVE('',#10979,#10979,#10981,.T.);
#10979 = VERTEX_POINT('',#10980);
#10980 = CARTESIAN_POINT('',(1.75,-9.184850993605E-17,-1.9));
#10981 = CIRCLE('',#10982,0.25);
#10982 = AXIS2_PLACEMENT_3D('',#10983,#10984,#10985);
#10983 = CARTESIAN_POINT('',(2.,-1.224646799147E-16,-1.9));
#10984 = DIRECTION('',(0.,0.,1.));
#10985 = DIRECTION('',(-1.,1.224646799147E-16,0.));
#10986 = PLANE('',#10987);
#10987 = AXIS2_PLACEMENT_3D('',#10988,#10989,#10990);
#10988 = CARTESIAN_POINT('',(2.,-1.443086680282E-16,-1.9));
#10989 = DIRECTION('',(-1.889979252092E-31,4.08046586736E-33,1.));
#10990 = DIRECTION('',(-1.,1.224646799147E-16,-1.889979252092E-31));
#10991 = ADVANCED_FACE('',(#10992),#11011,.T.);
#10992 = FACE_BOUND('',#10993,.T.);
#10993 = EDGE_LOOP('',(#10994,#11003,#11009,#11010));
#10994 = ORIENTED_EDGE('',*,*,#10995,.F.);
#10995 = EDGE_CURVE('',#10996,#10996,#10998,.T.);
#10996 = VERTEX_POINT('',#10997);
#10997 = CARTESIAN_POINT('',(1.75,-9.184850993605E-17,0.2));
#10998 = CIRCLE('',#10999,0.25);
#10999 = AXIS2_PLACEMENT_3D('',#11000,#11001,#11002);
#11000 = CARTESIAN_POINT('',(2.,-1.224646799147E-16,0.2));
#11001 = DIRECTION('',(0.,0.,1.));
#11002 = DIRECTION('',(-1.,1.224646799147E-16,0.));
#11003 = ORIENTED_EDGE('',*,*,#11004,.T.);
#11004 = EDGE_CURVE('',#10996,#10979,#11005,.T.);
#11005 = LINE('',#11006,#11007);
#11006 = CARTESIAN_POINT('',(1.75,-9.184850993605E-17,0.3));
#11007 = VECTOR('',#11008,1.);
#11008 = DIRECTION('',(0.,0.,-1.));
#11009 = ORIENTED_EDGE('',*,*,#10978,.T.);
#11010 = ORIENTED_EDGE('',*,*,#11004,.F.);
#11011 = CYLINDRICAL_SURFACE('',#11012,0.25);
#11012 = AXIS2_PLACEMENT_3D('',#11013,#11014,#11015);
#11013 = CARTESIAN_POINT('',(2.,-1.224646799147E-16,0.3));
#11014 = DIRECTION('',(0.,0.,1.));
#11015 = DIRECTION('',(-1.,1.224646799147E-16,0.));
#11016 = ADVANCED_FACE('',(#11017,#11046,#11049),#11060,.F.);
#11017 = FACE_BOUND('',#11018,.F.);
#11018 = EDGE_LOOP('',(#11019,#11030,#11039));
#11019 = ORIENTED_EDGE('',*,*,#11020,.T.);
#11020 = EDGE_CURVE('',#11021,#11023,#11025,.T.);
#11021 = VERTEX_POINT('',#11022);
#11022 = CARTESIAN_POINT('',(-0.75,2.143131898508E-16,0.2));
#11023 = VERTEX_POINT('',#11024);
#11024 = CARTESIAN_POINT('',(2.616789181895,-0.669696006639,0.2));
#11025 = CIRCLE('',#11026,1.75);
#11026 = AXIS2_PLACEMENT_3D('',#11027,#11028,#11029);
#11027 = CARTESIAN_POINT('',(1.,0.,0.2));
#11028 = DIRECTION('',(0.,0.,1.));
#11029 = DIRECTION('',(-1.,1.224646799147E-16,0.));
#11030 = ORIENTED_EDGE('',*,*,#11031,.T.);
#11031 = EDGE_CURVE('',#11023,#11032,#11034,.T.);
#11032 = VERTEX_POINT('',#11033);
#11033 = CARTESIAN_POINT('',(2.616789181895,0.669696006639,0.2));
#11034 = CIRCLE('',#11035,1.75);
#11035 = AXIS2_PLACEMENT_3D('',#11036,#11037,#11038);
#11036 = CARTESIAN_POINT('',(1.,0.,0.2));
#11037 = DIRECTION('',(0.,0.,1.));
#11038 = DIRECTION('',(-1.,1.224646799147E-16,0.));
#11039 = ORIENTED_EDGE('',*,*,#11040,.T.);
#11040 = EDGE_CURVE('',#11032,#11021,#11041,.T.);
#11041 = CIRCLE('',#11042,1.75);
#11042 = AXIS2_PLACEMENT_3D('',#11043,#11044,#11045);
#11043 = CARTESIAN_POINT('',(1.,0.,0.2));
#11044 = DIRECTION('',(0.,0.,1.));
#11045 = DIRECTION('',(-1.,1.224646799147E-16,0.));
#11046 = FACE_BOUND('',#11047,.F.);
#11047 = EDGE_LOOP('',(#11048));
#11048 = ORIENTED_EDGE('',*,*,#10995,.F.);
#11049 = FACE_BOUND('',#11050,.F.);
#11050 = EDGE_LOOP('',(#11051));
#11051 = ORIENTED_EDGE('',*,*,#11052,.F.);
#11052 = EDGE_CURVE('',#11053,#11053,#11055,.T.);
#11053 = VERTEX_POINT('',#11054);
#11054 = CARTESIAN_POINT('',(-0.25,1.530808498934E-16,0.2));
#11055 = CIRCLE('',#11056,0.25);
#11056 = AXIS2_PLACEMENT_3D('',#11057,#11058,#11059);
#11057 = CARTESIAN_POINT('',(0.,1.224646799147E-16,0.2));
#11058 = DIRECTION('',(0.,0.,1.));
#11059 = DIRECTION('',(-1.,1.224646799147E-16,0.));
#11060 = PLANE('',#11061);
#11061 = AXIS2_PLACEMENT_3D('',#11062,#11063,#11064);
#11062 = CARTESIAN_POINT('',(1.,-1.239108604125E-16,0.2));
#11063 = DIRECTION('',(0.,0.,1.));
#11064 = DIRECTION('',(-1.,1.224646799147E-16,0.));
#11065 = ADVANCED_FACE('',(#11066),#11093,.F.);
#11066 = FACE_BOUND('',#11067,.F.);
#11067 = EDGE_LOOP('',(#11068,#11076,#11077,#11078,#11086));
#11068 = ORIENTED_EDGE('',*,*,#11069,.F.);
#11069 = EDGE_CURVE('',#11023,#11070,#11072,.T.);
#11070 = VERTEX_POINT('',#11071);
#11071 = CARTESIAN_POINT('',(2.616789181895,-0.669696006639,0.));
#11072 = LINE('',#11073,#11074);
#11073 = CARTESIAN_POINT('',(2.616789181895,-0.669696006639,0.3));
#11074 = VECTOR('',#11075,1.);
#11075 = DIRECTION('',(0.,0.,-1.));
#11076 = ORIENTED_EDGE('',*,*,#11020,.F.);
#11077 = ORIENTED_EDGE('',*,*,#11040,.F.);
#11078 = ORIENTED_EDGE('',*,*,#11079,.T.);
#11079 = EDGE_CURVE('',#11032,#11080,#11082,.T.);
#11080 = VERTEX_POINT('',#11081);
#11081 = CARTESIAN_POINT('',(2.616789181895,0.669696006639,0.));
#11082 = LINE('',#11083,#11084);
#11083 = CARTESIAN_POINT('',(2.616789181895,0.669696006639,0.3));
#11084 = VECTOR('',#11085,1.);
#11085 = DIRECTION('',(0.,0.,-1.));
#11086 = ORIENTED_EDGE('',*,*,#11087,.F.);
#11087 = EDGE_CURVE('',#11070,#11080,#11088,.T.);
#11088 = CIRCLE('',#11089,1.75);
#11089 = AXIS2_PLACEMENT_3D('',#11090,#11091,#11092);
#11090 = CARTESIAN_POINT('',(1.,0.,0.));
#11091 = DIRECTION('',(0.,-0.,-1.));
#11092 = DIRECTION('',(0.923879532511,-0.382683432365,0.));
#11093 = CYLINDRICAL_SURFACE('',#11094,1.75);
#11094 = AXIS2_PLACEMENT_3D('',#11095,#11096,#11097);
#11095 = CARTESIAN_POINT('',(1.,0.,0.3));
#11096 = DIRECTION('',(0.,0.,-1.));
#11097 = DIRECTION('',(0.923879532511,-0.382683432365,0.));
#11098 = ADVANCED_FACE('',(#11099),#11111,.F.);
#11099 = FACE_BOUND('',#11100,.F.);
#11100 = EDGE_LOOP('',(#11101,#11102,#11103,#11104));
#11101 = ORIENTED_EDGE('',*,*,#11079,.F.);
#11102 = ORIENTED_EDGE('',*,*,#11031,.F.);
#11103 = ORIENTED_EDGE('',*,*,#11069,.T.);
#11104 = ORIENTED_EDGE('',*,*,#11105,.F.);
#11105 = EDGE_CURVE('',#11080,#11070,#11106,.T.);
#11106 = CIRCLE('',#11107,1.75);
#11107 = AXIS2_PLACEMENT_3D('',#11108,#11109,#11110);
#11108 = CARTESIAN_POINT('',(1.,0.,0.));
#11109 = DIRECTION('',(0.,0.,-1.));
#11110 = DIRECTION('',(0.923879532511,0.382683432365,0.));
#11111 = CYLINDRICAL_SURFACE('',#11112,1.75);
#11112 = AXIS2_PLACEMENT_3D('',#11113,#11114,#11115);
#11113 = CARTESIAN_POINT('',(1.,0.,0.3));
#11114 = DIRECTION('',(0.,0.,-1.));
#11115 = DIRECTION('',(0.923879532511,0.382683432365,0.));
#11116 = ADVANCED_FACE('',(#11117),#11136,.T.);
#11117 = FACE_BOUND('',#11118,.T.);
#11118 = EDGE_LOOP('',(#11119,#11120,#11128,#11135));
#11119 = ORIENTED_EDGE('',*,*,#11052,.F.);
#11120 = ORIENTED_EDGE('',*,*,#11121,.T.);
#11121 = EDGE_CURVE('',#11053,#11122,#11124,.T.);
#11122 = VERTEX_POINT('',#11123);
#11123 = CARTESIAN_POINT('',(-0.25,1.530808498934E-16,-2.));
#11124 = LINE('',#11125,#11126);
#11125 = CARTESIAN_POINT('',(-0.25,1.530808498934E-16,0.3));
#11126 = VECTOR('',#11127,1.);
#11127 = DIRECTION('',(0.,0.,-1.));
#11128 = ORIENTED_EDGE('',*,*,#11129,.T.);
#11129 = EDGE_CURVE('',#11122,#11122,#11130,.T.);
#11130 = CIRCLE('',#11131,0.25);
#11131 = AXIS2_PLACEMENT_3D('',#11132,#11133,#11134);
#11132 = CARTESIAN_POINT('',(0.,1.224646799147E-16,-2.));
#11133 = DIRECTION('',(0.,0.,1.));
#11134 = DIRECTION('',(-1.,1.224646799147E-16,0.));
#11135 = ORIENTED_EDGE('',*,*,#11121,.F.);
#11136 = CYLINDRICAL_SURFACE('',#11137,0.25);
#11137 = AXIS2_PLACEMENT_3D('',#11138,#11139,#11140);
#11138 = CARTESIAN_POINT('',(0.,1.224646799147E-16,0.3));
#11139 = DIRECTION('',(0.,0.,1.));
#11140 = DIRECTION('',(-1.,1.224646799147E-16,0.));
#11141 = ADVANCED_FACE('',(#11142),#11168,.T.);
#11142 = FACE_BOUND('',#11143,.F.);
#11143 = EDGE_LOOP('',(#11144,#11145,#11153,#11162));
#11144 = ORIENTED_EDGE('',*,*,#11087,.T.);
#11145 = ORIENTED_EDGE('',*,*,#11146,.T.);
#11146 = EDGE_CURVE('',#11080,#11147,#11149,.T.);
#11147 = VERTEX_POINT('',#11148);
#11148 = CARTESIAN_POINT('',(3.124922924776,0.88017189444,
    1.387778780781E-17));
#11149 = LINE('',#11150,#11151);
#11150 = CARTESIAN_POINT('',(2.616789181895,0.669696006639,0.));
#11151 = VECTOR('',#11152,1.);
#11152 = DIRECTION('',(0.923879532511,0.382683432365,0.));
#11153 = ORIENTED_EDGE('',*,*,#11154,.F.);
#11154 = EDGE_CURVE('',#11155,#11147,#11157,.T.);
#11155 = VERTEX_POINT('',#11156);
#11156 = CARTESIAN_POINT('',(3.124922924776,-0.88017189444,
    1.387778780781E-17));
#11157 = CIRCLE('',#11158,2.3);
#11158 = AXIS2_PLACEMENT_3D('',#11159,#11160,#11161);
#11159 = CARTESIAN_POINT('',(1.,0.,1.387778780781E-17));
#11160 = DIRECTION('',(0.,-0.,-1.));
#11161 = DIRECTION('',(0.923879532511,-0.382683432365,0.));
#11162 = ORIENTED_EDGE('',*,*,#11163,.F.);
#11163 = EDGE_CURVE('',#11070,#11155,#11164,.T.);
#11164 = LINE('',#11165,#11166);
#11165 = CARTESIAN_POINT('',(2.616789181895,-0.669696006639,0.));
#11166 = VECTOR('',#11167,1.);
#11167 = DIRECTION('',(0.923879532511,-0.382683432365,0.));
#11168 = PLANE('',#11169);
#11169 = AXIS2_PLACEMENT_3D('',#11170,#11171,#11172);
#11170 = CARTESIAN_POINT('',(1.,0.,0.));
#11171 = DIRECTION('',(0.,0.,-1.));
#11172 = DIRECTION('',(0.923879532511,-0.382683432365,0.));
#11173 = ADVANCED_FACE('',(#11174),#11186,.T.);
#11174 = FACE_BOUND('',#11175,.F.);
#11175 = EDGE_LOOP('',(#11176,#11177,#11178,#11185));
#11176 = ORIENTED_EDGE('',*,*,#11105,.T.);
#11177 = ORIENTED_EDGE('',*,*,#11163,.T.);
#11178 = ORIENTED_EDGE('',*,*,#11179,.F.);
#11179 = EDGE_CURVE('',#11147,#11155,#11180,.T.);
#11180 = CIRCLE('',#11181,2.3);
#11181 = AXIS2_PLACEMENT_3D('',#11182,#11183,#11184);
#11182 = CARTESIAN_POINT('',(1.,0.,1.387778780781E-17));
#11183 = DIRECTION('',(0.,0.,-1.));
#11184 = DIRECTION('',(0.923879532511,0.382683432365,0.));
#11185 = ORIENTED_EDGE('',*,*,#11146,.F.);
#11186 = PLANE('',#11187);
#11187 = AXIS2_PLACEMENT_3D('',#11188,#11189,#11190);
#11188 = CARTESIAN_POINT('',(1.,0.,0.));
#11189 = DIRECTION('',(0.,0.,-1.));
#11190 = DIRECTION('',(0.923879532511,0.382683432365,0.));
#11191 = ADVANCED_FACE('',(#11192),#11195,.F.);
#11192 = FACE_BOUND('',#11193,.F.);
#11193 = EDGE_LOOP('',(#11194));
#11194 = ORIENTED_EDGE('',*,*,#11129,.T.);
#11195 = PLANE('',#11196);
#11196 = AXIS2_PLACEMENT_3D('',#11197,#11198,#11199);
#11197 = CARTESIAN_POINT('',(-2.22044604925E-16,1.006206918012E-16,-2.)
  );
#11198 = DIRECTION('',(2.218671295934E-31,4.08046586736E-33,1.));
#11199 = DIRECTION('',(-1.,1.224646799147E-16,2.218671295934E-31));
#11200 = ADVANCED_FACE('',(#11201),#11229,.F.);
#11201 = FACE_BOUND('',#11202,.F.);
#11202 = EDGE_LOOP('',(#11203,#11204,#11213,#11222));
#11203 = ORIENTED_EDGE('',*,*,#11154,.T.);
#11204 = ORIENTED_EDGE('',*,*,#11205,.T.);
#11205 = EDGE_CURVE('',#11147,#11206,#11208,.T.);
#11206 = VERTEX_POINT('',#11207);
#11207 = CARTESIAN_POINT('',(3.309698831278,0.956708580913,0.2));
#11208 = CIRCLE('',#11209,0.2);
#11209 = AXIS2_PLACEMENT_3D('',#11210,#11211,#11212);
#11210 = CARTESIAN_POINT('',(3.124922924776,0.88017189444,0.2));
#11211 = DIRECTION('',(0.382683432365,-0.923879532511,0.));
#11212 = DIRECTION('',(0.,0.,-1.));
#11213 = ORIENTED_EDGE('',*,*,#11214,.F.);
#11214 = EDGE_CURVE('',#11215,#11206,#11217,.T.);
#11215 = VERTEX_POINT('',#11216);
#11216 = CARTESIAN_POINT('',(3.309698831278,-0.956708580913,0.2));
#11217 = CIRCLE('',#11218,2.5);
#11218 = AXIS2_PLACEMENT_3D('',#11219,#11220,#11221);
#11219 = CARTESIAN_POINT('',(1.,0.,0.2));
#11220 = DIRECTION('',(0.,-0.,-1.));
#11221 = DIRECTION('',(0.923879532511,-0.382683432365,0.));
#11222 = ORIENTED_EDGE('',*,*,#11223,.F.);
#11223 = EDGE_CURVE('',#11155,#11215,#11224,.T.);
#11224 = CIRCLE('',#11225,0.2);
#11225 = AXIS2_PLACEMENT_3D('',#11226,#11227,#11228);
#11226 = CARTESIAN_POINT('',(3.124922924776,-0.88017189444,0.2));
#11227 = DIRECTION('',(-0.382683432365,-0.923879532511,-0.));
#11228 = DIRECTION('',(0.,0.,-1.));
#11229 = SURFACE_OF_REVOLUTION('',#11230,#11235);
#11230 = CIRCLE('',#11231,0.2);
#11231 = AXIS2_PLACEMENT_3D('',#11232,#11233,#11234);
#11232 = CARTESIAN_POINT('',(3.124922924776,-0.88017189444,0.2));
#11233 = DIRECTION('',(-0.382683432365,-0.923879532511,-0.));
#11234 = DIRECTION('',(0.,0.,-1.));
#11235 = AXIS1_PLACEMENT('',#11236,#11237);
#11236 = CARTESIAN_POINT('',(1.,0.,0.));
#11237 = DIRECTION('',(0.,0.,-1.));
#11238 = ADVANCED_FACE('',(#11239),#11251,.F.);
#11239 = FACE_BOUND('',#11240,.F.);
#11240 = EDGE_LOOP('',(#11241,#11242,#11243,#11250));
#11241 = ORIENTED_EDGE('',*,*,#11179,.T.);
#11242 = ORIENTED_EDGE('',*,*,#11223,.T.);
#11243 = ORIENTED_EDGE('',*,*,#11244,.F.);
#11244 = EDGE_CURVE('',#11206,#11215,#11245,.T.);
#11245 = CIRCLE('',#11246,2.5);
#11246 = AXIS2_PLACEMENT_3D('',#11247,#11248,#11249);
#11247 = CARTESIAN_POINT('',(1.,0.,0.2));
#11248 = DIRECTION('',(0.,0.,-1.));
#11249 = DIRECTION('',(0.923879532511,0.382683432365,0.));
#11250 = ORIENTED_EDGE('',*,*,#11205,.F.);
#11251 = SURFACE_OF_REVOLUTION('',#11252,#11257);
#11252 = CIRCLE('',#11253,0.2);
#11253 = AXIS2_PLACEMENT_3D('',#11254,#11255,#11256);
#11254 = CARTESIAN_POINT('',(3.124922924776,0.88017189444,0.2));
#11255 = DIRECTION('',(0.382683432365,-0.923879532511,0.));
#11256 = DIRECTION('',(0.,0.,-1.));
#11257 = AXIS1_PLACEMENT('',#11258,#11259);
#11258 = CARTESIAN_POINT('',(1.,0.,0.));
#11259 = DIRECTION('',(0.,0.,-1.));
#11260 = ADVANCED_FACE('',(#11261),#11315,.T.);
#11261 = FACE_BOUND('',#11262,.T.);
#11262 = EDGE_LOOP('',(#11263,#11302,#11308,#11309));
#11263 = ORIENTED_EDGE('',*,*,#11264,.T.);
#11264 = EDGE_CURVE('',#11265,#11267,#11269,.T.);
#11265 = VERTEX_POINT('',#11266);
#11266 = CARTESIAN_POINT('',(3.309698831278,-0.956708580913,
    1.064979142851));
#11267 = VERTEX_POINT('',#11268);
#11268 = CARTESIAN_POINT('',(3.309698831278,0.956708580913,
    1.064979142851));
#11269 = B_SPLINE_CURVE_WITH_KNOTS('',11,(#11270,#11271,#11272,#11273,
    #11274,#11275,#11276,#11277,#11278,#11279,#11280,#11281,#11282,
    #11283,#11284,#11285,#11286,#11287,#11288,#11289,#11290,#11291,
    #11292,#11293,#11294,#11295,#11296,#11297,#11298,#11299,#11300,
    #11301),.UNSPECIFIED.,.F.,.F.,(12,10,10,12),(-0.585615641583,
    2.874910026413E-15,13.744467859455,14.330083501039),.UNSPECIFIED.);
#11270 = CARTESIAN_POINT('',(3.533804235046,-0.415670275735,
    1.064979142851));
#11271 = CARTESIAN_POINT('',(3.513289829604,-0.465196431576,
    1.064979142851));
#11272 = CARTESIAN_POINT('',(3.492803661547,-0.514654416342,
    1.064979142851));
#11273 = CARTESIAN_POINT('',(3.472345730872,-0.564044230035,
    1.064979142851));
#11274 = CARTESIAN_POINT('',(3.451916037581,-0.613365872653,
    1.064979142851));
#11275 = CARTESIAN_POINT('',(3.431514581673,-0.662619344198,
    1.064979142851));
#11276 = CARTESIAN_POINT('',(3.411141363149,-0.711804644669,
    1.064979142851));
#11277 = CARTESIAN_POINT('',(3.390796382008,-0.760921774065,
    1.064979142851));
#11278 = CARTESIAN_POINT('',(3.370479638251,-0.809970732388,
    1.064979142851));
#11279 = CARTESIAN_POINT('',(3.350191131876,-0.858951519637,
    1.064979142851));
#11280 = CARTESIAN_POINT('',(3.329930862886,-0.907864135812,
    1.064979142851));
#11281 = CARTESIAN_POINT('',(2.834850674205,-2.103093441787,
    1.064979142851));
#11282 = CARTESIAN_POINT('',(1.727586252494,-3.009448724487,
    1.064979062911));
#11283 = CARTESIAN_POINT('',(0.105855011951,-3.257464103804,
    1.064979307428));
#11284 = CARTESIAN_POINT('',(-1.475741298782,-2.506760000403,
    1.064978963603));
#11285 = CARTESIAN_POINT('',(-2.588653308495,-1.059860959896,
    1.064979218435));
#11286 = CARTESIAN_POINT('',(-2.588653308509,1.059860959896,
    1.064979218442));
#11287 = CARTESIAN_POINT('',(-1.475741298772,2.506760000402,
    1.064978963597));
#11288 = CARTESIAN_POINT('',(0.105855011945,3.257464103804,
    1.064979307432));
#11289 = CARTESIAN_POINT('',(1.727586252497,3.009448724487,
    1.064979062909));
#11290 = CARTESIAN_POINT('',(2.834850674204,2.103093441788,
    1.064979142851));
#11291 = CARTESIAN_POINT('',(3.329930862886,0.907864135812,
    1.064979142851));
#11292 = CARTESIAN_POINT('',(3.350191131876,0.858951519637,
    1.064979142851));
#11293 = CARTESIAN_POINT('',(3.370479638251,0.809970732388,
    1.064979142851));
#11294 = CARTESIAN_POINT('',(3.390796382008,0.760921774065,
    1.064979142851));
#11295 = CARTESIAN_POINT('',(3.411141363149,0.711804644669,
    1.064979142851));
#11296 = CARTESIAN_POINT('',(3.431514581673,0.662619344198,
    1.064979142851));
#11297 = CARTESIAN_POINT('',(3.451916037581,0.613365872653,
    1.064979142851));
#11298 = CARTESIAN_POINT('',(3.472345730872,0.564044230035,
    1.064979142851));
#11299 = CARTESIAN_POINT('',(3.492803661547,0.514654416342,
    1.064979142851));
#11300 = CARTESIAN_POINT('',(3.513289829605,0.465196431576,
    1.064979142851));
#11301 = CARTESIAN_POINT('',(3.533804235046,0.415670275736,
    1.064979142851));
#11302 = ORIENTED_EDGE('',*,*,#11303,.F.);
#11303 = EDGE_CURVE('',#11206,#11267,#11304,.T.);
#11304 = LINE('',#11305,#11306);
#11305 = CARTESIAN_POINT('',(3.309698831278,0.956708580913,0.2));
#11306 = VECTOR('',#11307,1.);
#11307 = DIRECTION('',(0.,0.,1.));
#11308 = ORIENTED_EDGE('',*,*,#11214,.F.);
#11309 = ORIENTED_EDGE('',*,*,#11310,.T.);
#11310 = EDGE_CURVE('',#11215,#11265,#11311,.T.);
#11311 = LINE('',#11312,#11313);
#11312 = CARTESIAN_POINT('',(3.309698831278,-0.956708580913,0.2));
#11313 = VECTOR('',#11314,1.);
#11314 = DIRECTION('',(0.,0.,1.));
#11315 = CYLINDRICAL_SURFACE('',#11316,2.5);
#11316 = AXIS2_PLACEMENT_3D('',#11317,#11318,#11319);
#11317 = CARTESIAN_POINT('',(1.,0.,0.2));
#11318 = DIRECTION('',(0.,0.,1.));
#11319 = DIRECTION('',(0.923879532511,-0.382683432365,0.));
#11320 = ADVANCED_FACE('',(#11321),#11343,.T.);
#11321 = FACE_BOUND('',#11322,.T.);
#11322 = EDGE_LOOP('',(#11323,#11340,#11341,#11342));
#11323 = ORIENTED_EDGE('',*,*,#11324,.T.);
#11324 = EDGE_CURVE('',#11267,#11265,#11325,.T.);
#11325 = B_SPLINE_CURVE_WITH_KNOTS('',5,(#11326,#11327,#11328,#11329,
    #11330,#11331,#11332,#11333,#11334,#11335,#11336,#11337,#11338,
    #11339),.UNSPECIFIED.,.F.,.F.,(6,4,4,6),(-0.119413470026,
    -1.353371911114E-07,1.96349554383,2.08290869425),.UNSPECIFIED.);
#11326 = CARTESIAN_POINT('',(3.264001325546,1.067032118743,
    1.064979142851));
#11327 = CARTESIAN_POINT('',(3.273140829292,1.0449674049,1.064979142851)
  );
#11328 = CARTESIAN_POINT('',(3.282280331654,1.0229026944,1.064979142851)
  );
#11329 = CARTESIAN_POINT('',(3.291419832631,1.000837987243,
    1.064979142851));
#11330 = CARTESIAN_POINT('',(3.300559332224,0.978773283428,
    1.064979142851));
#11331 = CARTESIAN_POINT('',(3.45997823841,0.593901998977,1.064979142851
    ));
#11332 = CARTESIAN_POINT('',(3.539038746156,0.201591257513,
    1.064979142851));
#11333 = CARTESIAN_POINT('',(3.539039291386,-0.201589955698,
    1.064979142851));
#11334 = CARTESIAN_POINT('',(3.45997851584,-0.593901329202,
    1.064979142851));
#11335 = CARTESIAN_POINT('',(3.300559329455,-0.978773290113,
    1.064979142851));
#11336 = CARTESIAN_POINT('',(3.291419828478,-1.00083799727,
    1.064979142851));
#11337 = CARTESIAN_POINT('',(3.2822803275,-1.022902704428,1.064979142851
    ));
#11338 = CARTESIAN_POINT('',(3.273140826523,-1.044967411585,
    1.064979142851));
#11339 = CARTESIAN_POINT('',(3.264001325546,-1.067032118743,
    1.064979142851));
#11340 = ORIENTED_EDGE('',*,*,#11310,.F.);
#11341 = ORIENTED_EDGE('',*,*,#11244,.F.);
#11342 = ORIENTED_EDGE('',*,*,#11303,.T.);
#11343 = CYLINDRICAL_SURFACE('',#11344,2.5);
#11344 = AXIS2_PLACEMENT_3D('',#11345,#11346,#11347);
#11345 = CARTESIAN_POINT('',(1.,0.,0.2));
#11346 = DIRECTION('',(0.,0.,1.));
#11347 = DIRECTION('',(0.923879532511,0.382683432365,-0.));
#11348 = ADVANCED_FACE('',(#11349),#11417,.T.);
#11349 = FACE_BOUND('',#11350,.T.);
#11350 = EDGE_LOOP('',(#11351,#11366,#11403,#11416));
#11351 = ORIENTED_EDGE('',*,*,#11352,.T.);
#11352 = EDGE_CURVE('',#11265,#11353,#11355,.T.);
#11353 = VERTEX_POINT('',#11354);
#11354 = CARTESIAN_POINT('',(3.235446538439,-0.925952274181,
    1.269338405373));
#11355 = B_SPLINE_CURVE_WITH_KNOTS('',5,(#11356,#11357,#11358,#11359,
    #11360,#11361,#11362,#11363,#11364,#11365),.UNSPECIFIED.,.F.,.F.,(6,
    4,6),(0.,0.5,1.),.UNSPECIFIED.);
#11356 = CARTESIAN_POINT('',(3.309698831278,-0.956708580913,
    1.064979142851));
#11357 = CARTESIAN_POINT('',(3.30969883117,-0.956708580868,
    1.086946886076));
#11358 = CARTESIAN_POINT('',(3.307841659805,-0.955939315301,
    1.109289585017));
#11359 = CARTESIAN_POINT('',(3.303997166347,-0.95434687397,
    1.131655175667));
#11360 = CARTESIAN_POINT('',(3.298159251937,-0.951928730645,
    1.153610443506));
#11361 = CARTESIAN_POINT('',(3.282778034968,-0.945557621971,
    1.195943064308));
#11362 = CARTESIAN_POINT('',(3.273234543788,-0.941604578492,1.2163209364
    ));
#11363 = CARTESIAN_POINT('',(3.261973435419,-0.936940074678,
    1.235529410754));
#11364 = CARTESIAN_POINT('',(3.249271815997,-0.93167889165,
    1.253255827993));
#11365 = CARTESIAN_POINT('',(3.235446538439,-0.925952274181,
    1.269338405373));
#11366 = ORIENTED_EDGE('',*,*,#11367,.T.);
#11367 = EDGE_CURVE('',#11353,#11368,#11370,.T.);
#11368 = VERTEX_POINT('',#11369);
#11369 = CARTESIAN_POINT('',(3.235446538439,0.925952274181,
    1.269338405373));
#11370 = B_SPLINE_CURVE_WITH_KNOTS('',11,(#11371,#11372,#11373,#11374,
    #11375,#11376,#11377,#11378,#11379,#11380,#11381,#11382,#11383,
    #11384,#11385,#11386,#11387,#11388,#11389,#11390,#11391,#11392,
    #11393,#11394,#11395,#11396,#11397,#11398,#11399,#11400,#11401,
    #11402),.UNSPECIFIED.,.F.,.F.,(12,10,10,12),(-0.585615641583,
    2.874910026413E-15,13.744467859455,14.330083501039),.UNSPECIFIED.);
#11371 = CARTESIAN_POINT('',(3.459551942206,-0.384913969004,
    1.269338405373));
#11372 = CARTESIAN_POINT('',(3.438387116582,-0.43601037807,
    1.269338405373));
#11373 = CARTESIAN_POINT('',(3.417380612378,-0.486724565418,
    1.269338405373));
#11374 = CARTESIAN_POINT('',(3.396532429594,-0.537056531046,
    1.269338405373));
#11375 = CARTESIAN_POINT('',(3.37584256823,-0.587006274955,
    1.269338405373));
#11376 = CARTESIAN_POINT('',(3.355311028286,-0.636573797145,
    1.269338405373));
#11377 = CARTESIAN_POINT('',(3.334937809761,-0.685759097616,
    1.269338405373));
#11378 = CARTESIAN_POINT('',(3.314722912657,-0.734562176367,
    1.269338405373));
#11379 = CARTESIAN_POINT('',(3.294666336973,-0.782983033399,
    1.269338405373));
#11380 = CARTESIAN_POINT('',(3.274768082708,-0.831021668713,
    1.269338405373));
#11381 = CARTESIAN_POINT('',(3.255028149863,-0.878678082306,
    1.269338405373));
#11382 = CARTESIAN_POINT('',(2.775863819411,-2.03548310749,
    1.269338405373));
#11383 = CARTESIAN_POINT('',(1.704091980563,-2.912929929979,
    1.269338420699));
#11384 = CARTESIAN_POINT('',(0.134360577618,-3.152280979089,
    1.26933837382));
#11385 = CARTESIAN_POINT('',(-1.395396108631,-2.426388868524,
    1.26933843974));
#11386 = CARTESIAN_POINT('',(-2.473728053044,-1.02623416819,
    1.269338390878));
#11387 = CARTESIAN_POINT('',(-2.473728053057,1.026234168191,
    1.269338390886));
#11388 = CARTESIAN_POINT('',(-1.395396108622,2.426388868523,
    1.269338439734));
#11389 = CARTESIAN_POINT('',(0.134360577613,3.152280979089,
    1.269338373823));
#11390 = CARTESIAN_POINT('',(1.704091980565,2.912929929979,
    1.269338420697));
#11391 = CARTESIAN_POINT('',(2.775863819411,2.03548310749,1.269338405373
    ));
#11392 = CARTESIAN_POINT('',(3.255028149863,0.878678082306,
    1.269338405373));
#11393 = CARTESIAN_POINT('',(3.274768082708,0.831021668713,
    1.269338405373));
#11394 = CARTESIAN_POINT('',(3.294666336973,0.782983033399,
    1.269338405373));
#11395 = CARTESIAN_POINT('',(3.314722912657,0.734562176367,
    1.269338405373));
#11396 = CARTESIAN_POINT('',(3.334937809762,0.685759097616,
    1.269338405373));
#11397 = CARTESIAN_POINT('',(3.355311028286,0.636573797145,
    1.269338405373));
#11398 = CARTESIAN_POINT('',(3.37584256823,0.587006274955,1.269338405373
    ));
#11399 = CARTESIAN_POINT('',(3.396532429594,0.537056531046,
    1.269338405373));
#11400 = CARTESIAN_POINT('',(3.417380612378,0.486724565418,
    1.269338405373));
#11401 = CARTESIAN_POINT('',(3.438387116583,0.436010378071,
    1.269338405373));
#11402 = CARTESIAN_POINT('',(3.459551942206,0.384913969004,
    1.269338405373));
#11403 = ORIENTED_EDGE('',*,*,#11404,.F.);
#11404 = EDGE_CURVE('',#11267,#11368,#11405,.T.);
#11405 = B_SPLINE_CURVE_WITH_KNOTS('',5,(#11406,#11407,#11408,#11409,
    #11410,#11411,#11412,#11413,#11414,#11415),.UNSPECIFIED.,.F.,.F.,(6,
    4,6),(0.,0.5,1.),.UNSPECIFIED.);
#11406 = CARTESIAN_POINT('',(3.309698831278,0.956708580913,
    1.064979142851));
#11407 = CARTESIAN_POINT('',(3.30969883117,0.956708580868,1.086946886076
    ));
#11408 = CARTESIAN_POINT('',(3.307841659805,0.955939315301,
    1.109289585017));
#11409 = CARTESIAN_POINT('',(3.303997166347,0.95434687397,1.131655175667
    ));
#11410 = CARTESIAN_POINT('',(3.298159251937,0.951928730645,
    1.153610443506));
#11411 = CARTESIAN_POINT('',(3.282778034968,0.945557621971,
    1.195943064308));
#11412 = CARTESIAN_POINT('',(3.273234543788,0.941604578492,1.2163209364)
  );
#11413 = CARTESIAN_POINT('',(3.261973435419,0.936940074678,
    1.235529410754));
#11414 = CARTESIAN_POINT('',(3.249271815997,0.93167889165,1.253255827993
    ));
#11415 = CARTESIAN_POINT('',(3.235446538439,0.925952274181,
    1.269338405373));
#11416 = ORIENTED_EDGE('',*,*,#11264,.F.);
#11417 = ( BOUNDED_SURFACE() B_SPLINE_SURFACE(2,11,(
    (#11418,#11419,#11420,#11421,#11422,#11423,#11424,#11425,#11426
      ,#11427,#11428,#11429,#11430,#11431,#11432,#11433,#11434,#11435
      ,#11436,#11437,#11438,#11439,#11440,#11441,#11442,#11443,#11444
      ,#11445,#11446,#11447,#11448,#11449)
    ,(#11450,#11451,#11452,#11453,#11454,#11455,#11456,#11457,#11458
      ,#11459,#11460,#11461,#11462,#11463,#11464,#11465,#11466,#11467
      ,#11468,#11469,#11470,#11471,#11472,#11473,#11474,#11475,#11476
      ,#11477,#11478,#11479,#11480,#11481)
    ,(#11482,#11483,#11484,#11485,#11486,#11487,#11488,#11489,#11490
      ,#11491,#11492,#11493,#11494,#11495,#11496,#11497,#11498,#11499
      ,#11500,#11501,#11502,#11503,#11504,#11505,#11506,#11507,#11508
      ,#11509,#11510,#11511,#11512,#11513
)),.UNSPECIFIED.,.F.,.F.,.F.) B_SPLINE_SURFACE_WITH_KNOTS((3,3),(12,10,
    10,12),(0.,13.744467859455),(-0.585615641583,2.874910026413E-15,
    13.744467859455,14.330083501039),.UNSPECIFIED.) 
GEOMETRIC_REPRESENTATION_ITEM() RATIONAL_B_SPLINE_SURFACE((
    (1.,1.,1.,1.,1.,1.,1.,1.,1.,1.,1.,1.,1.,1.,1.,1.,1.,1.,1.,1.,1.,1.
      ,1.,1.,1.,1.,1.,1.,1.,1.,1.,1.)
    ,(0.93061798229,0.93061798229,0.93061798229,0.93061798229
      ,0.93061798229,0.93061798229,0.93061798229,0.93061798229
      ,0.93061798229,0.93061798229,0.93061798229,0.93061798229
      ,0.930617902914,0.930618145704,0.930617804307,0.93061805734
      ,0.930618057346,0.930617804303,0.930618145707,0.930617902913
      ,0.93061798229,0.93061798229,0.93061798229,0.93061798229
      ,0.93061798229,0.93061798229,0.93061798229,0.93061798229
      ,0.93061798229,0.93061798229,0.93061798229,0.93061798229)
    ,(1.,1.,1.,1.,1.,1.,1.,1.,1.,1.,1.,1.,1.,1.,1.,1.,1.,1.,1.,1.,1.,1.
,1.,1.,1.,1.,1.,1.,1.,1.,1.,1.))) REPRESENTATION_ITEM('') SURFACE() );
#11418 = CARTESIAN_POINT('',(3.533804235046,-0.415670275735,
    1.064979142851));
#11419 = CARTESIAN_POINT('',(3.513289829604,-0.465196431576,
    1.064979142851));
#11420 = CARTESIAN_POINT('',(3.492803661547,-0.514654416342,
    1.064979142851));
#11421 = CARTESIAN_POINT('',(3.472345730872,-0.564044230035,
    1.064979142851));
#11422 = CARTESIAN_POINT('',(3.451916037581,-0.613365872653,
    1.064979142851));
#11423 = CARTESIAN_POINT('',(3.431514581673,-0.662619344198,
    1.064979142851));
#11424 = CARTESIAN_POINT('',(3.411141363149,-0.711804644669,
    1.064979142851));
#11425 = CARTESIAN_POINT('',(3.390796382008,-0.760921774065,
    1.064979142851));
#11426 = CARTESIAN_POINT('',(3.370479638251,-0.809970732388,
    1.064979142851));
#11427 = CARTESIAN_POINT('',(3.350191131876,-0.858951519637,
    1.064979142851));
#11428 = CARTESIAN_POINT('',(3.329930862886,-0.907864135812,
    1.064979142851));
#11429 = CARTESIAN_POINT('',(2.834850674205,-2.103093441787,
    1.064979142851));
#11430 = CARTESIAN_POINT('',(1.727586252494,-3.009448724487,
    1.064979062911));
#11431 = CARTESIAN_POINT('',(0.105855011951,-3.257464103804,
    1.064979307428));
#11432 = CARTESIAN_POINT('',(-1.475741298782,-2.506760000403,
    1.064978963603));
#11433 = CARTESIAN_POINT('',(-2.588653308495,-1.059860959896,
    1.064979218435));
#11434 = CARTESIAN_POINT('',(-2.588653308509,1.059860959896,
    1.064979218442));
#11435 = CARTESIAN_POINT('',(-1.475741298772,2.506760000402,
    1.064978963597));
#11436 = CARTESIAN_POINT('',(0.105855011945,3.257464103804,
    1.064979307432));
#11437 = CARTESIAN_POINT('',(1.727586252497,3.009448724487,
    1.064979062909));
#11438 = CARTESIAN_POINT('',(2.834850674204,2.103093441788,
    1.064979142851));
#11439 = CARTESIAN_POINT('',(3.329930862886,0.907864135812,
    1.064979142851));
#11440 = CARTESIAN_POINT('',(3.350191131876,0.858951519637,
    1.064979142851));
#11441 = CARTESIAN_POINT('',(3.370479638251,0.809970732388,
    1.064979142851));
#11442 = CARTESIAN_POINT('',(3.390796382008,0.760921774065,
    1.064979142851));
#11443 = CARTESIAN_POINT('',(3.411141363149,0.711804644669,
    1.064979142851));
#11444 = CARTESIAN_POINT('',(3.431514581673,0.662619344198,
    1.064979142851));
#11445 = CARTESIAN_POINT('',(3.451916037581,0.613365872653,
    1.064979142851));
#11446 = CARTESIAN_POINT('',(3.472345730872,0.564044230035,
    1.064979142851));
#11447 = CARTESIAN_POINT('',(3.492803661547,0.514654416342,
    1.064979142851));
#11448 = CARTESIAN_POINT('',(3.513289829605,0.465196431576,
    1.064979142851));
#11449 = CARTESIAN_POINT('',(3.533804235046,0.415670275736,
    1.064979142851));
#11450 = CARTESIAN_POINT('',(3.533804235046,-0.415670275735,
    1.182962690499));
#11451 = CARTESIAN_POINT('',(3.513289829604,-0.465196431576,
    1.182962690499));
#11452 = CARTESIAN_POINT('',(3.492803661547,-0.514654416342,
    1.182962690499));
#11453 = CARTESIAN_POINT('',(3.472345730872,-0.564044230035,
    1.182962690499));
#11454 = CARTESIAN_POINT('',(3.451916037581,-0.613365872653,
    1.182962690499));
#11455 = CARTESIAN_POINT('',(3.431514581673,-0.662619344198,
    1.182962690499));
#11456 = CARTESIAN_POINT('',(3.411141363149,-0.711804644669,
    1.182962690499));
#11457 = CARTESIAN_POINT('',(3.390796382008,-0.760921774065,
    1.182962690499));
#11458 = CARTESIAN_POINT('',(3.37047963825,-0.809970732388,
    1.182962690499));
#11459 = CARTESIAN_POINT('',(3.350191131876,-0.858951519637,
    1.182962690499));
#11460 = CARTESIAN_POINT('',(3.329930862886,-0.907864135812,
    1.182962690499));
#11461 = CARTESIAN_POINT('',(2.834850674205,-2.103093441788,
    1.182962690499));
#11462 = CARTESIAN_POINT('',(1.727586214542,-3.009448936943,
    1.182962685685));
#11463 = CARTESIAN_POINT('',(0.105855341319,-3.257463206685,
    1.18296270041));
#11464 = CARTESIAN_POINT('',(-1.475741895234,-2.506761759151,
    1.182962679705));
#11465 = CARTESIAN_POINT('',(-2.588652975416,-1.059858637809,
    1.182962695051));
#11466 = CARTESIAN_POINT('',(-2.588652975407,1.059858637802,
    1.182962695051));
#11467 = CARTESIAN_POINT('',(-1.475741895235,2.506761759163,
    1.182962679705));
#11468 = CARTESIAN_POINT('',(0.105855341315,3.257463206676,1.18296270041
    ));
#11469 = CARTESIAN_POINT('',(1.727586214545,3.009448936947,
    1.182962685685));
#11470 = CARTESIAN_POINT('',(2.834850674204,2.103093441787,
    1.182962690499));
#11471 = CARTESIAN_POINT('',(3.329930862886,0.907864135812,
    1.182962690499));
#11472 = CARTESIAN_POINT('',(3.350191131876,0.858951519637,
    1.182962690499));
#11473 = CARTESIAN_POINT('',(3.370479638251,0.809970732388,
    1.182962690499));
#11474 = CARTESIAN_POINT('',(3.390796382008,0.760921774065,
    1.182962690499));
#11475 = CARTESIAN_POINT('',(3.411141363149,0.711804644669,
    1.182962690499));
#11476 = CARTESIAN_POINT('',(3.431514581674,0.662619344198,
    1.182962690499));
#11477 = CARTESIAN_POINT('',(3.451916037581,0.613365872653,
    1.182962690499));
#11478 = CARTESIAN_POINT('',(3.472345730872,0.564044230035,
    1.182962690499));
#11479 = CARTESIAN_POINT('',(3.492803661547,0.514654416342,
    1.182962690499));
#11480 = CARTESIAN_POINT('',(3.513289829605,0.465196431576,
    1.182962690499));
#11481 = CARTESIAN_POINT('',(3.533804235046,0.415670275736,
    1.182962690499));
#11482 = CARTESIAN_POINT('',(3.459551942206,-0.384913969004,
    1.269338405373));
#11483 = CARTESIAN_POINT('',(3.438387116582,-0.43601037807,
    1.269338405373));
#11484 = CARTESIAN_POINT('',(3.417380612378,-0.486724565418,
    1.269338405373));
#11485 = CARTESIAN_POINT('',(3.396532429594,-0.537056531046,
    1.269338405373));
#11486 = CARTESIAN_POINT('',(3.37584256823,-0.587006274955,
    1.269338405373));
#11487 = CARTESIAN_POINT('',(3.355311028286,-0.636573797145,
    1.269338405373));
#11488 = CARTESIAN_POINT('',(3.334937809761,-0.685759097616,
    1.269338405373));
#11489 = CARTESIAN_POINT('',(3.314722912657,-0.734562176367,
    1.269338405373));
#11490 = CARTESIAN_POINT('',(3.294666336973,-0.782983033399,
    1.269338405373));
#11491 = CARTESIAN_POINT('',(3.274768082708,-0.831021668713,
    1.269338405373));
#11492 = CARTESIAN_POINT('',(3.255028149863,-0.878678082306,
    1.269338405373));
#11493 = CARTESIAN_POINT('',(2.775863819411,-2.03548310749,
    1.269338405373));
#11494 = CARTESIAN_POINT('',(1.704091980563,-2.912929929979,
    1.269338420699));
#11495 = CARTESIAN_POINT('',(0.134360577618,-3.152280979089,
    1.26933837382));
#11496 = CARTESIAN_POINT('',(-1.395396108631,-2.426388868524,
    1.26933843974));
#11497 = CARTESIAN_POINT('',(-2.473728053044,-1.02623416819,
    1.269338390878));
#11498 = CARTESIAN_POINT('',(-2.473728053057,1.026234168191,
    1.269338390886));
#11499 = CARTESIAN_POINT('',(-1.395396108622,2.426388868523,
    1.269338439734));
#11500 = CARTESIAN_POINT('',(0.134360577613,3.152280979089,
    1.269338373823));
#11501 = CARTESIAN_POINT('',(1.704091980565,2.912929929979,
    1.269338420697));
#11502 = CARTESIAN_POINT('',(2.775863819411,2.03548310749,1.269338405373
    ));
#11503 = CARTESIAN_POINT('',(3.255028149863,0.878678082306,
    1.269338405373));
#11504 = CARTESIAN_POINT('',(3.274768082708,0.831021668713,
    1.269338405373));
#11505 = CARTESIAN_POINT('',(3.294666336973,0.782983033399,
    1.269338405373));
#11506 = CARTESIAN_POINT('',(3.314722912657,0.734562176367,
    1.269338405373));
#11507 = CARTESIAN_POINT('',(3.334937809762,0.685759097616,
    1.269338405373));
#11508 = CARTESIAN_POINT('',(3.355311028286,0.636573797145,
    1.269338405373));
#11509 = CARTESIAN_POINT('',(3.37584256823,0.587006274955,1.269338405373
    ));
#11510 = CARTESIAN_POINT('',(3.396532429594,0.537056531046,
    1.269338405373));
#11511 = CARTESIAN_POINT('',(3.417380612378,0.486724565418,
    1.269338405373));
#11512 = CARTESIAN_POINT('',(3.438387116583,0.436010378071,
    1.269338405373));
#11513 = CARTESIAN_POINT('',(3.459551942206,0.384913969004,
    1.269338405373));
#11514 = ADVANCED_FACE('',(#11515),#11537,.T.);
#11515 = FACE_BOUND('',#11516,.T.);
#11516 = EDGE_LOOP('',(#11517,#11518,#11535,#11536));
#11517 = ORIENTED_EDGE('',*,*,#11404,.T.);
#11518 = ORIENTED_EDGE('',*,*,#11519,.T.);
#11519 = EDGE_CURVE('',#11368,#11353,#11520,.T.);
#11520 = B_SPLINE_CURVE_WITH_KNOTS('',5,(#11521,#11522,#11523,#11524,
    #11525,#11526,#11527,#11528,#11529,#11530,#11531,#11532,#11533,
    #11534),.UNSPECIFIED.,.F.,.F.,(6,4,4,6),(-0.119413470026,
    -1.353371911114E-07,1.96349554383,2.08290869425),.UNSPECIFIED.);
#11521 = CARTESIAN_POINT('',(3.189749034566,1.036275808073,
    1.269338405373));
#11522 = CARTESIAN_POINT('',(3.199182355483,1.013501756721,
    1.269338405373));
#11523 = CARTESIAN_POINT('',(3.20846876641,0.991082377458,1.269338405373
    ));
#11524 = CARTESIAN_POINT('',(3.217608267348,0.969017670284,
    1.269338405373));
#11525 = CARTESIAN_POINT('',(3.226600858298,0.9473076352,1.269338405373)
  );
#11526 = CARTESIAN_POINT('',(3.380894753976,0.574809218729,
    1.269338405373));
#11527 = CARTESIAN_POINT('',(3.457413628123,0.195110560338,
    1.269338405373));
#11528 = CARTESIAN_POINT('',(3.457414134116,-0.1951093668,1.269338405373
    ));
#11529 = CARTESIAN_POINT('',(3.380895040325,-0.574808527422,
    1.269338405373));
#11530 = CARTESIAN_POINT('',(3.226600854533,-0.947307644289,
    1.269338405373));
#11531 = CARTESIAN_POINT('',(3.217608261701,-0.969017683918,
    1.269338405373));
#11532 = CARTESIAN_POINT('',(3.208468760763,-0.991082391091,
    1.269338405373));
#11533 = CARTESIAN_POINT('',(3.199182351718,-1.01350176581,
    1.269338405373));
#11534 = CARTESIAN_POINT('',(3.189749034566,-1.036275808073,
    1.269338405373));
#11535 = ORIENTED_EDGE('',*,*,#11352,.F.);
#11536 = ORIENTED_EDGE('',*,*,#11324,.F.);
#11537 = ( BOUNDED_SURFACE() B_SPLINE_SURFACE(2,5,(
    (#11538,#11539,#11540,#11541,#11542,#11543,#11544,#11545,#11546
      ,#11547,#11548,#11549,#11550,#11551)
    ,(#11552,#11553,#11554,#11555,#11556,#11557,#11558,#11559,#11560
      ,#11561,#11562,#11563,#11564,#11565)
    ,(#11566,#11567,#11568,#11569,#11570,#11571,#11572,#11573,#11574
      ,#11575,#11576,#11577,#11578,#11579
)),.UNSPECIFIED.,.F.,.F.,.F.) B_SPLINE_SURFACE_WITH_KNOTS((3,3),(6,4,4,6
    ),(0.,1.963495679168),(-0.119413470026,-1.353371911114E-07,
    1.96349554383,2.08290869425),.UNSPECIFIED.) 
GEOMETRIC_REPRESENTATION_ITEM() RATIONAL_B_SPLINE_SURFACE((
    (1.,1.,1.,1.,1.,1.,1.,1.,1.,1.,1.,1.,1.,1.)
    ,(0.93061798229,0.93061798229,0.93061798229,0.93061798229
      ,0.93061798229,0.93061798229,0.93061798229,0.93061798229
      ,0.93061798229,0.93061798229,0.93061798229,0.93061798229
      ,0.93061798229,0.93061798229)
,(1.,1.,1.,1.,1.,1.,1.,1.,1.,1.,1.,1.,1.,1.
))) REPRESENTATION_ITEM('') SURFACE() );
#11538 = CARTESIAN_POINT('',(3.264001325546,1.067032118743,
    1.064979142851));
#11539 = CARTESIAN_POINT('',(3.273140829292,1.0449674049,1.064979142851)
  );
#11540 = CARTESIAN_POINT('',(3.282280331654,1.0229026944,1.064979142851)
  );
#11541 = CARTESIAN_POINT('',(3.291419832631,1.000837987243,
    1.064979142851));
#11542 = CARTESIAN_POINT('',(3.300559332224,0.978773283428,
    1.064979142851));
#11543 = CARTESIAN_POINT('',(3.45997823841,0.593901998977,1.064979142851
    ));
#11544 = CARTESIAN_POINT('',(3.539038746156,0.201591257513,
    1.064979142851));
#11545 = CARTESIAN_POINT('',(3.539039291386,-0.201589955698,
    1.064979142851));
#11546 = CARTESIAN_POINT('',(3.45997851584,-0.593901329202,
    1.064979142851));
#11547 = CARTESIAN_POINT('',(3.300559329455,-0.978773290113,
    1.064979142851));
#11548 = CARTESIAN_POINT('',(3.291419828478,-1.00083799727,
    1.064979142851));
#11549 = CARTESIAN_POINT('',(3.2822803275,-1.022902704428,1.064979142851
    ));
#11550 = CARTESIAN_POINT('',(3.273140826523,-1.044967411585,
    1.064979142851));
#11551 = CARTESIAN_POINT('',(3.264001325546,-1.067032118743,
    1.064979142851));
#11552 = CARTESIAN_POINT('',(3.264001325546,1.067032118743,
    1.182962690499));
#11553 = CARTESIAN_POINT('',(3.273140829292,1.0449674049,1.182962690499)
  );
#11554 = CARTESIAN_POINT('',(3.282280331654,1.0229026944,1.182962690499)
  );
#11555 = CARTESIAN_POINT('',(3.291419832631,1.000837987243,
    1.182962690499));
#11556 = CARTESIAN_POINT('',(3.300559332224,0.978773283428,
    1.182962690499));
#11557 = CARTESIAN_POINT('',(3.45997823841,0.593901998977,1.182962690499
    ));
#11558 = CARTESIAN_POINT('',(3.539038746156,0.201591257513,
    1.182962690499));
#11559 = CARTESIAN_POINT('',(3.539039291386,-0.201589955698,
    1.182962690499));
#11560 = CARTESIAN_POINT('',(3.45997851584,-0.593901329202,
    1.182962690499));
#11561 = CARTESIAN_POINT('',(3.300559329455,-0.978773290113,
    1.182962690499));
#11562 = CARTESIAN_POINT('',(3.291419828478,-1.00083799727,
    1.182962690499));
#11563 = CARTESIAN_POINT('',(3.2822803275,-1.022902704428,1.182962690499
    ));
#11564 = CARTESIAN_POINT('',(3.273140826523,-1.044967411585,
    1.182962690499));
#11565 = CARTESIAN_POINT('',(3.264001325546,-1.067032118743,
    1.182962690499));
#11566 = CARTESIAN_POINT('',(3.189749034566,1.036275808073,
    1.269338405373));
#11567 = CARTESIAN_POINT('',(3.199182355483,1.013501756721,
    1.269338405373));
#11568 = CARTESIAN_POINT('',(3.20846876641,0.991082377458,1.269338405373
    ));
#11569 = CARTESIAN_POINT('',(3.217608267348,0.969017670284,
    1.269338405373));
#11570 = CARTESIAN_POINT('',(3.226600858298,0.9473076352,1.269338405373)
  );
#11571 = CARTESIAN_POINT('',(3.380894753976,0.574809218729,
    1.269338405373));
#11572 = CARTESIAN_POINT('',(3.457413628123,0.195110560338,
    1.269338405373));
#11573 = CARTESIAN_POINT('',(3.457414134116,-0.1951093668,1.269338405373
    ));
#11574 = CARTESIAN_POINT('',(3.380895040325,-0.574808527422,
    1.269338405373));
#11575 = CARTESIAN_POINT('',(3.226600854533,-0.947307644289,
    1.269338405373));
#11576 = CARTESIAN_POINT('',(3.217608261701,-0.969017683918,
    1.269338405373));
#11577 = CARTESIAN_POINT('',(3.208468760763,-0.991082391091,
    1.269338405373));
#11578 = CARTESIAN_POINT('',(3.199182351718,-1.01350176581,
    1.269338405373));
#11579 = CARTESIAN_POINT('',(3.189749034566,-1.036275808073,
    1.269338405373));
#11580 = ADVANCED_FACE('',(#11581),#11637,.F.);
#11581 = FACE_BOUND('',#11582,.F.);
#11582 = EDGE_LOOP('',(#11583,#11592,#11593,#11602));
#11583 = ORIENTED_EDGE('',*,*,#11584,.F.);
#11584 = EDGE_CURVE('',#11353,#11585,#11587,.T.);
#11585 = VERTEX_POINT('',#11586);
#11586 = CARTESIAN_POINT('',(3.235446538439,-0.925952274181,
    1.930661594627));
#11587 = CIRCLE('',#11588,0.485412195974);
#11588 = AXIS2_PLACEMENT_3D('',#11589,#11590,#11591);
#11589 = CARTESIAN_POINT('',(3.563765702719,-1.061946524813,1.6));
#11590 = DIRECTION('',(0.382683432365,0.923879532511,2.775557561563E-17)
  );
#11591 = DIRECTION('',(-0.523404384043,0.216801194476,-0.824041924199));
#11592 = ORIENTED_EDGE('',*,*,#11367,.T.);
#11593 = ORIENTED_EDGE('',*,*,#11594,.T.);
#11594 = EDGE_CURVE('',#11368,#11595,#11597,.T.);
#11595 = VERTEX_POINT('',#11596);
#11596 = CARTESIAN_POINT('',(3.235446538439,0.925952274181,
    1.930661594627));
#11597 = CIRCLE('',#11598,0.485412195974);
#11598 = AXIS2_PLACEMENT_3D('',#11599,#11600,#11601);
#11599 = CARTESIAN_POINT('',(3.563765702719,1.061946524813,1.6));
#11600 = DIRECTION('',(-0.382683432365,0.923879532511,
    -2.775557561563E-17));
#11601 = DIRECTION('',(-0.523404384043,-0.216801194476,-0.824041924199)
  );
#11602 = ORIENTED_EDGE('',*,*,#11603,.F.);
#11603 = EDGE_CURVE('',#11585,#11595,#11604,.T.);
#11604 = B_SPLINE_CURVE_WITH_KNOTS('',11,(#11605,#11606,#11607,#11608,
    #11609,#11610,#11611,#11612,#11613,#11614,#11615,#11616,#11617,
    #11618,#11619,#11620,#11621,#11622,#11623,#11624,#11625,#11626,
    #11627,#11628,#11629,#11630,#11631,#11632,#11633,#11634,#11635,
    #11636),.UNSPECIFIED.,.F.,.F.,(12,10,10,12),(-0.585615641583,
    2.901255980386E-15,13.744467859455,14.330083501039),.UNSPECIFIED.);
#11605 = CARTESIAN_POINT('',(3.459551942206,-0.384913969004,
    1.930661594627));
#11606 = CARTESIAN_POINT('',(3.438387116582,-0.43601037807,
    1.930661594627));
#11607 = CARTESIAN_POINT('',(3.417380612378,-0.486724565418,
    1.930661594627));
#11608 = CARTESIAN_POINT('',(3.396532429594,-0.537056531046,
    1.930661594627));
#11609 = CARTESIAN_POINT('',(3.37584256823,-0.587006274955,
    1.930661594627));
#11610 = CARTESIAN_POINT('',(3.355311028286,-0.636573797145,
    1.930661594627));
#11611 = CARTESIAN_POINT('',(3.334937809762,-0.685759097616,
    1.930661594627));
#11612 = CARTESIAN_POINT('',(3.314722912657,-0.734562176367,
    1.930661594627));
#11613 = CARTESIAN_POINT('',(3.294666336973,-0.782983033399,
    1.930661594627));
#11614 = CARTESIAN_POINT('',(3.274768082708,-0.831021668713,
    1.930661594627));
#11615 = CARTESIAN_POINT('',(3.255028149863,-0.878678082306,
    1.930661594627));
#11616 = CARTESIAN_POINT('',(2.775863819411,-2.03548310749,
    1.930661594627));
#11617 = CARTESIAN_POINT('',(1.704091980563,-2.912929929979,
    1.930661579303));
#11618 = CARTESIAN_POINT('',(0.134360577617,-3.15228097909,
    1.930661626176));
#11619 = CARTESIAN_POINT('',(-1.395396108631,-2.426388868523,
    1.930661560267));
#11620 = CARTESIAN_POINT('',(-2.473728053045,-1.026234168191,
    1.930661609113));
#11621 = CARTESIAN_POINT('',(-2.473728053056,1.026234168191,
    1.930661609123));
#11622 = CARTESIAN_POINT('',(-1.395396108622,2.426388868523,
    1.93066156026));
#11623 = CARTESIAN_POINT('',(0.134360577613,3.15228097909,1.93066162618)
  );
#11624 = CARTESIAN_POINT('',(1.704091980565,2.912929929979,
    1.930661579301));
#11625 = CARTESIAN_POINT('',(2.775863819411,2.03548310749,1.930661594627
    ));
#11626 = CARTESIAN_POINT('',(3.255028149863,0.878678082306,
    1.930661594627));
#11627 = CARTESIAN_POINT('',(3.274768082708,0.831021668713,
    1.930661594627));
#11628 = CARTESIAN_POINT('',(3.294666336973,0.782983033399,
    1.930661594627));
#11629 = CARTESIAN_POINT('',(3.314722912657,0.734562176367,
    1.930661594627));
#11630 = CARTESIAN_POINT('',(3.334937809762,0.685759097616,
    1.930661594627));
#11631 = CARTESIAN_POINT('',(3.355311028286,0.636573797145,
    1.930661594627));
#11632 = CARTESIAN_POINT('',(3.37584256823,0.587006274955,1.930661594627
    ));
#11633 = CARTESIAN_POINT('',(3.396532429594,0.537056531046,
    1.930661594627));
#11634 = CARTESIAN_POINT('',(3.417380612378,0.486724565418,
    1.930661594627));
#11635 = CARTESIAN_POINT('',(3.438387116582,0.436010378071,
    1.930661594627));
#11636 = CARTESIAN_POINT('',(3.459551942206,0.384913969004,
    1.930661594627));
#11637 = SURFACE_OF_REVOLUTION('',#11638,#11643);
#11638 = CIRCLE('',#11639,0.485412195974);
#11639 = AXIS2_PLACEMENT_3D('',#11640,#11641,#11642);
#11640 = CARTESIAN_POINT('',(3.563765702719,-1.061946524813,1.6));
#11641 = DIRECTION('',(0.382683432365,0.923879532511,0.));
#11642 = DIRECTION('',(-0.523404384043,0.216801194476,-0.824041924199));
#11643 = AXIS1_PLACEMENT('',#11644,#11645);
#11644 = CARTESIAN_POINT('',(1.,0.,0.));
#11645 = DIRECTION('',(0.,0.,-1.));
#11646 = ADVANCED_FACE('',(#11647),#11755,.F.);
#11647 = FACE_BOUND('',#11648,.F.);
#11648 = EDGE_LOOP('',(#11649,#11668,#11669,#11670,#11671,#11690,#11701,
    #11720,#11727,#11746));
#11649 = ORIENTED_EDGE('',*,*,#11650,.F.);
#11650 = EDGE_CURVE('',#11595,#11651,#11653,.T.);
#11651 = VERTEX_POINT('',#11652);
#11652 = CARTESIAN_POINT('',(3.40667978278,0.25,1.930661594627));
#11653 = B_SPLINE_CURVE_WITH_KNOTS('',5,(#11654,#11655,#11656,#11657,
    #11658,#11659,#11660,#11661,#11662,#11663,#11664,#11665,#11666,
    #11667),.UNSPECIFIED.,.F.,.F.,(6,4,4,6),(-0.119413470026,
    -1.353371911203E-07,1.96349554383,2.08290869425),.UNSPECIFIED.);
#11654 = CARTESIAN_POINT('',(3.189749034566,1.036275808073,
    1.930661594627));
#11655 = CARTESIAN_POINT('',(3.199182355483,1.013501756721,
    1.930661594627));
#11656 = CARTESIAN_POINT('',(3.20846876641,0.991082377458,1.930661594627
    ));
#11657 = CARTESIAN_POINT('',(3.217608267348,0.969017670284,
    1.930661594627));
#11658 = CARTESIAN_POINT('',(3.226600858298,0.9473076352,1.930661594627)
  );
#11659 = CARTESIAN_POINT('',(3.380894753976,0.574809218729,
    1.930661594627));
#11660 = CARTESIAN_POINT('',(3.457413628123,0.195110560338,
    1.930661594627));
#11661 = CARTESIAN_POINT('',(3.457414134116,-0.1951093668,1.930661594627
    ));
#11662 = CARTESIAN_POINT('',(3.380895040325,-0.574808527422,
    1.930661594627));
#11663 = CARTESIAN_POINT('',(3.226600854533,-0.947307644289,
    1.930661594627));
#11664 = CARTESIAN_POINT('',(3.217608261701,-0.969017683918,
    1.930661594627));
#11665 = CARTESIAN_POINT('',(3.208468760763,-0.991082391091,
    1.930661594627));
#11666 = CARTESIAN_POINT('',(3.199182351718,-1.01350176581,
    1.930661594627));
#11667 = CARTESIAN_POINT('',(3.189749034566,-1.036275808073,
    1.930661594627));
#11668 = ORIENTED_EDGE('',*,*,#11594,.F.);
#11669 = ORIENTED_EDGE('',*,*,#11519,.T.);
#11670 = ORIENTED_EDGE('',*,*,#11584,.T.);
#11671 = ORIENTED_EDGE('',*,*,#11672,.F.);
#11672 = EDGE_CURVE('',#11673,#11585,#11675,.T.);
#11673 = VERTEX_POINT('',#11674);
#11674 = CARTESIAN_POINT('',(3.406679829997,-0.25,1.930661594627));
#11675 = B_SPLINE_CURVE_WITH_KNOTS('',5,(#11676,#11677,#11678,#11679,
    #11680,#11681,#11682,#11683,#11684,#11685,#11686,#11687,#11688,
    #11689),.UNSPECIFIED.,.F.,.F.,(6,4,4,6),(-0.119413470026,
    -1.353371911203E-07,1.96349554383,2.08290869425),.UNSPECIFIED.);
#11676 = CARTESIAN_POINT('',(3.189749034566,1.036275808073,
    1.930661594627));
#11677 = CARTESIAN_POINT('',(3.199182355483,1.013501756721,
    1.930661594627));
#11678 = CARTESIAN_POINT('',(3.20846876641,0.991082377458,1.930661594627
    ));
#11679 = CARTESIAN_POINT('',(3.217608267348,0.969017670284,
    1.930661594627));
#11680 = CARTESIAN_POINT('',(3.226600858298,0.9473076352,1.930661594627)
  );
#11681 = CARTESIAN_POINT('',(3.380894753976,0.574809218729,
    1.930661594627));
#11682 = CARTESIAN_POINT('',(3.457413628123,0.195110560338,
    1.930661594627));
#11683 = CARTESIAN_POINT('',(3.457414134116,-0.1951093668,1.930661594627
    ));
#11684 = CARTESIAN_POINT('',(3.380895040325,-0.574808527422,
    1.930661594627));
#11685 = CARTESIAN_POINT('',(3.226600854533,-0.947307644289,
    1.930661594627));
#11686 = CARTESIAN_POINT('',(3.217608261701,-0.969017683918,
    1.930661594627));
#11687 = CARTESIAN_POINT('',(3.208468760763,-0.991082391091,
    1.930661594627));
#11688 = CARTESIAN_POINT('',(3.199182351718,-1.01350176581,
    1.930661594627));
#11689 = CARTESIAN_POINT('',(3.189749034566,-1.036275808073,
    1.930661594627));
#11690 = ORIENTED_EDGE('',*,*,#11691,.F.);
#11691 = EDGE_CURVE('',#11692,#11673,#11694,.T.);
#11692 = VERTEX_POINT('',#11693);
#11693 = CARTESIAN_POINT('',(3.299471489861,-0.25,1.749));
#11694 = B_SPLINE_CURVE_WITH_KNOTS('',5,(#11695,#11696,#11697,#11698,
    #11699,#11700),.UNSPECIFIED.,.F.,.F.,(6,6),(0.,1.),
  .PIECEWISE_BEZIER_KNOTS.);
#11695 = CARTESIAN_POINT('',(3.299471489861,-0.25,1.749));
#11696 = CARTESIAN_POINT('',(3.312587202196,-0.25,1.789427365424));
#11697 = CARTESIAN_POINT('',(3.33014872115,-0.25,1.828424172249));
#11698 = CARTESIAN_POINT('',(3.351941636815,-0.25,1.865341021624));
#11699 = CARTESIAN_POINT('',(3.377608548406,-0.25,1.899584994083));
#11700 = CARTESIAN_POINT('',(3.40668024473,-0.25,1.930661807849));
#11701 = ORIENTED_EDGE('',*,*,#11702,.T.);
#11702 = EDGE_CURVE('',#11692,#11703,#11705,.T.);
#11703 = VERTEX_POINT('',#11704);
#11704 = CARTESIAN_POINT('',(3.299999782609,-1.E-03,1.5));
#11705 = B_SPLINE_CURVE_WITH_KNOTS('',7,(#11706,#11707,#11708,#11709,
    #11710,#11711,#11712,#11713,#11714,#11715,#11716,#11717,#11718,
    #11719),.UNSPECIFIED.,.F.,.F.,(8,6,8),(0.,0.656899903514,1.),
  .UNSPECIFIED.);
#11706 = CARTESIAN_POINT('',(3.299471489861,-0.25,1.749));
#11707 = CARTESIAN_POINT('',(3.288903887063,-0.25,1.716426818984));
#11708 = CARTESIAN_POINT('',(3.281699509879,-0.245028477564,
    1.683385522006));
#11709 = CARTESIAN_POINT('',(3.278045828963,-0.234830048078,
    1.650728113424));
#11710 = CARTESIAN_POINT('',(3.277713110475,-0.219290375561,
    1.619367410059));
#11711 = CARTESIAN_POINT('',(3.280087341319,-0.198436579318,
    1.590251266333));
#11712 = CARTESIAN_POINT('',(3.284149886785,-0.172302430004,
    1.564384728938));
#11713 = CARTESIAN_POINT('',(3.29090216963,-0.124770531607,
    1.532041582647));
#11714 = CARTESIAN_POINT('',(3.293310489781,-0.107148532185,
    1.522255641965));
#11715 = CARTESIAN_POINT('',(3.295638205192,-8.813505246606E-02,
    1.513869244735));
#11716 = CARTESIAN_POINT('',(3.297696231285,-6.772624403228E-02,
    1.507131244826));
#11717 = CARTESIAN_POINT('',(3.2992147289,-4.608658790058E-02,
    1.502401965702));
#11718 = CARTESIAN_POINT('',(3.299989938095,-2.364237892977E-02,1.5));
#11719 = CARTESIAN_POINT('',(3.299999782609,-1.E-03,1.5));
#11720 = ORIENTED_EDGE('',*,*,#11721,.T.);
#11721 = EDGE_CURVE('',#11703,#11722,#11724,.T.);
#11722 = VERTEX_POINT('',#11723);
#11723 = CARTESIAN_POINT('',(3.299999782609,9.999999999998E-04,1.5));
#11724 = B_SPLINE_CURVE_WITH_KNOTS('',1,(#11725,#11726),.UNSPECIFIED.,
  .F.,.F.,(2,2),(0.,1.),.PIECEWISE_BEZIER_KNOTS.);
#11725 = CARTESIAN_POINT('',(3.299999782609,-1.E-03,1.5));
#11726 = CARTESIAN_POINT('',(3.299999782609,9.999999999998E-04,1.5));
#11727 = ORIENTED_EDGE('',*,*,#11728,.T.);
#11728 = EDGE_CURVE('',#11722,#11729,#11731,.T.);
#11729 = VERTEX_POINT('',#11730);
#11730 = CARTESIAN_POINT('',(3.299471489861,0.25,1.749));
#11731 = B_SPLINE_CURVE_WITH_KNOTS('',7,(#11732,#11733,#11734,#11735,
    #11736,#11737,#11738,#11739,#11740,#11741,#11742,#11743,#11744,
    #11745),.UNSPECIFIED.,.F.,.F.,(8,6,8),(0.,0.343710672019,1.),
  .UNSPECIFIED.);
#11732 = CARTESIAN_POINT('',(3.299999782609,9.999999999997E-04,1.5));
#11733 = CARTESIAN_POINT('',(3.299989920585,2.368265119001E-02,1.5));
#11734 = CARTESIAN_POINT('',(3.299211971008,4.616604948054E-02,
    1.502410516981));
#11735 = CARTESIAN_POINT('',(3.297688162784,6.784108201107E-02,
    1.507156358887));
#11736 = CARTESIAN_POINT('',(3.295623636424,8.827968087268E-02,
    1.513916973069));
#11737 = CARTESIAN_POINT('',(3.293289812594,0.10731720987,1.522330091337
    ));
#11738 = CARTESIAN_POINT('',(3.290876523628,0.124958092937,
    1.532145912779));
#11739 = CARTESIAN_POINT('',(3.284127396232,0.172447200062,
    1.564528141918));
#11740 = CARTESIAN_POINT('',(3.280076399241,0.198532790636,
    1.590385718193));
#11741 = CARTESIAN_POINT('',(3.277714368661,0.21934776166,1.619483238628
    ));
#11742 = CARTESIAN_POINT('',(3.278055943653,0.234858301632,
    1.650818612401));
#11743 = CARTESIAN_POINT('',(3.281712830825,0.245037663177,
    1.683446586849));
#11744 = CARTESIAN_POINT('',(3.288913652378,0.25,1.716456919224));
#11745 = CARTESIAN_POINT('',(3.299471489861,0.25,1.749));
#11746 = ORIENTED_EDGE('',*,*,#11747,.T.);
#11747 = EDGE_CURVE('',#11729,#11651,#11748,.T.);
#11748 = B_SPLINE_CURVE_WITH_KNOTS('',5,(#11749,#11750,#11751,#11752,
    #11753,#11754),.UNSPECIFIED.,.F.,.F.,(6,6),(0.,1.),
  .PIECEWISE_BEZIER_KNOTS.);
#11749 = CARTESIAN_POINT('',(3.299471489861,0.25,1.749));
#11750 = CARTESIAN_POINT('',(3.312587202196,0.25,1.789427365424));
#11751 = CARTESIAN_POINT('',(3.33014872115,0.25,1.828424172249));
#11752 = CARTESIAN_POINT('',(3.351941636815,0.25,1.865341021624));
#11753 = CARTESIAN_POINT('',(3.377608548406,0.25,1.899584994083));
#11754 = CARTESIAN_POINT('',(3.40668024473,0.25,1.930661807849));
#11755 = SURFACE_OF_REVOLUTION('',#11756,#11761);
#11756 = CIRCLE('',#11757,0.485412195974);
#11757 = AXIS2_PLACEMENT_3D('',#11758,#11759,#11760);
#11758 = CARTESIAN_POINT('',(3.563765702719,1.061946524813,1.6));
#11759 = DIRECTION('',(-0.382683432365,0.923879532511,0.));
#11760 = DIRECTION('',(-0.523404384043,-0.216801194476,-0.824041924199)
  );
#11761 = AXIS1_PLACEMENT('',#11762,#11763);
#11762 = CARTESIAN_POINT('',(1.,0.,0.));
#11763 = DIRECTION('',(0.,0.,-1.));
#11764 = ADVANCED_FACE('',(#11765),#11833,.T.);
#11765 = FACE_BOUND('',#11766,.T.);
#11766 = EDGE_LOOP('',(#11767,#11782,#11819,#11832));
#11767 = ORIENTED_EDGE('',*,*,#11768,.T.);
#11768 = EDGE_CURVE('',#11585,#11769,#11771,.T.);
#11769 = VERTEX_POINT('',#11770);
#11770 = CARTESIAN_POINT('',(3.309698831278,-0.956708580913,
    2.135020857149));
#11771 = B_SPLINE_CURVE_WITH_KNOTS('',5,(#11772,#11773,#11774,#11775,
    #11776,#11777,#11778,#11779,#11780,#11781),.UNSPECIFIED.,.F.,.F.,(6,
    4,6),(0.,0.5,1.),.UNSPECIFIED.);
#11772 = CARTESIAN_POINT('',(3.235446538439,-0.925952274181,
    1.930661594627));
#11773 = CARTESIAN_POINT('',(3.249271815997,-0.93167889165,
    1.946744172007));
#11774 = CARTESIAN_POINT('',(3.261973435419,-0.936940074678,
    1.964470589246));
#11775 = CARTESIAN_POINT('',(3.273234543788,-0.941604578492,1.9836790636
    ));
#11776 = CARTESIAN_POINT('',(3.282778034968,-0.945557621971,
    2.004056935692));
#11777 = CARTESIAN_POINT('',(3.298159251937,-0.951928730645,
    2.046389556494));
#11778 = CARTESIAN_POINT('',(3.303997166347,-0.95434687397,
    2.068344824333));
#11779 = CARTESIAN_POINT('',(3.307841659805,-0.955939315301,
    2.090710414983));
#11780 = CARTESIAN_POINT('',(3.30969883117,-0.956708580868,
    2.113053113924));
#11781 = CARTESIAN_POINT('',(3.309698831278,-0.956708580913,
    2.135020857149));
#11782 = ORIENTED_EDGE('',*,*,#11783,.T.);
#11783 = EDGE_CURVE('',#11769,#11784,#11786,.T.);
#11784 = VERTEX_POINT('',#11785);
#11785 = CARTESIAN_POINT('',(3.309698831278,0.956708580913,
    2.135020857149));
#11786 = B_SPLINE_CURVE_WITH_KNOTS('',11,(#11787,#11788,#11789,#11790,
    #11791,#11792,#11793,#11794,#11795,#11796,#11797,#11798,#11799,
    #11800,#11801,#11802,#11803,#11804,#11805,#11806,#11807,#11808,
    #11809,#11810,#11811,#11812,#11813,#11814,#11815,#11816,#11817,
    #11818),.UNSPECIFIED.,.F.,.F.,(12,10,10,12),(-0.585615641583,
    2.901255980386E-15,13.744467859455,14.330083501039),.UNSPECIFIED.);
#11787 = CARTESIAN_POINT('',(3.533804235046,-0.415670275735,
    2.135020857149));
#11788 = CARTESIAN_POINT('',(3.513289829604,-0.465196431576,
    2.135020857149));
#11789 = CARTESIAN_POINT('',(3.492803661547,-0.514654416342,
    2.135020857149));
#11790 = CARTESIAN_POINT('',(3.472345730872,-0.564044230035,
    2.135020857149));
#11791 = CARTESIAN_POINT('',(3.451916037581,-0.613365872653,
    2.135020857149));
#11792 = CARTESIAN_POINT('',(3.431514581673,-0.662619344198,
    2.135020857149));
#11793 = CARTESIAN_POINT('',(3.411141363149,-0.711804644669,
    2.135020857149));
#11794 = CARTESIAN_POINT('',(3.390796382008,-0.760921774065,
    2.135020857149));
#11795 = CARTESIAN_POINT('',(3.370479638251,-0.809970732388,
    2.135020857149));
#11796 = CARTESIAN_POINT('',(3.350191131876,-0.858951519637,
    2.135020857149));
#11797 = CARTESIAN_POINT('',(3.329930862886,-0.907864135812,
    2.135020857149));
#11798 = CARTESIAN_POINT('',(2.834850674205,-2.103093441788,
    2.135020857149));
#11799 = CARTESIAN_POINT('',(1.727586252495,-3.009448724487,
    2.135020937091));
#11800 = CARTESIAN_POINT('',(0.10585501195,-3.257464103805,
    2.135020692567));
#11801 = CARTESIAN_POINT('',(-1.475741298782,-2.5067600004,
    2.135021036405));
#11802 = CARTESIAN_POINT('',(-2.588653308495,-1.059860959899,
    2.135020781556));
#11803 = CARTESIAN_POINT('',(-2.588653308509,1.059860959899,
    2.135020781567));
#11804 = CARTESIAN_POINT('',(-1.475741298771,2.5067600004,2.135021036396
    ));
#11805 = CARTESIAN_POINT('',(0.105855011945,3.257464103806,
    2.135020692572));
#11806 = CARTESIAN_POINT('',(1.727586252497,3.009448724487,
    2.135020937089));
#11807 = CARTESIAN_POINT('',(2.834850674204,2.103093441788,
    2.135020857149));
#11808 = CARTESIAN_POINT('',(3.329930862886,0.907864135812,
    2.135020857149));
#11809 = CARTESIAN_POINT('',(3.350191131876,0.858951519637,
    2.135020857149));
#11810 = CARTESIAN_POINT('',(3.370479638251,0.809970732388,
    2.135020857149));
#11811 = CARTESIAN_POINT('',(3.390796382008,0.760921774065,
    2.135020857149));
#11812 = CARTESIAN_POINT('',(3.411141363149,0.711804644669,
    2.135020857149));
#11813 = CARTESIAN_POINT('',(3.431514581673,0.662619344198,
    2.135020857149));
#11814 = CARTESIAN_POINT('',(3.451916037581,0.613365872653,
    2.135020857149));
#11815 = CARTESIAN_POINT('',(3.472345730872,0.564044230035,
    2.135020857149));
#11816 = CARTESIAN_POINT('',(3.492803661547,0.514654416342,
    2.135020857149));
#11817 = CARTESIAN_POINT('',(3.513289829605,0.465196431576,
    2.135020857149));
#11818 = CARTESIAN_POINT('',(3.533804235046,0.415670275736,
    2.135020857149));
#11819 = ORIENTED_EDGE('',*,*,#11820,.F.);
#11820 = EDGE_CURVE('',#11595,#11784,#11821,.T.);
#11821 = B_SPLINE_CURVE_WITH_KNOTS('',5,(#11822,#11823,#11824,#11825,
    #11826,#11827,#11828,#11829,#11830,#11831),.UNSPECIFIED.,.F.,.F.,(6,
    4,6),(0.,0.5,1.),.UNSPECIFIED.);
#11822 = CARTESIAN_POINT('',(3.235446538439,0.925952274181,
    1.930661594627));
#11823 = CARTESIAN_POINT('',(3.249271815997,0.93167889165,1.946744172007
    ));
#11824 = CARTESIAN_POINT('',(3.261973435419,0.936940074678,
    1.964470589246));
#11825 = CARTESIAN_POINT('',(3.273234543788,0.941604578492,1.9836790636)
  );
#11826 = CARTESIAN_POINT('',(3.282778034968,0.945557621971,
    2.004056935692));
#11827 = CARTESIAN_POINT('',(3.298159251937,0.951928730645,
    2.046389556494));
#11828 = CARTESIAN_POINT('',(3.303997166347,0.95434687397,2.068344824333
    ));
#11829 = CARTESIAN_POINT('',(3.307841659805,0.955939315301,
    2.090710414983));
#11830 = CARTESIAN_POINT('',(3.30969883117,0.956708580868,2.113053113924
    ));
#11831 = CARTESIAN_POINT('',(3.309698831278,0.956708580913,
    2.135020857149));
#11832 = ORIENTED_EDGE('',*,*,#11603,.F.);
#11833 = ( BOUNDED_SURFACE() B_SPLINE_SURFACE(2,11,(
    (#11834,#11835,#11836,#11837,#11838,#11839,#11840,#11841,#11842
      ,#11843,#11844,#11845,#11846,#11847,#11848,#11849,#11850,#11851
      ,#11852,#11853,#11854,#11855,#11856,#11857,#11858,#11859,#11860
      ,#11861,#11862,#11863,#11864,#11865)
    ,(#11866,#11867,#11868,#11869,#11870,#11871,#11872,#11873,#11874
      ,#11875,#11876,#11877,#11878,#11879,#11880,#11881,#11882,#11883
      ,#11884,#11885,#11886,#11887,#11888,#11889,#11890,#11891,#11892
      ,#11893,#11894,#11895,#11896,#11897)
    ,(#11898,#11899,#11900,#11901,#11902,#11903,#11904,#11905,#11906
      ,#11907,#11908,#11909,#11910,#11911,#11912,#11913,#11914,#11915
      ,#11916,#11917,#11918,#11919,#11920,#11921,#11922,#11923,#11924
      ,#11925,#11926,#11927,#11928,#11929
)),.UNSPECIFIED.,.F.,.F.,.F.) B_SPLINE_SURFACE_WITH_KNOTS((3,3),(12,10,
    10,12),(0.,13.744467859455),(-0.585615641583,2.901255980386E-15,
    13.744467859455,14.330083501039),.UNSPECIFIED.) 
GEOMETRIC_REPRESENTATION_ITEM() RATIONAL_B_SPLINE_SURFACE((
    (1.,1.,1.,1.,1.,1.,1.,1.,1.,1.,1.,1.,1.,1.,1.,1.,1.,1.,1.,1.,1.,1.
      ,1.,1.,1.,1.,1.,1.,1.,1.,1.,1.)
    ,(0.93061798229,0.93061798229,0.93061798229,0.93061798229
      ,0.93061798229,0.93061798229,0.93061798229,0.93061798229
      ,0.93061798229,0.93061798229,0.93061798229,0.93061798229
      ,0.930617902914,0.930618145705,0.930617804307,0.93061805734
      ,0.930618057345,0.930617804303,0.930618145707,0.930617902913
      ,0.93061798229,0.93061798229,0.93061798229,0.93061798229
      ,0.93061798229,0.93061798229,0.93061798229,0.93061798229
      ,0.93061798229,0.93061798229,0.93061798229,0.93061798229)
    ,(1.,1.,1.,1.,1.,1.,1.,1.,1.,1.,1.,1.,1.,1.,1.,1.,1.,1.,1.,1.,1.,1.
,1.,1.,1.,1.,1.,1.,1.,1.,1.,1.))) REPRESENTATION_ITEM('') SURFACE() );
#11834 = CARTESIAN_POINT('',(3.459551942206,-0.384913969004,
    1.930661594627));
#11835 = CARTESIAN_POINT('',(3.438387116582,-0.43601037807,
    1.930661594627));
#11836 = CARTESIAN_POINT('',(3.417380612378,-0.486724565418,
    1.930661594627));
#11837 = CARTESIAN_POINT('',(3.396532429594,-0.537056531046,
    1.930661594627));
#11838 = CARTESIAN_POINT('',(3.37584256823,-0.587006274955,
    1.930661594627));
#11839 = CARTESIAN_POINT('',(3.355311028286,-0.636573797145,
    1.930661594627));
#11840 = CARTESIAN_POINT('',(3.334937809762,-0.685759097616,
    1.930661594627));
#11841 = CARTESIAN_POINT('',(3.314722912657,-0.734562176367,
    1.930661594627));
#11842 = CARTESIAN_POINT('',(3.294666336973,-0.782983033399,
    1.930661594627));
#11843 = CARTESIAN_POINT('',(3.274768082708,-0.831021668713,
    1.930661594627));
#11844 = CARTESIAN_POINT('',(3.255028149863,-0.878678082306,
    1.930661594627));
#11845 = CARTESIAN_POINT('',(2.775863819411,-2.03548310749,
    1.930661594627));
#11846 = CARTESIAN_POINT('',(1.704091980563,-2.912929929979,
    1.930661579303));
#11847 = CARTESIAN_POINT('',(0.134360577617,-3.15228097909,
    1.930661626176));
#11848 = CARTESIAN_POINT('',(-1.395396108631,-2.426388868523,
    1.930661560267));
#11849 = CARTESIAN_POINT('',(-2.473728053045,-1.026234168191,
    1.930661609113));
#11850 = CARTESIAN_POINT('',(-2.473728053056,1.026234168191,
    1.930661609123));
#11851 = CARTESIAN_POINT('',(-1.395396108622,2.426388868523,
    1.93066156026));
#11852 = CARTESIAN_POINT('',(0.134360577613,3.15228097909,1.93066162618)
  );
#11853 = CARTESIAN_POINT('',(1.704091980565,2.912929929979,
    1.930661579301));
#11854 = CARTESIAN_POINT('',(2.775863819411,2.03548310749,1.930661594627
    ));
#11855 = CARTESIAN_POINT('',(3.255028149863,0.878678082306,
    1.930661594627));
#11856 = CARTESIAN_POINT('',(3.274768082708,0.831021668713,
    1.930661594627));
#11857 = CARTESIAN_POINT('',(3.294666336973,0.782983033399,
    1.930661594627));
#11858 = CARTESIAN_POINT('',(3.314722912657,0.734562176367,
    1.930661594627));
#11859 = CARTESIAN_POINT('',(3.334937809762,0.685759097616,
    1.930661594627));
#11860 = CARTESIAN_POINT('',(3.355311028286,0.636573797145,
    1.930661594627));
#11861 = CARTESIAN_POINT('',(3.37584256823,0.587006274955,1.930661594627
    ));
#11862 = CARTESIAN_POINT('',(3.396532429594,0.537056531046,
    1.930661594627));
#11863 = CARTESIAN_POINT('',(3.417380612378,0.486724565418,
    1.930661594627));
#11864 = CARTESIAN_POINT('',(3.438387116582,0.436010378071,
    1.930661594627));
#11865 = CARTESIAN_POINT('',(3.459551942206,0.384913969004,
    1.930661594627));
#11866 = CARTESIAN_POINT('',(3.533804235046,-0.415670275735,
    2.017037309501));
#11867 = CARTESIAN_POINT('',(3.513289829604,-0.465196431576,
    2.017037309501));
#11868 = CARTESIAN_POINT('',(3.492803661547,-0.514654416342,
    2.017037309501));
#11869 = CARTESIAN_POINT('',(3.472345730872,-0.564044230035,
    2.017037309501));
#11870 = CARTESIAN_POINT('',(3.451916037581,-0.613365872653,
    2.017037309501));
#11871 = CARTESIAN_POINT('',(3.431514581673,-0.662619344198,
    2.017037309501));
#11872 = CARTESIAN_POINT('',(3.411141363149,-0.711804644669,
    2.017037309501));
#11873 = CARTESIAN_POINT('',(3.390796382008,-0.760921774065,
    2.017037309501));
#11874 = CARTESIAN_POINT('',(3.37047963825,-0.809970732388,
    2.017037309501));
#11875 = CARTESIAN_POINT('',(3.350191131876,-0.858951519637,
    2.017037309501));
#11876 = CARTESIAN_POINT('',(3.329930862886,-0.907864135812,
    2.017037309501));
#11877 = CARTESIAN_POINT('',(2.834850674205,-2.103093441788,
    2.017037309501));
#11878 = CARTESIAN_POINT('',(1.727586214542,-3.009448936944,
    2.017037314315));
#11879 = CARTESIAN_POINT('',(0.105855341319,-3.257463206685,
    2.01703729959));
#11880 = CARTESIAN_POINT('',(-1.475741895236,-2.506761759151,
    2.017037320295));
#11881 = CARTESIAN_POINT('',(-2.588652975413,-1.05985863781,
    2.017037304949));
#11882 = CARTESIAN_POINT('',(-2.58865297541,1.059858637805,
    2.017037304949));
#11883 = CARTESIAN_POINT('',(-1.475741895234,2.506761759161,
    2.017037320295));
#11884 = CARTESIAN_POINT('',(0.105855341315,3.257463206678,2.01703729959
    ));
#11885 = CARTESIAN_POINT('',(1.727586214545,3.009448936946,
    2.017037314315));
#11886 = CARTESIAN_POINT('',(2.834850674204,2.103093441787,
    2.017037309501));
#11887 = CARTESIAN_POINT('',(3.329930862886,0.907864135812,
    2.017037309501));
#11888 = CARTESIAN_POINT('',(3.350191131876,0.858951519637,
    2.017037309501));
#11889 = CARTESIAN_POINT('',(3.370479638251,0.809970732388,
    2.017037309501));
#11890 = CARTESIAN_POINT('',(3.390796382008,0.760921774065,
    2.017037309501));
#11891 = CARTESIAN_POINT('',(3.411141363149,0.711804644669,
    2.017037309501));
#11892 = CARTESIAN_POINT('',(3.431514581674,0.662619344198,
    2.017037309501));
#11893 = CARTESIAN_POINT('',(3.451916037581,0.613365872653,
    2.017037309501));
#11894 = CARTESIAN_POINT('',(3.472345730872,0.564044230035,
    2.017037309501));
#11895 = CARTESIAN_POINT('',(3.492803661547,0.514654416342,
    2.017037309501));
#11896 = CARTESIAN_POINT('',(3.513289829605,0.465196431576,
    2.017037309501));
#11897 = CARTESIAN_POINT('',(3.533804235046,0.415670275736,
    2.017037309501));
#11898 = CARTESIAN_POINT('',(3.533804235046,-0.415670275735,
    2.135020857149));
#11899 = CARTESIAN_POINT('',(3.513289829604,-0.465196431576,
    2.135020857149));
#11900 = CARTESIAN_POINT('',(3.492803661547,-0.514654416342,
    2.135020857149));
#11901 = CARTESIAN_POINT('',(3.472345730872,-0.564044230035,
    2.135020857149));
#11902 = CARTESIAN_POINT('',(3.451916037581,-0.613365872653,
    2.135020857149));
#11903 = CARTESIAN_POINT('',(3.431514581673,-0.662619344198,
    2.135020857149));
#11904 = CARTESIAN_POINT('',(3.411141363149,-0.711804644669,
    2.135020857149));
#11905 = CARTESIAN_POINT('',(3.390796382008,-0.760921774065,
    2.135020857149));
#11906 = CARTESIAN_POINT('',(3.370479638251,-0.809970732388,
    2.135020857149));
#11907 = CARTESIAN_POINT('',(3.350191131876,-0.858951519637,
    2.135020857149));
#11908 = CARTESIAN_POINT('',(3.329930862886,-0.907864135812,
    2.135020857149));
#11909 = CARTESIAN_POINT('',(2.834850674205,-2.103093441788,
    2.135020857149));
#11910 = CARTESIAN_POINT('',(1.727586252495,-3.009448724487,
    2.135020937091));
#11911 = CARTESIAN_POINT('',(0.10585501195,-3.257464103805,
    2.135020692567));
#11912 = CARTESIAN_POINT('',(-1.475741298782,-2.5067600004,
    2.135021036405));
#11913 = CARTESIAN_POINT('',(-2.588653308495,-1.059860959899,
    2.135020781556));
#11914 = CARTESIAN_POINT('',(-2.588653308509,1.059860959899,
    2.135020781567));
#11915 = CARTESIAN_POINT('',(-1.475741298771,2.5067600004,2.135021036396
    ));
#11916 = CARTESIAN_POINT('',(0.105855011945,3.257464103806,
    2.135020692572));
#11917 = CARTESIAN_POINT('',(1.727586252497,3.009448724487,
    2.135020937089));
#11918 = CARTESIAN_POINT('',(2.834850674204,2.103093441788,
    2.135020857149));
#11919 = CARTESIAN_POINT('',(3.329930862886,0.907864135812,
    2.135020857149));
#11920 = CARTESIAN_POINT('',(3.350191131876,0.858951519637,
    2.135020857149));
#11921 = CARTESIAN_POINT('',(3.370479638251,0.809970732388,
    2.135020857149));
#11922 = CARTESIAN_POINT('',(3.390796382008,0.760921774065,
    2.135020857149));
#11923 = CARTESIAN_POINT('',(3.411141363149,0.711804644669,
    2.135020857149));
#11924 = CARTESIAN_POINT('',(3.431514581673,0.662619344198,
    2.135020857149));
#11925 = CARTESIAN_POINT('',(3.451916037581,0.613365872653,
    2.135020857149));
#11926 = CARTESIAN_POINT('',(3.472345730872,0.564044230035,
    2.135020857149));
#11927 = CARTESIAN_POINT('',(3.492803661547,0.514654416342,
    2.135020857149));
#11928 = CARTESIAN_POINT('',(3.513289829605,0.465196431576,
    2.135020857149));
#11929 = CARTESIAN_POINT('',(3.533804235046,0.415670275736,
    2.135020857149));
#11930 = ADVANCED_FACE('',(#11931),#11967,.T.);
#11931 = FACE_BOUND('',#11932,.T.);
#11932 = EDGE_LOOP('',(#11933,#11934,#11935,#11954));
#11933 = ORIENTED_EDGE('',*,*,#11650,.F.);
#11934 = ORIENTED_EDGE('',*,*,#11820,.T.);
#11935 = ORIENTED_EDGE('',*,*,#11936,.T.);
#11936 = EDGE_CURVE('',#11784,#11937,#11939,.T.);
#11937 = VERTEX_POINT('',#11938);
#11938 = CARTESIAN_POINT('',(3.487468271461,0.25,2.135020857149));
#11939 = B_SPLINE_CURVE_WITH_KNOTS('',5,(#11940,#11941,#11942,#11943,
    #11944,#11945,#11946,#11947,#11948,#11949,#11950,#11951,#11952,
    #11953),.UNSPECIFIED.,.F.,.F.,(6,4,4,6),(-0.119413470026,
    -1.353371911203E-07,1.96349554383,2.08290869425),.UNSPECIFIED.);
#11940 = CARTESIAN_POINT('',(3.264001325546,1.067032118743,
    2.135020857149));
#11941 = CARTESIAN_POINT('',(3.273140829292,1.0449674049,2.135020857149)
  );
#11942 = CARTESIAN_POINT('',(3.282280331654,1.0229026944,2.135020857149)
  );
#11943 = CARTESIAN_POINT('',(3.291419832631,1.000837987243,
    2.135020857149));
#11944 = CARTESIAN_POINT('',(3.300559332224,0.978773283428,
    2.135020857149));
#11945 = CARTESIAN_POINT('',(3.45997823841,0.593901998977,2.135020857149
    ));
#11946 = CARTESIAN_POINT('',(3.539038746156,0.201591257513,
    2.135020857149));
#11947 = CARTESIAN_POINT('',(3.539039291386,-0.201589955698,
    2.135020857149));
#11948 = CARTESIAN_POINT('',(3.45997851584,-0.593901329202,
    2.135020857149));
#11949 = CARTESIAN_POINT('',(3.300559329455,-0.978773290113,
    2.135020857149));
#11950 = CARTESIAN_POINT('',(3.291419828478,-1.00083799727,
    2.135020857149));
#11951 = CARTESIAN_POINT('',(3.2822803275,-1.022902704428,2.135020857149
    ));
#11952 = CARTESIAN_POINT('',(3.273140826523,-1.044967411585,
    2.135020857149));
#11953 = CARTESIAN_POINT('',(3.264001325546,-1.067032118743,
    2.135020857149));
#11954 = ORIENTED_EDGE('',*,*,#11955,.T.);
#11955 = EDGE_CURVE('',#11937,#11651,#11956,.T.);
#11956 = B_SPLINE_CURVE_WITH_KNOTS('',5,(#11957,#11958,#11959,#11960,
    #11961,#11962,#11963,#11964,#11965,#11966),.UNSPECIFIED.,.F.,.F.,(6,
    4,6),(0.,0.48758179705,1.),.UNSPECIFIED.);
#11957 = CARTESIAN_POINT('',(3.487468271461,0.25,2.135020857149));
#11958 = CARTESIAN_POINT('',(3.487468270657,0.25,2.113553317448));
#11959 = CARTESIAN_POINT('',(3.485538793119,0.25,2.091758528998));
#11960 = CARTESIAN_POINT('',(3.481559474663,0.25,2.069958867169));
#11961 = CARTESIAN_POINT('',(3.475526468276,0.25,2.048540658581));
#11962 = CARTESIAN_POINT('',(3.459209148069,0.25,2.006097182303));
#11963 = CARTESIAN_POINT('',(3.448723867052,0.25,1.985147071589));
#11964 = CARTESIAN_POINT('',(3.436260723432,0.25,1.965395047985));
#11965 = CARTESIAN_POINT('',(3.422126648559,0.25,1.947173883242));
#11966 = CARTESIAN_POINT('',(3.40667978278,0.25,1.930661594627));
#11967 = ( BOUNDED_SURFACE() B_SPLINE_SURFACE(2,5,(
    (#11968,#11969,#11970,#11971,#11972,#11973,#11974,#11975,#11976
      ,#11977,#11978,#11979,#11980,#11981)
    ,(#11982,#11983,#11984,#11985,#11986,#11987,#11988,#11989,#11990
      ,#11991,#11992,#11993,#11994,#11995)
    ,(#11996,#11997,#11998,#11999,#12000,#12001,#12002,#12003,#12004
      ,#12005,#12006,#12007,#12008,#12009
)),.UNSPECIFIED.,.F.,.F.,.F.) B_SPLINE_SURFACE_WITH_KNOTS((3,3),(6,4,4,6
    ),(0.,1.963495679168),(-0.119413470026,-1.353371911203E-07,
    1.96349554383,2.08290869425),.UNSPECIFIED.) 
GEOMETRIC_REPRESENTATION_ITEM() RATIONAL_B_SPLINE_SURFACE((
    (1.,1.,1.,1.,1.,1.,1.,1.,1.,1.,1.,1.,1.,1.)
    ,(0.93061798229,0.93061798229,0.93061798229,0.93061798229
      ,0.93061798229,0.93061798229,0.93061798229,0.93061798229
      ,0.93061798229,0.93061798229,0.93061798229,0.93061798229
      ,0.93061798229,0.93061798229)
,(1.,1.,1.,1.,1.,1.,1.,1.,1.,1.,1.,1.,1.,1.
))) REPRESENTATION_ITEM('') SURFACE() );
#11968 = CARTESIAN_POINT('',(3.189749034566,1.036275808073,
    1.930661594627));
#11969 = CARTESIAN_POINT('',(3.199182355483,1.013501756721,
    1.930661594627));
#11970 = CARTESIAN_POINT('',(3.20846876641,0.991082377458,1.930661594627
    ));
#11971 = CARTESIAN_POINT('',(3.217608267348,0.969017670284,
    1.930661594627));
#11972 = CARTESIAN_POINT('',(3.226600858298,0.9473076352,1.930661594627)
  );
#11973 = CARTESIAN_POINT('',(3.380894753976,0.574809218729,
    1.930661594627));
#11974 = CARTESIAN_POINT('',(3.457413628123,0.195110560338,
    1.930661594627));
#11975 = CARTESIAN_POINT('',(3.457414134116,-0.1951093668,1.930661594627
    ));
#11976 = CARTESIAN_POINT('',(3.380895040325,-0.574808527422,
    1.930661594627));
#11977 = CARTESIAN_POINT('',(3.226600854533,-0.947307644289,
    1.930661594627));
#11978 = CARTESIAN_POINT('',(3.217608261701,-0.969017683918,
    1.930661594627));
#11979 = CARTESIAN_POINT('',(3.208468760763,-0.991082391091,
    1.930661594627));
#11980 = CARTESIAN_POINT('',(3.199182351718,-1.01350176581,
    1.930661594627));
#11981 = CARTESIAN_POINT('',(3.189749034566,-1.036275808073,
    1.930661594627));
#11982 = CARTESIAN_POINT('',(3.264001325546,1.067032118743,
    2.017037309501));
#11983 = CARTESIAN_POINT('',(3.273140829292,1.0449674049,2.017037309501)
  );
#11984 = CARTESIAN_POINT('',(3.282280331654,1.0229026944,2.017037309501)
  );
#11985 = CARTESIAN_POINT('',(3.291419832631,1.000837987243,
    2.017037309501));
#11986 = CARTESIAN_POINT('',(3.300559332224,0.978773283428,
    2.017037309501));
#11987 = CARTESIAN_POINT('',(3.45997823841,0.593901998977,2.017037309501
    ));
#11988 = CARTESIAN_POINT('',(3.539038746156,0.201591257513,
    2.017037309501));
#11989 = CARTESIAN_POINT('',(3.539039291386,-0.201589955698,
    2.017037309501));
#11990 = CARTESIAN_POINT('',(3.45997851584,-0.593901329202,
    2.017037309501));
#11991 = CARTESIAN_POINT('',(3.300559329455,-0.978773290113,
    2.017037309501));
#11992 = CARTESIAN_POINT('',(3.291419828478,-1.00083799727,
    2.017037309501));
#11993 = CARTESIAN_POINT('',(3.2822803275,-1.022902704428,2.017037309501
    ));
#11994 = CARTESIAN_POINT('',(3.273140826523,-1.044967411585,
    2.017037309501));
#11995 = CARTESIAN_POINT('',(3.264001325546,-1.067032118743,
    2.017037309501));
#11996 = CARTESIAN_POINT('',(3.264001325546,1.067032118743,
    2.135020857149));
#11997 = CARTESIAN_POINT('',(3.273140829292,1.0449674049,2.135020857149)
  );
#11998 = CARTESIAN_POINT('',(3.282280331654,1.0229026944,2.135020857149)
  );
#11999 = CARTESIAN_POINT('',(3.291419832631,1.000837987243,
    2.135020857149));
#12000 = CARTESIAN_POINT('',(3.300559332224,0.978773283428,
    2.135020857149));
#12001 = CARTESIAN_POINT('',(3.45997823841,0.593901998977,2.135020857149
    ));
#12002 = CARTESIAN_POINT('',(3.539038746156,0.201591257513,
    2.135020857149));
#12003 = CARTESIAN_POINT('',(3.539039291386,-0.201589955698,
    2.135020857149));
#12004 = CARTESIAN_POINT('',(3.45997851584,-0.593901329202,
    2.135020857149));
#12005 = CARTESIAN_POINT('',(3.300559329455,-0.978773290113,
    2.135020857149));
#12006 = CARTESIAN_POINT('',(3.291419828478,-1.00083799727,
    2.135020857149));
#12007 = CARTESIAN_POINT('',(3.2822803275,-1.022902704428,2.135020857149
    ));
#12008 = CARTESIAN_POINT('',(3.273140826523,-1.044967411585,
    2.135020857149));
#12009 = CARTESIAN_POINT('',(3.264001325546,-1.067032118743,
    2.135020857149));
#12010 = ADVANCED_FACE('',(#12011),#12035,.F.);
#12011 = FACE_BOUND('',#12012,.F.);
#12012 = EDGE_LOOP('',(#12013,#12030,#12031,#12032,#12033,#12034));
#12013 = ORIENTED_EDGE('',*,*,#12014,.F.);
#12014 = EDGE_CURVE('',#11651,#11673,#12015,.T.);
#12015 = B_SPLINE_CURVE_WITH_KNOTS('',5,(#12016,#12017,#12018,#12019,
    #12020,#12021,#12022,#12023,#12024,#12025,#12026,#12027,#12028,
    #12029),.UNSPECIFIED.,.F.,.F.,(6,4,4,6),(-0.119413470026,
    -1.353371911203E-07,1.96349554383,2.08290869425),.UNSPECIFIED.);
#12016 = CARTESIAN_POINT('',(3.189749034566,1.036275808073,
    1.930661594627));
#12017 = CARTESIAN_POINT('',(3.199182355483,1.013501756721,
    1.930661594627));
#12018 = CARTESIAN_POINT('',(3.20846876641,0.991082377458,1.930661594627
    ));
#12019 = CARTESIAN_POINT('',(3.217608267348,0.969017670284,
    1.930661594627));
#12020 = CARTESIAN_POINT('',(3.226600858298,0.9473076352,1.930661594627)
  );
#12021 = CARTESIAN_POINT('',(3.380894753976,0.574809218729,
    1.930661594627));
#12022 = CARTESIAN_POINT('',(3.457413628123,0.195110560338,
    1.930661594627));
#12023 = CARTESIAN_POINT('',(3.457414134116,-0.1951093668,1.930661594627
    ));
#12024 = CARTESIAN_POINT('',(3.380895040325,-0.574808527422,
    1.930661594627));
#12025 = CARTESIAN_POINT('',(3.226600854533,-0.947307644289,
    1.930661594627));
#12026 = CARTESIAN_POINT('',(3.217608261701,-0.969017683918,
    1.930661594627));
#12027 = CARTESIAN_POINT('',(3.208468760763,-0.991082391091,
    1.930661594627));
#12028 = CARTESIAN_POINT('',(3.199182351718,-1.01350176581,
    1.930661594627));
#12029 = CARTESIAN_POINT('',(3.189749034566,-1.036275808073,
    1.930661594627));
#12030 = ORIENTED_EDGE('',*,*,#11747,.F.);
#12031 = ORIENTED_EDGE('',*,*,#11728,.F.);
#12032 = ORIENTED_EDGE('',*,*,#11721,.F.);
#12033 = ORIENTED_EDGE('',*,*,#11702,.F.);
#12034 = ORIENTED_EDGE('',*,*,#11691,.T.);
#12035 = SURFACE_OF_REVOLUTION('',#12036,#12041);
#12036 = CIRCLE('',#12037,0.485412195974);
#12037 = AXIS2_PLACEMENT_3D('',#12038,#12039,#12040);
#12038 = CARTESIAN_POINT('',(3.563765702719,1.061946524813,1.6));
#12039 = DIRECTION('',(-0.382683432365,0.923879532511,0.));
#12040 = DIRECTION('',(-0.523404384043,-0.216801194476,-0.824041924199)
  );
#12041 = AXIS1_PLACEMENT('',#12042,#12043);
#12042 = CARTESIAN_POINT('',(1.,0.,0.));
#12043 = DIRECTION('',(0.,0.,-1.));
#12044 = ADVANCED_FACE('',(#12045),#12081,.T.);
#12045 = FACE_BOUND('',#12046,.T.);
#12046 = EDGE_LOOP('',(#12047,#12048,#12063,#12080));
#12047 = ORIENTED_EDGE('',*,*,#11672,.F.);
#12048 = ORIENTED_EDGE('',*,*,#12049,.F.);
#12049 = EDGE_CURVE('',#12050,#11673,#12052,.T.);
#12050 = VERTEX_POINT('',#12051);
#12051 = CARTESIAN_POINT('',(3.487468315832,-0.25,2.135020857149));
#12052 = B_SPLINE_CURVE_WITH_KNOTS('',5,(#12053,#12054,#12055,#12056,
    #12057,#12058,#12059,#12060,#12061,#12062),.UNSPECIFIED.,.F.,.F.,(6,
    4,6),(0.,0.487581797268,1.),.UNSPECIFIED.);
#12053 = CARTESIAN_POINT('',(3.487468315832,-0.25,2.135020857149));
#12054 = CARTESIAN_POINT('',(3.487468315028,-0.25,2.113553317453));
#12055 = CARTESIAN_POINT('',(3.485538837558,-0.25,2.091758529008));
#12056 = CARTESIAN_POINT('',(3.48155951924,-0.25,2.069958867183));
#12057 = CARTESIAN_POINT('',(3.475526513064,-0.25,2.048540658594));
#12058 = CARTESIAN_POINT('',(3.45920919343,-0.25,2.006097182322));
#12059 = CARTESIAN_POINT('',(3.448723912786,-0.25,1.985147071614));
#12060 = CARTESIAN_POINT('',(3.436260769607,-0.25,1.965395048007));
#12061 = CARTESIAN_POINT('',(3.422126695234,-0.25,1.947173883255));
#12062 = CARTESIAN_POINT('',(3.406679829997,-0.25,1.930661594627));
#12063 = ORIENTED_EDGE('',*,*,#12064,.T.);
#12064 = EDGE_CURVE('',#12050,#11769,#12065,.T.);
#12065 = B_SPLINE_CURVE_WITH_KNOTS('',5,(#12066,#12067,#12068,#12069,
    #12070,#12071,#12072,#12073,#12074,#12075,#12076,#12077,#12078,
    #12079),.UNSPECIFIED.,.F.,.F.,(6,4,4,6),(-0.119413470026,
    -1.353371911203E-07,1.96349554383,2.08290869425),.UNSPECIFIED.);
#12066 = CARTESIAN_POINT('',(3.264001325546,1.067032118743,
    2.135020857149));
#12067 = CARTESIAN_POINT('',(3.273140829292,1.0449674049,2.135020857149)
  );
#12068 = CARTESIAN_POINT('',(3.282280331654,1.0229026944,2.135020857149)
  );
#12069 = CARTESIAN_POINT('',(3.291419832631,1.000837987243,
    2.135020857149));
#12070 = CARTESIAN_POINT('',(3.300559332224,0.978773283428,
    2.135020857149));
#12071 = CARTESIAN_POINT('',(3.45997823841,0.593901998977,2.135020857149
    ));
#12072 = CARTESIAN_POINT('',(3.539038746156,0.201591257513,
    2.135020857149));
#12073 = CARTESIAN_POINT('',(3.539039291386,-0.201589955698,
    2.135020857149));
#12074 = CARTESIAN_POINT('',(3.45997851584,-0.593901329202,
    2.135020857149));
#12075 = CARTESIAN_POINT('',(3.300559329455,-0.978773290113,
    2.135020857149));
#12076 = CARTESIAN_POINT('',(3.291419828478,-1.00083799727,
    2.135020857149));
#12077 = CARTESIAN_POINT('',(3.2822803275,-1.022902704428,2.135020857149
    ));
#12078 = CARTESIAN_POINT('',(3.273140826523,-1.044967411585,
    2.135020857149));
#12079 = CARTESIAN_POINT('',(3.264001325546,-1.067032118743,
    2.135020857149));
#12080 = ORIENTED_EDGE('',*,*,#11768,.F.);
#12081 = ( BOUNDED_SURFACE() B_SPLINE_SURFACE(2,5,(
    (#12082,#12083,#12084,#12085,#12086,#12087,#12088,#12089,#12090
      ,#12091,#12092,#12093,#12094,#12095)
    ,(#12096,#12097,#12098,#12099,#12100,#12101,#12102,#12103,#12104
      ,#12105,#12106,#12107,#12108,#12109)
    ,(#12110,#12111,#12112,#12113,#12114,#12115,#12116,#12117,#12118
      ,#12119,#12120,#12121,#12122,#12123
)),.UNSPECIFIED.,.F.,.F.,.F.) B_SPLINE_SURFACE_WITH_KNOTS((3,3),(6,4,4,6
    ),(0.,1.963495679168),(-0.119413470026,-1.353371911203E-07,
    1.96349554383,2.08290869425),.UNSPECIFIED.) 
GEOMETRIC_REPRESENTATION_ITEM() RATIONAL_B_SPLINE_SURFACE((
    (1.,1.,1.,1.,1.,1.,1.,1.,1.,1.,1.,1.,1.,1.)
    ,(0.93061798229,0.93061798229,0.93061798229,0.93061798229
      ,0.93061798229,0.93061798229,0.93061798229,0.93061798229
      ,0.93061798229,0.93061798229,0.93061798229,0.93061798229
      ,0.93061798229,0.93061798229)
,(1.,1.,1.,1.,1.,1.,1.,1.,1.,1.,1.,1.,1.,1.
))) REPRESENTATION_ITEM('') SURFACE() );
#12082 = CARTESIAN_POINT('',(3.189749034566,1.036275808073,
    1.930661594627));
#12083 = CARTESIAN_POINT('',(3.199182355483,1.013501756721,
    1.930661594627));
#12084 = CARTESIAN_POINT('',(3.20846876641,0.991082377458,1.930661594627
    ));
#12085 = CARTESIAN_POINT('',(3.217608267348,0.969017670284,
    1.930661594627));
#12086 = CARTESIAN_POINT('',(3.226600858298,0.9473076352,1.930661594627)
  );
#12087 = CARTESIAN_POINT('',(3.380894753976,0.574809218729,
    1.930661594627));
#12088 = CARTESIAN_POINT('',(3.457413628123,0.195110560338,
    1.930661594627));
#12089 = CARTESIAN_POINT('',(3.457414134116,-0.1951093668,1.930661594627
    ));
#12090 = CARTESIAN_POINT('',(3.380895040325,-0.574808527422,
    1.930661594627));
#12091 = CARTESIAN_POINT('',(3.226600854533,-0.947307644289,
    1.930661594627));
#12092 = CARTESIAN_POINT('',(3.217608261701,-0.969017683918,
    1.930661594627));
#12093 = CARTESIAN_POINT('',(3.208468760763,-0.991082391091,
    1.930661594627));
#12094 = CARTESIAN_POINT('',(3.199182351718,-1.01350176581,
    1.930661594627));
#12095 = CARTESIAN_POINT('',(3.189749034566,-1.036275808073,
    1.930661594627));
#12096 = CARTESIAN_POINT('',(3.264001325546,1.067032118743,
    2.017037309501));
#12097 = CARTESIAN_POINT('',(3.273140829292,1.0449674049,2.017037309501)
  );
#12098 = CARTESIAN_POINT('',(3.282280331654,1.0229026944,2.017037309501)
  );
#12099 = CARTESIAN_POINT('',(3.291419832631,1.000837987243,
    2.017037309501));
#12100 = CARTESIAN_POINT('',(3.300559332224,0.978773283428,
    2.017037309501));
#12101 = CARTESIAN_POINT('',(3.45997823841,0.593901998977,2.017037309501
    ));
#12102 = CARTESIAN_POINT('',(3.539038746156,0.201591257513,
    2.017037309501));
#12103 = CARTESIAN_POINT('',(3.539039291386,-0.201589955698,
    2.017037309501));
#12104 = CARTESIAN_POINT('',(3.45997851584,-0.593901329202,
    2.017037309501));
#12105 = CARTESIAN_POINT('',(3.300559329455,-0.978773290113,
    2.017037309501));
#12106 = CARTESIAN_POINT('',(3.291419828478,-1.00083799727,
    2.017037309501));
#12107 = CARTESIAN_POINT('',(3.2822803275,-1.022902704428,2.017037309501
    ));
#12108 = CARTESIAN_POINT('',(3.273140826523,-1.044967411585,
    2.017037309501));
#12109 = CARTESIAN_POINT('',(3.264001325546,-1.067032118743,
    2.017037309501));
#12110 = CARTESIAN_POINT('',(3.264001325546,1.067032118743,
    2.135020857149));
#12111 = CARTESIAN_POINT('',(3.273140829292,1.0449674049,2.135020857149)
  );
#12112 = CARTESIAN_POINT('',(3.282280331654,1.0229026944,2.135020857149)
  );
#12113 = CARTESIAN_POINT('',(3.291419832631,1.000837987243,
    2.135020857149));
#12114 = CARTESIAN_POINT('',(3.300559332224,0.978773283428,
    2.135020857149));
#12115 = CARTESIAN_POINT('',(3.45997823841,0.593901998977,2.135020857149
    ));
#12116 = CARTESIAN_POINT('',(3.539038746156,0.201591257513,
    2.135020857149));
#12117 = CARTESIAN_POINT('',(3.539039291386,-0.201589955698,
    2.135020857149));
#12118 = CARTESIAN_POINT('',(3.45997851584,-0.593901329202,
    2.135020857149));
#12119 = CARTESIAN_POINT('',(3.300559329455,-0.978773290113,
    2.135020857149));
#12120 = CARTESIAN_POINT('',(3.291419828478,-1.00083799727,
    2.135020857149));
#12121 = CARTESIAN_POINT('',(3.2822803275,-1.022902704428,2.135020857149
    ));
#12122 = CARTESIAN_POINT('',(3.273140826523,-1.044967411585,
    2.135020857149));
#12123 = CARTESIAN_POINT('',(3.264001325546,-1.067032118743,
    2.135020857149));
#12124 = ADVANCED_FACE('',(#12125),#12151,.T.);
#12125 = FACE_BOUND('',#12126,.T.);
#12126 = EDGE_LOOP('',(#12127,#12138,#12144,#12145));
#12127 = ORIENTED_EDGE('',*,*,#12128,.T.);
#12128 = EDGE_CURVE('',#12129,#12131,#12133,.T.);
#12129 = VERTEX_POINT('',#12130);
#12130 = CARTESIAN_POINT('',(3.309698831278,-0.956708580913,4.8));
#12131 = VERTEX_POINT('',#12132);
#12132 = CARTESIAN_POINT('',(3.309698831278,0.956708580913,4.8));
#12133 = CIRCLE('',#12134,2.5);
#12134 = AXIS2_PLACEMENT_3D('',#12135,#12136,#12137);
#12135 = CARTESIAN_POINT('',(1.,0.,4.8));
#12136 = DIRECTION('',(0.,-0.,-1.));
#12137 = DIRECTION('',(0.923879532511,-0.382683432365,0.));
#12138 = ORIENTED_EDGE('',*,*,#12139,.F.);
#12139 = EDGE_CURVE('',#11784,#12131,#12140,.T.);
#12140 = LINE('',#12141,#12142);
#12141 = CARTESIAN_POINT('',(3.309698831278,0.956708580913,2.));
#12142 = VECTOR('',#12143,1.);
#12143 = DIRECTION('',(0.,0.,1.));
#12144 = ORIENTED_EDGE('',*,*,#11783,.F.);
#12145 = ORIENTED_EDGE('',*,*,#12146,.T.);
#12146 = EDGE_CURVE('',#11769,#12129,#12147,.T.);
#12147 = LINE('',#12148,#12149);
#12148 = CARTESIAN_POINT('',(3.309698831278,-0.956708580913,2.));
#12149 = VECTOR('',#12150,1.);
#12150 = DIRECTION('',(0.,0.,1.));
#12151 = CYLINDRICAL_SURFACE('',#12152,2.5);
#12152 = AXIS2_PLACEMENT_3D('',#12153,#12154,#12155);
#12153 = CARTESIAN_POINT('',(1.,0.,2.));
#12154 = DIRECTION('',(0.,0.,1.));
#12155 = DIRECTION('',(0.923879532511,-0.382683432365,0.));
#12156 = ADVANCED_FACE('',(#12157),#12179,.T.);
#12157 = FACE_BOUND('',#12158,.T.);
#12158 = EDGE_LOOP('',(#12159,#12160,#12161,#12178));
#12159 = ORIENTED_EDGE('',*,*,#12014,.F.);
#12160 = ORIENTED_EDGE('',*,*,#11955,.F.);
#12161 = ORIENTED_EDGE('',*,*,#12162,.T.);
#12162 = EDGE_CURVE('',#11937,#12050,#12163,.T.);
#12163 = B_SPLINE_CURVE_WITH_KNOTS('',5,(#12164,#12165,#12166,#12167,
    #12168,#12169,#12170,#12171,#12172,#12173,#12174,#12175,#12176,
    #12177),.UNSPECIFIED.,.F.,.F.,(6,4,4,6),(-0.119413470026,
    -1.353371911203E-07,1.96349554383,2.08290869425),.UNSPECIFIED.);
#12164 = CARTESIAN_POINT('',(3.264001325546,1.067032118743,
    2.135020857149));
#12165 = CARTESIAN_POINT('',(3.273140829292,1.0449674049,2.135020857149)
  );
#12166 = CARTESIAN_POINT('',(3.282280331654,1.0229026944,2.135020857149)
  );
#12167 = CARTESIAN_POINT('',(3.291419832631,1.000837987243,
    2.135020857149));
#12168 = CARTESIAN_POINT('',(3.300559332224,0.978773283428,
    2.135020857149));
#12169 = CARTESIAN_POINT('',(3.45997823841,0.593901998977,2.135020857149
    ));
#12170 = CARTESIAN_POINT('',(3.539038746156,0.201591257513,
    2.135020857149));
#12171 = CARTESIAN_POINT('',(3.539039291386,-0.201589955698,
    2.135020857149));
#12172 = CARTESIAN_POINT('',(3.45997851584,-0.593901329202,
    2.135020857149));
#12173 = CARTESIAN_POINT('',(3.300559329455,-0.978773290113,
    2.135020857149));
#12174 = CARTESIAN_POINT('',(3.291419828478,-1.00083799727,
    2.135020857149));
#12175 = CARTESIAN_POINT('',(3.2822803275,-1.022902704428,2.135020857149
    ));
#12176 = CARTESIAN_POINT('',(3.273140826523,-1.044967411585,
    2.135020857149));
#12177 = CARTESIAN_POINT('',(3.264001325546,-1.067032118743,
    2.135020857149));
#12178 = ORIENTED_EDGE('',*,*,#12049,.T.);
#12179 = ( BOUNDED_SURFACE() B_SPLINE_SURFACE(2,5,(
    (#12180,#12181,#12182,#12183,#12184,#12185,#12186,#12187,#12188
      ,#12189,#12190,#12191,#12192,#12193)
    ,(#12194,#12195,#12196,#12197,#12198,#12199,#12200,#12201,#12202
      ,#12203,#12204,#12205,#12206,#12207)
    ,(#12208,#12209,#12210,#12211,#12212,#12213,#12214,#12215,#12216
      ,#12217,#12218,#12219,#12220,#12221
)),.UNSPECIFIED.,.F.,.F.,.F.) B_SPLINE_SURFACE_WITH_KNOTS((3,3),(6,4,4,6
    ),(0.,1.963495679168),(-0.119413470026,-1.353371911203E-07,
    1.96349554383,2.08290869425),.UNSPECIFIED.) 
GEOMETRIC_REPRESENTATION_ITEM() RATIONAL_B_SPLINE_SURFACE((
    (1.,1.,1.,1.,1.,1.,1.,1.,1.,1.,1.,1.,1.,1.)
    ,(0.93061798229,0.93061798229,0.93061798229,0.93061798229
      ,0.93061798229,0.93061798229,0.93061798229,0.93061798229
      ,0.93061798229,0.93061798229,0.93061798229,0.93061798229
      ,0.93061798229,0.93061798229)
,(1.,1.,1.,1.,1.,1.,1.,1.,1.,1.,1.,1.,1.,1.
))) REPRESENTATION_ITEM('') SURFACE() );
#12180 = CARTESIAN_POINT('',(3.189749034566,1.036275808073,
    1.930661594627));
#12181 = CARTESIAN_POINT('',(3.199182355483,1.013501756721,
    1.930661594627));
#12182 = CARTESIAN_POINT('',(3.20846876641,0.991082377458,1.930661594627
    ));
#12183 = CARTESIAN_POINT('',(3.217608267348,0.969017670284,
    1.930661594627));
#12184 = CARTESIAN_POINT('',(3.226600858298,0.9473076352,1.930661594627)
  );
#12185 = CARTESIAN_POINT('',(3.380894753976,0.574809218729,
    1.930661594627));
#12186 = CARTESIAN_POINT('',(3.457413628123,0.195110560338,
    1.930661594627));
#12187 = CARTESIAN_POINT('',(3.457414134116,-0.1951093668,1.930661594627
    ));
#12188 = CARTESIAN_POINT('',(3.380895040325,-0.574808527422,
    1.930661594627));
#12189 = CARTESIAN_POINT('',(3.226600854533,-0.947307644289,
    1.930661594627));
#12190 = CARTESIAN_POINT('',(3.217608261701,-0.969017683918,
    1.930661594627));
#12191 = CARTESIAN_POINT('',(3.208468760763,-0.991082391091,
    1.930661594627));
#12192 = CARTESIAN_POINT('',(3.199182351718,-1.01350176581,
    1.930661594627));
#12193 = CARTESIAN_POINT('',(3.189749034566,-1.036275808073,
    1.930661594627));
#12194 = CARTESIAN_POINT('',(3.264001325546,1.067032118743,
    2.017037309501));
#12195 = CARTESIAN_POINT('',(3.273140829292,1.0449674049,2.017037309501)
  );
#12196 = CARTESIAN_POINT('',(3.282280331654,1.0229026944,2.017037309501)
  );
#12197 = CARTESIAN_POINT('',(3.291419832631,1.000837987243,
    2.017037309501));
#12198 = CARTESIAN_POINT('',(3.300559332224,0.978773283428,
    2.017037309501));
#12199 = CARTESIAN_POINT('',(3.45997823841,0.593901998977,2.017037309501
    ));
#12200 = CARTESIAN_POINT('',(3.539038746156,0.201591257513,
    2.017037309501));
#12201 = CARTESIAN_POINT('',(3.539039291386,-0.201589955698,
    2.017037309501));
#12202 = CARTESIAN_POINT('',(3.45997851584,-0.593901329202,
    2.017037309501));
#12203 = CARTESIAN_POINT('',(3.300559329455,-0.978773290113,
    2.017037309501));
#12204 = CARTESIAN_POINT('',(3.291419828478,-1.00083799727,
    2.017037309501));
#12205 = CARTESIAN_POINT('',(3.2822803275,-1.022902704428,2.017037309501
    ));
#12206 = CARTESIAN_POINT('',(3.273140826523,-1.044967411585,
    2.017037309501));
#12207 = CARTESIAN_POINT('',(3.264001325546,-1.067032118743,
    2.017037309501));
#12208 = CARTESIAN_POINT('',(3.264001325546,1.067032118743,
    2.135020857149));
#12209 = CARTESIAN_POINT('',(3.273140829292,1.0449674049,2.135020857149)
  );
#12210 = CARTESIAN_POINT('',(3.282280331654,1.0229026944,2.135020857149)
  );
#12211 = CARTESIAN_POINT('',(3.291419832631,1.000837987243,
    2.135020857149));
#12212 = CARTESIAN_POINT('',(3.300559332224,0.978773283428,
    2.135020857149));
#12213 = CARTESIAN_POINT('',(3.45997823841,0.593901998977,2.135020857149
    ));
#12214 = CARTESIAN_POINT('',(3.539038746156,0.201591257513,
    2.135020857149));
#12215 = CARTESIAN_POINT('',(3.539039291386,-0.201589955698,
    2.135020857149));
#12216 = CARTESIAN_POINT('',(3.45997851584,-0.593901329202,
    2.135020857149));
#12217 = CARTESIAN_POINT('',(3.300559329455,-0.978773290113,
    2.135020857149));
#12218 = CARTESIAN_POINT('',(3.291419828478,-1.00083799727,
    2.135020857149));
#12219 = CARTESIAN_POINT('',(3.2822803275,-1.022902704428,2.135020857149
    ));
#12220 = CARTESIAN_POINT('',(3.273140826523,-1.044967411585,
    2.135020857149));
#12221 = CARTESIAN_POINT('',(3.264001325546,-1.067032118743,
    2.135020857149));
#12222 = ADVANCED_FACE('',(#12223),#12294,.T.);
#12223 = FACE_BOUND('',#12224,.T.);
#12224 = EDGE_LOOP('',(#12225,#12232,#12233,#12234,#12242,#12256,#12265,
    #12279,#12286,#12292,#12293));
#12225 = ORIENTED_EDGE('',*,*,#12226,.T.);
#12226 = EDGE_CURVE('',#12131,#12129,#12227,.T.);
#12227 = CIRCLE('',#12228,2.5);
#12228 = AXIS2_PLACEMENT_3D('',#12229,#12230,#12231);
#12229 = CARTESIAN_POINT('',(1.,0.,4.8));
#12230 = DIRECTION('',(0.,0.,-1.));
#12231 = DIRECTION('',(0.923879532511,0.382683432365,0.));
#12232 = ORIENTED_EDGE('',*,*,#12146,.F.);
#12233 = ORIENTED_EDGE('',*,*,#12064,.F.);
#12234 = ORIENTED_EDGE('',*,*,#12235,.T.);
#12235 = EDGE_CURVE('',#12050,#12236,#12238,.T.);
#12236 = VERTEX_POINT('',#12237);
#12237 = CARTESIAN_POINT('',(3.487468592767,-0.25,3.251));
#12238 = LINE('',#12239,#12240);
#12239 = CARTESIAN_POINT('',(3.487468592767,-0.25,2.));
#12240 = VECTOR('',#12241,1.);
#12241 = DIRECTION('',(0.,0.,1.));
#12242 = ORIENTED_EDGE('',*,*,#12243,.F.);
#12243 = EDGE_CURVE('',#12244,#12236,#12246,.T.);
#12244 = VERTEX_POINT('',#12245);
#12245 = CARTESIAN_POINT('',(3.4999998,-1.E-03,3.5));
#12246 = B_SPLINE_CURVE_WITH_KNOTS('',8,(#12247,#12248,#12249,#12250,
    #12251,#12252,#12253,#12254,#12255),.UNSPECIFIED.,.F.,.F.,(9,9),(0.,
    1.),.PIECEWISE_BEZIER_KNOTS.);
#12247 = CARTESIAN_POINT('',(3.4999998,-1.E-03,3.5));
#12248 = CARTESIAN_POINT('',(3.499978617055,-5.395735907235E-02,3.5));
#12249 = CARTESIAN_POINT('',(3.498676082177,-0.104950526163,
    3.487127296357));
#12250 = CARTESIAN_POINT('',(3.496260480392,-0.151000424553,
    3.46305838894));
#12251 = CARTESIAN_POINT('',(3.493287896111,-0.189937008149,
    3.429686411631));
#12252 = CARTESIAN_POINT('',(3.49048081622,-0.220024282271,
    3.389249497325));
#12253 = CARTESIAN_POINT('',(3.488453332589,-0.240202972637,
    3.344185621158));
#12254 = CARTESIAN_POINT('',(3.487468592767,-0.25,3.297202715395));
#12255 = CARTESIAN_POINT('',(3.487468592767,-0.25,3.251));
#12256 = ORIENTED_EDGE('',*,*,#12257,.T.);
#12257 = EDGE_CURVE('',#12244,#12258,#12260,.T.);
#12258 = VERTEX_POINT('',#12259);
#12259 = CARTESIAN_POINT('',(3.4999998,9.999999999997E-04,3.5));
#12260 = CIRCLE('',#12261,2.5);
#12261 = AXIS2_PLACEMENT_3D('',#12262,#12263,#12264);
#12262 = CARTESIAN_POINT('',(1.,0.,3.5));
#12263 = DIRECTION('',(0.,-0.,1.));
#12264 = DIRECTION('',(0.923879532511,0.382683432365,0.));
#12265 = ORIENTED_EDGE('',*,*,#12266,.F.);
#12266 = EDGE_CURVE('',#12267,#12258,#12269,.T.);
#12267 = VERTEX_POINT('',#12268);
#12268 = CARTESIAN_POINT('',(3.487468622767,0.249999701504,
    3.251385552896));
#12269 = B_SPLINE_CURVE_WITH_KNOTS('',8,(#12270,#12271,#12272,#12273,
    #12274,#12275,#12276,#12277,#12278),.UNSPECIFIED.,.F.,.F.,(9,9),(0.,
    1.),.PIECEWISE_BEZIER_KNOTS.);
#12270 = CARTESIAN_POINT('',(3.487468622767,0.249999701504,
    3.251385552896));
#12271 = CARTESIAN_POINT('',(3.487475806375,0.249928225413,
    3.297546599758));
#12272 = CARTESIAN_POINT('',(3.488466071569,0.240076163387,
    3.344468713965));
#12273 = CARTESIAN_POINT('',(3.490495528585,0.21986657353,3.389460295011
    ));
#12274 = CARTESIAN_POINT('',(3.493300225575,0.189774954381,
    3.429823601109));
#12275 = CARTESIAN_POINT('',(3.496267732898,0.150859143254,
    3.463130702916));
#12276 = CARTESIAN_POINT('',(3.49867859983,0.104848949188,3.487152152151
    ));
#12277 = CARTESIAN_POINT('',(3.499978637521,5.390619388061E-02,3.5));
#12278 = CARTESIAN_POINT('',(3.4999998,1.E-03,3.5));
#12279 = ORIENTED_EDGE('',*,*,#12280,.F.);
#12280 = EDGE_CURVE('',#12281,#12267,#12283,.T.);
#12281 = VERTEX_POINT('',#12282);
#12282 = CARTESIAN_POINT('',(3.487468592767,0.25,3.251));
#12283 = B_SPLINE_CURVE_WITH_KNOTS('',1,(#12284,#12285),.UNSPECIFIED.,
  .F.,.F.,(2,2),(0.,1.),.PIECEWISE_BEZIER_KNOTS.);
#12284 = CARTESIAN_POINT('',(3.487468592767,0.25,3.251));
#12285 = CARTESIAN_POINT('',(3.487468622767,0.249999701504,
    3.251385552896));
#12286 = ORIENTED_EDGE('',*,*,#12287,.F.);
#12287 = EDGE_CURVE('',#11937,#12281,#12288,.T.);
#12288 = LINE('',#12289,#12290);
#12289 = CARTESIAN_POINT('',(3.487468592767,0.25,2.));
#12290 = VECTOR('',#12291,1.);
#12291 = DIRECTION('',(0.,0.,1.));
#12292 = ORIENTED_EDGE('',*,*,#11936,.F.);
#12293 = ORIENTED_EDGE('',*,*,#12139,.T.);
#12294 = CYLINDRICAL_SURFACE('',#12295,2.5);
#12295 = AXIS2_PLACEMENT_3D('',#12296,#12297,#12298);
#12296 = CARTESIAN_POINT('',(1.,0.,2.));
#12297 = DIRECTION('',(0.,0.,1.));
#12298 = DIRECTION('',(0.923879532511,0.382683432365,-0.));
#12299 = ADVANCED_FACE('',(#12300),#12328,.T.);
#12300 = FACE_BOUND('',#12301,.T.);
#12301 = EDGE_LOOP('',(#12302,#12311,#12320,#12327));
#12302 = ORIENTED_EDGE('',*,*,#12303,.T.);
#12303 = EDGE_CURVE('',#12129,#12304,#12306,.T.);
#12304 = VERTEX_POINT('',#12305);
#12305 = CARTESIAN_POINT('',(3.124922924776,-0.88017189444,5.));
#12306 = CIRCLE('',#12307,0.2);
#12307 = AXIS2_PLACEMENT_3D('',#12308,#12309,#12310);
#12308 = CARTESIAN_POINT('',(3.124922924776,-0.88017189444,4.8));
#12309 = DIRECTION('',(-0.382683432365,-0.923879532511,0.));
#12310 = DIRECTION('',(0.923879532511,-0.382683432365,
    -4.440892098502E-15));
#12311 = ORIENTED_EDGE('',*,*,#12312,.T.);
#12312 = EDGE_CURVE('',#12304,#12313,#12315,.T.);
#12313 = VERTEX_POINT('',#12314);
#12314 = CARTESIAN_POINT('',(3.124922924776,0.88017189444,5.));
#12315 = CIRCLE('',#12316,2.3);
#12316 = AXIS2_PLACEMENT_3D('',#12317,#12318,#12319);
#12317 = CARTESIAN_POINT('',(1.,0.,5.));
#12318 = DIRECTION('',(0.,-0.,-1.));
#12319 = DIRECTION('',(0.923879532511,-0.382683432365,0.));
#12320 = ORIENTED_EDGE('',*,*,#12321,.F.);
#12321 = EDGE_CURVE('',#12131,#12313,#12322,.T.);
#12322 = CIRCLE('',#12323,0.2);
#12323 = AXIS2_PLACEMENT_3D('',#12324,#12325,#12326);
#12324 = CARTESIAN_POINT('',(3.124922924776,0.88017189444,4.8));
#12325 = DIRECTION('',(0.382683432365,-0.923879532511,0.));
#12326 = DIRECTION('',(0.923879532511,0.382683432365,-4.440892098502E-15
    ));
#12327 = ORIENTED_EDGE('',*,*,#12128,.F.);
#12328 = TOROIDAL_SURFACE('',#12329,2.3,0.2);
#12329 = AXIS2_PLACEMENT_3D('',#12330,#12331,#12332);
#12330 = CARTESIAN_POINT('',(1.,0.,4.8));
#12331 = DIRECTION('',(0.,0.,1.));
#12332 = DIRECTION('',(0.923879532511,-0.382683432365,0.));
#12333 = ADVANCED_FACE('',(#12334),#12343,.T.);
#12334 = FACE_BOUND('',#12335,.T.);
#12335 = EDGE_LOOP('',(#12336,#12337,#12338,#12339,#12340,#12341,#12342)
  );
#12336 = ORIENTED_EDGE('',*,*,#12280,.T.);
#12337 = ORIENTED_EDGE('',*,*,#12266,.T.);
#12338 = ORIENTED_EDGE('',*,*,#12257,.F.);
#12339 = ORIENTED_EDGE('',*,*,#12243,.T.);
#12340 = ORIENTED_EDGE('',*,*,#12235,.F.);
#12341 = ORIENTED_EDGE('',*,*,#12162,.F.);
#12342 = ORIENTED_EDGE('',*,*,#12287,.T.);
#12343 = CYLINDRICAL_SURFACE('',#12344,2.5);
#12344 = AXIS2_PLACEMENT_3D('',#12345,#12346,#12347);
#12345 = CARTESIAN_POINT('',(1.,0.,2.));
#12346 = DIRECTION('',(0.,0.,1.));
#12347 = DIRECTION('',(0.923879532511,0.382683432365,-0.));
#12348 = ADVANCED_FACE('',(#12349),#12361,.T.);
#12349 = FACE_BOUND('',#12350,.T.);
#12350 = EDGE_LOOP('',(#12351,#12352,#12359,#12360));
#12351 = ORIENTED_EDGE('',*,*,#12321,.T.);
#12352 = ORIENTED_EDGE('',*,*,#12353,.T.);
#12353 = EDGE_CURVE('',#12313,#12304,#12354,.T.);
#12354 = CIRCLE('',#12355,2.3);
#12355 = AXIS2_PLACEMENT_3D('',#12356,#12357,#12358);
#12356 = CARTESIAN_POINT('',(1.,0.,5.));
#12357 = DIRECTION('',(0.,0.,-1.));
#12358 = DIRECTION('',(0.923879532511,0.382683432365,0.));
#12359 = ORIENTED_EDGE('',*,*,#12303,.F.);
#12360 = ORIENTED_EDGE('',*,*,#12226,.F.);
#12361 = TOROIDAL_SURFACE('',#12362,2.3,0.2);
#12362 = AXIS2_PLACEMENT_3D('',#12363,#12364,#12365);
#12363 = CARTESIAN_POINT('',(1.,0.,4.8));
#12364 = DIRECTION('',(0.,0.,1.));
#12365 = DIRECTION('',(0.923879532511,0.382683432365,-0.));
#12366 = ADVANCED_FACE('',(#12367),#12393,.F.);
#12367 = FACE_BOUND('',#12368,.F.);
#12368 = EDGE_LOOP('',(#12369,#12370,#12378,#12387));
#12369 = ORIENTED_EDGE('',*,*,#12312,.T.);
#12370 = ORIENTED_EDGE('',*,*,#12371,.T.);
#12371 = EDGE_CURVE('',#12313,#12372,#12374,.T.);
#12372 = VERTEX_POINT('',#12373);
#12373 = CARTESIAN_POINT('',(2.616789181895,0.669696006639,5.));
#12374 = LINE('',#12375,#12376);
#12375 = CARTESIAN_POINT('',(3.124922924776,0.88017189444,5.));
#12376 = VECTOR('',#12377,1.);
#12377 = DIRECTION('',(-0.923879532511,-0.382683432365,0.));
#12378 = ORIENTED_EDGE('',*,*,#12379,.F.);
#12379 = EDGE_CURVE('',#12380,#12372,#12382,.T.);
#12380 = VERTEX_POINT('',#12381);
#12381 = CARTESIAN_POINT('',(2.616789181895,-0.669696006639,5.));
#12382 = CIRCLE('',#12383,1.75);
#12383 = AXIS2_PLACEMENT_3D('',#12384,#12385,#12386);
#12384 = CARTESIAN_POINT('',(1.,0.,5.));
#12385 = DIRECTION('',(0.,-0.,-1.));
#12386 = DIRECTION('',(0.923879532511,-0.382683432365,0.));
#12387 = ORIENTED_EDGE('',*,*,#12388,.F.);
#12388 = EDGE_CURVE('',#12304,#12380,#12389,.T.);
#12389 = LINE('',#12390,#12391);
#12390 = CARTESIAN_POINT('',(3.124922924776,-0.88017189444,5.));
#12391 = VECTOR('',#12392,1.);
#12392 = DIRECTION('',(-0.923879532511,0.382683432365,0.));
#12393 = PLANE('',#12394);
#12394 = AXIS2_PLACEMENT_3D('',#12395,#12396,#12397);
#12395 = CARTESIAN_POINT('',(1.,0.,5.));
#12396 = DIRECTION('',(0.,0.,-1.));
#12397 = DIRECTION('',(0.923879532511,-0.382683432365,0.));
#12398 = ADVANCED_FACE('',(#12399),#12411,.F.);
#12399 = FACE_BOUND('',#12400,.F.);
#12400 = EDGE_LOOP('',(#12401,#12402,#12403,#12410));
#12401 = ORIENTED_EDGE('',*,*,#12353,.T.);
#12402 = ORIENTED_EDGE('',*,*,#12388,.T.);
#12403 = ORIENTED_EDGE('',*,*,#12404,.F.);
#12404 = EDGE_CURVE('',#12372,#12380,#12405,.T.);
#12405 = CIRCLE('',#12406,1.75);
#12406 = AXIS2_PLACEMENT_3D('',#12407,#12408,#12409);
#12407 = CARTESIAN_POINT('',(1.,0.,5.));
#12408 = DIRECTION('',(0.,0.,-1.));
#12409 = DIRECTION('',(0.923879532511,0.382683432365,0.));
#12410 = ORIENTED_EDGE('',*,*,#12371,.F.);
#12411 = PLANE('',#12412);
#12412 = AXIS2_PLACEMENT_3D('',#12413,#12414,#12415);
#12413 = CARTESIAN_POINT('',(1.,0.,5.));
#12414 = DIRECTION('',(0.,0.,-1.));
#12415 = DIRECTION('',(0.923879532511,0.382683432365,0.));
#12416 = ADVANCED_FACE('',(#12417),#12554,.F.);
#12417 = FACE_BOUND('',#12418,.F.);
#12418 = EDGE_LOOP('',(#12419,#12427,#12428,#12436,#12445,#12453,#12462,
    #12470,#12479,#12487,#12496,#12505,#12513,#12522,#12530,#12539,
    #12547));
#12419 = ORIENTED_EDGE('',*,*,#12420,.F.);
#12420 = EDGE_CURVE('',#12380,#12421,#12423,.T.);
#12421 = VERTEX_POINT('',#12422);
#12422 = CARTESIAN_POINT('',(2.616789181895,-0.669696006639,4.9));
#12423 = LINE('',#12424,#12425);
#12424 = CARTESIAN_POINT('',(2.616789181895,-0.669696006639,5.));
#12425 = VECTOR('',#12426,1.);
#12426 = DIRECTION('',(0.,0.,-1.));
#12427 = ORIENTED_EDGE('',*,*,#12379,.T.);
#12428 = ORIENTED_EDGE('',*,*,#12429,.T.);
#12429 = EDGE_CURVE('',#12372,#12430,#12432,.T.);
#12430 = VERTEX_POINT('',#12431);
#12431 = CARTESIAN_POINT('',(2.616789181895,0.669696006639,4.9));
#12432 = LINE('',#12433,#12434);
#12433 = CARTESIAN_POINT('',(2.616789181895,0.669696006639,5.));
#12434 = VECTOR('',#12435,1.);
#12435 = DIRECTION('',(0.,0.,-1.));
#12436 = ORIENTED_EDGE('',*,*,#12437,.T.);
#12437 = EDGE_CURVE('',#12430,#12438,#12440,.T.);
#12438 = VERTEX_POINT('',#12439);
#12439 = CARTESIAN_POINT('',(1.05,1.749285568454,4.9));
#12440 = CIRCLE('',#12441,1.75);
#12441 = AXIS2_PLACEMENT_3D('',#12442,#12443,#12444);
#12442 = CARTESIAN_POINT('',(1.,0.,4.9));
#12443 = DIRECTION('',(0.,0.,1.));
#12444 = DIRECTION('',(-1.,1.224646799147E-16,0.));
#12445 = ORIENTED_EDGE('',*,*,#12446,.T.);
#12446 = EDGE_CURVE('',#12438,#12447,#12449,.T.);
#12447 = VERTEX_POINT('',#12448);
#12448 = CARTESIAN_POINT('',(1.05,1.749285568454,4.8));
#12449 = LINE('',#12450,#12451);
#12450 = CARTESIAN_POINT('',(1.05,1.749285568454,4.7));
#12451 = VECTOR('',#12452,1.);
#12452 = DIRECTION('',(0.,0.,-1.));
#12453 = ORIENTED_EDGE('',*,*,#12454,.F.);
#12454 = EDGE_CURVE('',#12455,#12447,#12457,.T.);
#12455 = VERTEX_POINT('',#12456);
#12456 = CARTESIAN_POINT('',(0.95,1.749285568454,4.8));
#12457 = CIRCLE('',#12458,1.75);
#12458 = AXIS2_PLACEMENT_3D('',#12459,#12460,#12461);
#12459 = CARTESIAN_POINT('',(1.,0.,4.8));
#12460 = DIRECTION('',(0.,0.,-1.));
#12461 = DIRECTION('',(-1.,1.224646799147E-16,0.));
#12462 = ORIENTED_EDGE('',*,*,#12463,.F.);
#12463 = EDGE_CURVE('',#12464,#12455,#12466,.T.);
#12464 = VERTEX_POINT('',#12465);
#12465 = CARTESIAN_POINT('',(0.95,1.749285568454,4.9));
#12466 = LINE('',#12467,#12468);
#12467 = CARTESIAN_POINT('',(0.95,1.749285568454,4.7));
#12468 = VECTOR('',#12469,1.);
#12469 = DIRECTION('',(0.,0.,-1.));
#12470 = ORIENTED_EDGE('',*,*,#12471,.T.);
#12471 = EDGE_CURVE('',#12464,#12472,#12474,.T.);
#12472 = VERTEX_POINT('',#12473);
#12473 = CARTESIAN_POINT('',(-0.749285568454,5.000000000002E-02,4.9));
#12474 = CIRCLE('',#12475,1.75);
#12475 = AXIS2_PLACEMENT_3D('',#12476,#12477,#12478);
#12476 = CARTESIAN_POINT('',(1.,0.,4.9));
#12477 = DIRECTION('',(0.,0.,1.));
#12478 = DIRECTION('',(-1.,1.224646799147E-16,0.));
#12479 = ORIENTED_EDGE('',*,*,#12480,.T.);
#12480 = EDGE_CURVE('',#12472,#12481,#12483,.T.);
#12481 = VERTEX_POINT('',#12482);
#12482 = CARTESIAN_POINT('',(-0.749285568454,5.E-02,4.8));
#12483 = LINE('',#12484,#12485);
#12484 = CARTESIAN_POINT('',(-0.749285568454,5.E-02,4.7));
#12485 = VECTOR('',#12486,1.);
#12486 = DIRECTION('',(0.,0.,-1.));
#12487 = ORIENTED_EDGE('',*,*,#12488,.F.);
#12488 = EDGE_CURVE('',#12489,#12481,#12491,.T.);
#12489 = VERTEX_POINT('',#12490);
#12490 = CARTESIAN_POINT('',(-0.75,2.143131898508E-16,4.8));
#12491 = CIRCLE('',#12492,1.75);
#12492 = AXIS2_PLACEMENT_3D('',#12493,#12494,#12495);
#12493 = CARTESIAN_POINT('',(1.,0.,4.8));
#12494 = DIRECTION('',(0.,0.,-1.));
#12495 = DIRECTION('',(-1.,1.224646799147E-16,0.));
#12496 = ORIENTED_EDGE('',*,*,#12497,.F.);
#12497 = EDGE_CURVE('',#12498,#12489,#12500,.T.);
#12498 = VERTEX_POINT('',#12499);
#12499 = CARTESIAN_POINT('',(-0.749285568454,-5.E-02,4.8));
#12500 = CIRCLE('',#12501,1.75);
#12501 = AXIS2_PLACEMENT_3D('',#12502,#12503,#12504);
#12502 = CARTESIAN_POINT('',(1.,0.,4.8));
#12503 = DIRECTION('',(0.,0.,-1.));
#12504 = DIRECTION('',(-1.,1.224646799147E-16,0.));
#12505 = ORIENTED_EDGE('',*,*,#12506,.F.);
#12506 = EDGE_CURVE('',#12507,#12498,#12509,.T.);
#12507 = VERTEX_POINT('',#12508);
#12508 = CARTESIAN_POINT('',(-0.749285568454,-5.000000000002E-02,4.9));
#12509 = LINE('',#12510,#12511);
#12510 = CARTESIAN_POINT('',(-0.749285568454,-5.E-02,4.7));
#12511 = VECTOR('',#12512,1.);
#12512 = DIRECTION('',(0.,0.,-1.));
#12513 = ORIENTED_EDGE('',*,*,#12514,.T.);
#12514 = EDGE_CURVE('',#12507,#12515,#12517,.T.);
#12515 = VERTEX_POINT('',#12516);
#12516 = CARTESIAN_POINT('',(0.95,-1.749285568454,4.9));
#12517 = CIRCLE('',#12518,1.75);
#12518 = AXIS2_PLACEMENT_3D('',#12519,#12520,#12521);
#12519 = CARTESIAN_POINT('',(1.,0.,4.9));
#12520 = DIRECTION('',(0.,0.,1.));
#12521 = DIRECTION('',(-1.,1.224646799147E-16,0.));
#12522 = ORIENTED_EDGE('',*,*,#12523,.T.);
#12523 = EDGE_CURVE('',#12515,#12524,#12526,.T.);
#12524 = VERTEX_POINT('',#12525);
#12525 = CARTESIAN_POINT('',(0.95,-1.749285568454,4.8));
#12526 = LINE('',#12527,#12528);
#12527 = CARTESIAN_POINT('',(0.95,-1.749285568454,4.7));
#12528 = VECTOR('',#12529,1.);
#12529 = DIRECTION('',(0.,0.,-1.));
#12530 = ORIENTED_EDGE('',*,*,#12531,.F.);
#12531 = EDGE_CURVE('',#12532,#12524,#12534,.T.);
#12532 = VERTEX_POINT('',#12533);
#12533 = CARTESIAN_POINT('',(1.05,-1.749285568454,4.8));
#12534 = CIRCLE('',#12535,1.75);
#12535 = AXIS2_PLACEMENT_3D('',#12536,#12537,#12538);
#12536 = CARTESIAN_POINT('',(1.,0.,4.8));
#12537 = DIRECTION('',(0.,0.,-1.));
#12538 = DIRECTION('',(-1.,1.224646799147E-16,0.));
#12539 = ORIENTED_EDGE('',*,*,#12540,.F.);
#12540 = EDGE_CURVE('',#12541,#12532,#12543,.T.);
#12541 = VERTEX_POINT('',#12542);
#12542 = CARTESIAN_POINT('',(1.05,-1.749285568454,4.9));
#12543 = LINE('',#12544,#12545);
#12544 = CARTESIAN_POINT('',(1.05,-1.749285568454,4.7));
#12545 = VECTOR('',#12546,1.);
#12546 = DIRECTION('',(0.,0.,-1.));
#12547 = ORIENTED_EDGE('',*,*,#12548,.T.);
#12548 = EDGE_CURVE('',#12541,#12421,#12549,.T.);
#12549 = CIRCLE('',#12550,1.75);
#12550 = AXIS2_PLACEMENT_3D('',#12551,#12552,#12553);
#12551 = CARTESIAN_POINT('',(1.,0.,4.9));
#12552 = DIRECTION('',(0.,0.,1.));
#12553 = DIRECTION('',(-1.,1.224646799147E-16,0.));
#12554 = CYLINDRICAL_SURFACE('',#12555,1.75);
#12555 = AXIS2_PLACEMENT_3D('',#12556,#12557,#12558);
#12556 = CARTESIAN_POINT('',(1.,0.,5.));
#12557 = DIRECTION('',(0.,0.,-1.));
#12558 = DIRECTION('',(0.923879532511,-0.382683432365,0.));
#12559 = ADVANCED_FACE('',(#12560),#12606,.F.);
#12560 = FACE_BOUND('',#12561,.F.);
#12561 = EDGE_LOOP('',(#12562,#12563,#12564,#12565,#12574,#12582,#12591,
    #12599));
#12562 = ORIENTED_EDGE('',*,*,#12429,.F.);
#12563 = ORIENTED_EDGE('',*,*,#12404,.T.);
#12564 = ORIENTED_EDGE('',*,*,#12420,.T.);
#12565 = ORIENTED_EDGE('',*,*,#12566,.T.);
#12566 = EDGE_CURVE('',#12421,#12567,#12569,.T.);
#12567 = VERTEX_POINT('',#12568);
#12568 = CARTESIAN_POINT('',(2.749285568454,-4.999999999996E-02,4.9));
#12569 = CIRCLE('',#12570,1.75);
#12570 = AXIS2_PLACEMENT_3D('',#12571,#12572,#12573);
#12571 = CARTESIAN_POINT('',(1.,0.,4.9));
#12572 = DIRECTION('',(0.,0.,1.));
#12573 = DIRECTION('',(-1.,1.224646799147E-16,0.));
#12574 = ORIENTED_EDGE('',*,*,#12575,.T.);
#12575 = EDGE_CURVE('',#12567,#12576,#12578,.T.);
#12576 = VERTEX_POINT('',#12577);
#12577 = CARTESIAN_POINT('',(2.749285568454,-5.E-02,4.8));
#12578 = LINE('',#12579,#12580);
#12579 = CARTESIAN_POINT('',(2.749285568454,-5.E-02,4.7));
#12580 = VECTOR('',#12581,1.);
#12581 = DIRECTION('',(0.,0.,-1.));
#12582 = ORIENTED_EDGE('',*,*,#12583,.F.);
#12583 = EDGE_CURVE('',#12584,#12576,#12586,.T.);
#12584 = VERTEX_POINT('',#12585);
#12585 = CARTESIAN_POINT('',(2.749285568454,5.E-02,4.8));
#12586 = CIRCLE('',#12587,1.75);
#12587 = AXIS2_PLACEMENT_3D('',#12588,#12589,#12590);
#12588 = CARTESIAN_POINT('',(1.,0.,4.8));
#12589 = DIRECTION('',(0.,0.,-1.));
#12590 = DIRECTION('',(-1.,1.224646799147E-16,0.));
#12591 = ORIENTED_EDGE('',*,*,#12592,.F.);
#12592 = EDGE_CURVE('',#12593,#12584,#12595,.T.);
#12593 = VERTEX_POINT('',#12594);
#12594 = CARTESIAN_POINT('',(2.749285568454,4.999999999996E-02,4.9));
#12595 = LINE('',#12596,#12597);
#12596 = CARTESIAN_POINT('',(2.749285568454,5.E-02,4.7));
#12597 = VECTOR('',#12598,1.);
#12598 = DIRECTION('',(0.,0.,-1.));
#12599 = ORIENTED_EDGE('',*,*,#12600,.T.);
#12600 = EDGE_CURVE('',#12593,#12430,#12601,.T.);
#12601 = CIRCLE('',#12602,1.75);
#12602 = AXIS2_PLACEMENT_3D('',#12603,#12604,#12605);
#12603 = CARTESIAN_POINT('',(1.,0.,4.9));
#12604 = DIRECTION('',(0.,0.,1.));
#12605 = DIRECTION('',(-1.,1.224646799147E-16,0.));
#12606 = CYLINDRICAL_SURFACE('',#12607,1.75);
#12607 = AXIS2_PLACEMENT_3D('',#12608,#12609,#12610);
#12608 = CARTESIAN_POINT('',(1.,0.,5.));
#12609 = DIRECTION('',(0.,0.,-1.));
#12610 = DIRECTION('',(0.923879532511,0.382683432365,0.));
#12611 = ADVANCED_FACE('',(#12612),#12630,.T.);
#12612 = FACE_BOUND('',#12613,.T.);
#12613 = EDGE_LOOP('',(#12614,#12622,#12623,#12624));
#12614 = ORIENTED_EDGE('',*,*,#12615,.F.);
#12615 = EDGE_CURVE('',#12541,#12616,#12618,.T.);
#12616 = VERTEX_POINT('',#12617);
#12617 = CARTESIAN_POINT('',(1.05,-5.E-02,4.9));
#12618 = LINE('',#12619,#12620);
#12619 = CARTESIAN_POINT('',(1.05,-5.05,4.9));
#12620 = VECTOR('',#12621,1.);
#12621 = DIRECTION('',(1.224646799147E-16,1.,0.));
#12622 = ORIENTED_EDGE('',*,*,#12548,.T.);
#12623 = ORIENTED_EDGE('',*,*,#12566,.T.);
#12624 = ORIENTED_EDGE('',*,*,#12625,.F.);
#12625 = EDGE_CURVE('',#12616,#12567,#12626,.T.);
#12626 = LINE('',#12627,#12628);
#12627 = CARTESIAN_POINT('',(1.05,-5.E-02,4.9));
#12628 = VECTOR('',#12629,1.);
#12629 = DIRECTION('',(1.,-1.224646799147E-16,0.));
#12630 = PLANE('',#12631);
#12631 = AXIS2_PLACEMENT_3D('',#12632,#12633,#12634);
#12632 = CARTESIAN_POINT('',(1.,-1.239108604125E-16,4.9));
#12633 = DIRECTION('',(0.,0.,1.));
#12634 = DIRECTION('',(-1.,1.224646799147E-16,0.));
#12635 = ADVANCED_FACE('',(#12636),#12654,.F.);
#12636 = FACE_BOUND('',#12637,.F.);
#12637 = EDGE_LOOP('',(#12638,#12639,#12640,#12648));
#12638 = ORIENTED_EDGE('',*,*,#12615,.F.);
#12639 = ORIENTED_EDGE('',*,*,#12540,.T.);
#12640 = ORIENTED_EDGE('',*,*,#12641,.T.);
#12641 = EDGE_CURVE('',#12532,#12642,#12644,.T.);
#12642 = VERTEX_POINT('',#12643);
#12643 = CARTESIAN_POINT('',(1.05,-5.E-02,4.8));
#12644 = LINE('',#12645,#12646);
#12645 = CARTESIAN_POINT('',(1.05,-5.05,4.8));
#12646 = VECTOR('',#12647,1.);
#12647 = DIRECTION('',(1.224646799147E-16,1.,0.));
#12648 = ORIENTED_EDGE('',*,*,#12649,.F.);
#12649 = EDGE_CURVE('',#12616,#12642,#12650,.T.);
#12650 = LINE('',#12651,#12652);
#12651 = CARTESIAN_POINT('',(1.05,-5.E-02,4.9));
#12652 = VECTOR('',#12653,1.);
#12653 = DIRECTION('',(0.,0.,-1.));
#12654 = PLANE('',#12655);
#12655 = AXIS2_PLACEMENT_3D('',#12656,#12657,#12658);
#12656 = CARTESIAN_POINT('',(1.05,-5.05,4.9));
#12657 = DIRECTION('',(1.,-1.224646799147E-16,0.));
#12658 = DIRECTION('',(1.224646799147E-16,1.,0.));
#12659 = ADVANCED_FACE('',(#12660),#12678,.T.);
#12660 = FACE_BOUND('',#12661,.T.);
#12661 = EDGE_LOOP('',(#12662,#12663,#12664,#12672));
#12662 = ORIENTED_EDGE('',*,*,#12600,.T.);
#12663 = ORIENTED_EDGE('',*,*,#12437,.T.);
#12664 = ORIENTED_EDGE('',*,*,#12665,.F.);
#12665 = EDGE_CURVE('',#12666,#12438,#12668,.T.);
#12666 = VERTEX_POINT('',#12667);
#12667 = CARTESIAN_POINT('',(1.05,5.E-02,4.9));
#12668 = LINE('',#12669,#12670);
#12669 = CARTESIAN_POINT('',(1.05,5.E-02,4.9));
#12670 = VECTOR('',#12671,1.);
#12671 = DIRECTION('',(1.224646799147E-16,1.,0.));
#12672 = ORIENTED_EDGE('',*,*,#12673,.F.);
#12673 = EDGE_CURVE('',#12593,#12666,#12674,.T.);
#12674 = LINE('',#12675,#12676);
#12675 = CARTESIAN_POINT('',(6.05,5.E-02,4.9));
#12676 = VECTOR('',#12677,1.);
#12677 = DIRECTION('',(-1.,1.224646799147E-16,0.));
#12678 = PLANE('',#12679);
#12679 = AXIS2_PLACEMENT_3D('',#12680,#12681,#12682);
#12680 = CARTESIAN_POINT('',(1.,-1.239108604125E-16,4.9));
#12681 = DIRECTION('',(0.,0.,1.));
#12682 = DIRECTION('',(-1.,1.224646799147E-16,0.));
#12683 = ADVANCED_FACE('',(#12684),#12740,.T.);
#12684 = FACE_BOUND('',#12685,.T.);
#12685 = EDGE_LOOP('',(#12686,#12694,#12700,#12701,#12702,#12708,#12709,
    #12717,#12723,#12724,#12732,#12738,#12739));
#12686 = ORIENTED_EDGE('',*,*,#12687,.T.);
#12687 = EDGE_CURVE('',#12498,#12688,#12690,.T.);
#12688 = VERTEX_POINT('',#12689);
#12689 = CARTESIAN_POINT('',(0.95,-5.E-02,4.8));
#12690 = LINE('',#12691,#12692);
#12691 = CARTESIAN_POINT('',(-4.05,-5.E-02,4.8));
#12692 = VECTOR('',#12693,1.);
#12693 = DIRECTION('',(1.,-5.723907721801E-17,0.));
#12694 = ORIENTED_EDGE('',*,*,#12695,.T.);
#12695 = EDGE_CURVE('',#12688,#12524,#12696,.T.);
#12696 = LINE('',#12697,#12698);
#12697 = CARTESIAN_POINT('',(0.95,-5.E-02,4.8));
#12698 = VECTOR('',#12699,1.);
#12699 = DIRECTION('',(-1.224646799147E-16,-1.,0.));
#12700 = ORIENTED_EDGE('',*,*,#12531,.F.);
#12701 = ORIENTED_EDGE('',*,*,#12641,.T.);
#12702 = ORIENTED_EDGE('',*,*,#12703,.T.);
#12703 = EDGE_CURVE('',#12642,#12576,#12704,.T.);
#12704 = LINE('',#12705,#12706);
#12705 = CARTESIAN_POINT('',(1.05,-5.E-02,4.8));
#12706 = VECTOR('',#12707,1.);
#12707 = DIRECTION('',(1.,-1.224646799147E-16,0.));
#12708 = ORIENTED_EDGE('',*,*,#12583,.F.);
#12709 = ORIENTED_EDGE('',*,*,#12710,.T.);
#12710 = EDGE_CURVE('',#12584,#12711,#12713,.T.);
#12711 = VERTEX_POINT('',#12712);
#12712 = CARTESIAN_POINT('',(1.05,5.E-02,4.8));
#12713 = LINE('',#12714,#12715);
#12714 = CARTESIAN_POINT('',(6.05,5.E-02,4.8));
#12715 = VECTOR('',#12716,1.);
#12716 = DIRECTION('',(-1.,1.224646799147E-16,0.));
#12717 = ORIENTED_EDGE('',*,*,#12718,.T.);
#12718 = EDGE_CURVE('',#12711,#12447,#12719,.T.);
#12719 = LINE('',#12720,#12721);
#12720 = CARTESIAN_POINT('',(1.05,5.E-02,4.8));
#12721 = VECTOR('',#12722,1.);
#12722 = DIRECTION('',(1.224646799147E-16,1.,0.));
#12723 = ORIENTED_EDGE('',*,*,#12454,.F.);
#12724 = ORIENTED_EDGE('',*,*,#12725,.T.);
#12725 = EDGE_CURVE('',#12455,#12726,#12728,.T.);
#12726 = VERTEX_POINT('',#12727);
#12727 = CARTESIAN_POINT('',(0.95,5.E-02,4.8));
#12728 = LINE('',#12729,#12730);
#12729 = CARTESIAN_POINT('',(0.95,5.05,4.8));
#12730 = VECTOR('',#12731,1.);
#12731 = DIRECTION('',(-1.224646799147E-16,-1.,0.));
#12732 = ORIENTED_EDGE('',*,*,#12733,.T.);
#12733 = EDGE_CURVE('',#12726,#12481,#12734,.T.);
#12734 = LINE('',#12735,#12736);
#12735 = CARTESIAN_POINT('',(0.95,5.E-02,4.8));
#12736 = VECTOR('',#12737,1.);
#12737 = DIRECTION('',(-1.,1.224646799147E-16,0.));
#12738 = ORIENTED_EDGE('',*,*,#12488,.F.);
#12739 = ORIENTED_EDGE('',*,*,#12497,.F.);
#12740 = PLANE('',#12741);
#12741 = AXIS2_PLACEMENT_3D('',#12742,#12743,#12744);
#12742 = CARTESIAN_POINT('',(1.,-3.503797911874E-17,4.8));
#12743 = DIRECTION('',(-6.92799192911E-33,5.09829149655E-32,1.));
#12744 = DIRECTION('',(-1.224646799147E-16,-1.,5.09829149655E-32));
#12745 = ADVANCED_FACE('',(#12746),#12757,.F.);
#12746 = FACE_BOUND('',#12747,.F.);
#12747 = EDGE_LOOP('',(#12748,#12749,#12755,#12756));
#12748 = ORIENTED_EDGE('',*,*,#12665,.F.);
#12749 = ORIENTED_EDGE('',*,*,#12750,.T.);
#12750 = EDGE_CURVE('',#12666,#12711,#12751,.T.);
#12751 = LINE('',#12752,#12753);
#12752 = CARTESIAN_POINT('',(1.05,5.E-02,4.9));
#12753 = VECTOR('',#12754,1.);
#12754 = DIRECTION('',(0.,0.,-1.));
#12755 = ORIENTED_EDGE('',*,*,#12718,.T.);
#12756 = ORIENTED_EDGE('',*,*,#12446,.F.);
#12757 = PLANE('',#12758);
#12758 = AXIS2_PLACEMENT_3D('',#12759,#12760,#12761);
#12759 = CARTESIAN_POINT('',(1.05,5.E-02,4.9));
#12760 = DIRECTION('',(1.,-1.224646799147E-16,0.));
#12761 = DIRECTION('',(1.224646799147E-16,1.,0.));
#12762 = ADVANCED_FACE('',(#12763),#12781,.F.);
#12763 = FACE_BOUND('',#12764,.F.);
#12764 = EDGE_LOOP('',(#12765,#12773,#12779,#12780));
#12765 = ORIENTED_EDGE('',*,*,#12766,.F.);
#12766 = EDGE_CURVE('',#12767,#12515,#12769,.T.);
#12767 = VERTEX_POINT('',#12768);
#12768 = CARTESIAN_POINT('',(0.95,-5.E-02,4.9));
#12769 = LINE('',#12770,#12771);
#12770 = CARTESIAN_POINT('',(0.95,-5.E-02,4.9));
#12771 = VECTOR('',#12772,1.);
#12772 = DIRECTION('',(-1.224646799147E-16,-1.,0.));
#12773 = ORIENTED_EDGE('',*,*,#12774,.T.);
#12774 = EDGE_CURVE('',#12767,#12688,#12775,.T.);
#12775 = LINE('',#12776,#12777);
#12776 = CARTESIAN_POINT('',(0.95,-5.E-02,4.9));
#12777 = VECTOR('',#12778,1.);
#12778 = DIRECTION('',(0.,0.,-1.));
#12779 = ORIENTED_EDGE('',*,*,#12695,.T.);
#12780 = ORIENTED_EDGE('',*,*,#12523,.F.);
#12781 = PLANE('',#12782);
#12782 = AXIS2_PLACEMENT_3D('',#12783,#12784,#12785);
#12783 = CARTESIAN_POINT('',(0.95,-5.E-02,4.9));
#12784 = DIRECTION('',(-1.,1.224646799147E-16,0.));
#12785 = DIRECTION('',(-1.224646799147E-16,-1.,0.));
#12786 = ADVANCED_FACE('',(#12787),#12797,.T.);
#12787 = FACE_BOUND('',#12788,.T.);
#12788 = EDGE_LOOP('',(#12789,#12795,#12796));
#12789 = ORIENTED_EDGE('',*,*,#12790,.F.);
#12790 = EDGE_CURVE('',#12507,#12767,#12791,.T.);
#12791 = LINE('',#12792,#12793);
#12792 = CARTESIAN_POINT('',(-4.05,-5.E-02,4.9));
#12793 = VECTOR('',#12794,1.);
#12794 = DIRECTION('',(1.,-5.723907721801E-17,0.));
#12795 = ORIENTED_EDGE('',*,*,#12514,.T.);
#12796 = ORIENTED_EDGE('',*,*,#12766,.F.);
#12797 = PLANE('',#12798);
#12798 = AXIS2_PLACEMENT_3D('',#12799,#12800,#12801);
#12799 = CARTESIAN_POINT('',(1.,-1.239108604125E-16,4.9));
#12800 = DIRECTION('',(0.,0.,1.));
#12801 = DIRECTION('',(-1.,1.224646799147E-16,0.));
#12802 = ADVANCED_FACE('',(#12803),#12821,.F.);
#12803 = FACE_BOUND('',#12804,.F.);
#12804 = EDGE_LOOP('',(#12805,#12813,#12814,#12815));
#12805 = ORIENTED_EDGE('',*,*,#12806,.F.);
#12806 = EDGE_CURVE('',#12464,#12807,#12809,.T.);
#12807 = VERTEX_POINT('',#12808);
#12808 = CARTESIAN_POINT('',(0.95,5.E-02,4.9));
#12809 = LINE('',#12810,#12811);
#12810 = CARTESIAN_POINT('',(0.95,5.05,4.9));
#12811 = VECTOR('',#12812,1.);
#12812 = DIRECTION('',(-1.224646799147E-16,-1.,0.));
#12813 = ORIENTED_EDGE('',*,*,#12463,.T.);
#12814 = ORIENTED_EDGE('',*,*,#12725,.T.);
#12815 = ORIENTED_EDGE('',*,*,#12816,.F.);
#12816 = EDGE_CURVE('',#12807,#12726,#12817,.T.);
#12817 = LINE('',#12818,#12819);
#12818 = CARTESIAN_POINT('',(0.95,5.E-02,4.9));
#12819 = VECTOR('',#12820,1.);
#12820 = DIRECTION('',(0.,0.,-1.));
#12821 = PLANE('',#12822);
#12822 = AXIS2_PLACEMENT_3D('',#12823,#12824,#12825);
#12823 = CARTESIAN_POINT('',(0.95,5.05,4.9));
#12824 = DIRECTION('',(-1.,1.224646799147E-16,0.));
#12825 = DIRECTION('',(-1.224646799147E-16,-1.,0.));
#12826 = ADVANCED_FACE('',(#12827),#12833,.F.);
#12827 = FACE_BOUND('',#12828,.F.);
#12828 = EDGE_LOOP('',(#12829,#12830,#12831,#12832));
#12829 = ORIENTED_EDGE('',*,*,#12790,.F.);
#12830 = ORIENTED_EDGE('',*,*,#12506,.T.);
#12831 = ORIENTED_EDGE('',*,*,#12687,.T.);
#12832 = ORIENTED_EDGE('',*,*,#12774,.F.);
#12833 = PLANE('',#12834);
#12834 = AXIS2_PLACEMENT_3D('',#12835,#12836,#12837);
#12835 = CARTESIAN_POINT('',(-4.05,-5.E-02,4.9));
#12836 = DIRECTION('',(-5.723907721801E-17,-1.,0.));
#12837 = DIRECTION('',(1.,-5.723907721801E-17,0.));
#12838 = ADVANCED_FACE('',(#12839),#12849,.T.);
#12839 = FACE_BOUND('',#12840,.T.);
#12840 = EDGE_LOOP('',(#12841,#12842,#12848));
#12841 = ORIENTED_EDGE('',*,*,#12471,.T.);
#12842 = ORIENTED_EDGE('',*,*,#12843,.F.);
#12843 = EDGE_CURVE('',#12807,#12472,#12844,.T.);
#12844 = LINE('',#12845,#12846);
#12845 = CARTESIAN_POINT('',(0.95,5.E-02,4.9));
#12846 = VECTOR('',#12847,1.);
#12847 = DIRECTION('',(-1.,1.224646799147E-16,0.));
#12848 = ORIENTED_EDGE('',*,*,#12806,.F.);
#12849 = PLANE('',#12850);
#12850 = AXIS2_PLACEMENT_3D('',#12851,#12852,#12853);
#12851 = CARTESIAN_POINT('',(1.,-1.239108604125E-16,4.9));
#12852 = DIRECTION('',(0.,0.,1.));
#12853 = DIRECTION('',(-1.,1.224646799147E-16,0.));
#12854 = ADVANCED_FACE('',(#12855),#12861,.F.);
#12855 = FACE_BOUND('',#12856,.F.);
#12856 = EDGE_LOOP('',(#12857,#12858,#12859,#12860));
#12857 = ORIENTED_EDGE('',*,*,#12843,.F.);
#12858 = ORIENTED_EDGE('',*,*,#12816,.T.);
#12859 = ORIENTED_EDGE('',*,*,#12733,.T.);
#12860 = ORIENTED_EDGE('',*,*,#12480,.F.);
#12861 = PLANE('',#12862);
#12862 = AXIS2_PLACEMENT_3D('',#12863,#12864,#12865);
#12863 = CARTESIAN_POINT('',(0.95,5.E-02,4.9));
#12864 = DIRECTION('',(1.224646799147E-16,1.,0.));
#12865 = DIRECTION('',(-1.,1.224646799147E-16,0.));
#12866 = ADVANCED_FACE('',(#12867),#12873,.F.);
#12867 = FACE_BOUND('',#12868,.F.);
#12868 = EDGE_LOOP('',(#12869,#12870,#12871,#12872));
#12869 = ORIENTED_EDGE('',*,*,#12673,.F.);
#12870 = ORIENTED_EDGE('',*,*,#12592,.T.);
#12871 = ORIENTED_EDGE('',*,*,#12710,.T.);
#12872 = ORIENTED_EDGE('',*,*,#12750,.F.);
#12873 = PLANE('',#12874);
#12874 = AXIS2_PLACEMENT_3D('',#12875,#12876,#12877);
#12875 = CARTESIAN_POINT('',(6.05,5.E-02,4.9));
#12876 = DIRECTION('',(1.224646799147E-16,1.,0.));
#12877 = DIRECTION('',(-1.,1.224646799147E-16,0.));
#12878 = ADVANCED_FACE('',(#12879),#12885,.F.);
#12879 = FACE_BOUND('',#12880,.F.);
#12880 = EDGE_LOOP('',(#12881,#12882,#12883,#12884));
#12881 = ORIENTED_EDGE('',*,*,#12625,.F.);
#12882 = ORIENTED_EDGE('',*,*,#12649,.T.);
#12883 = ORIENTED_EDGE('',*,*,#12703,.T.);
#12884 = ORIENTED_EDGE('',*,*,#12575,.F.);
#12885 = PLANE('',#12886);
#12886 = AXIS2_PLACEMENT_3D('',#12887,#12888,#12889);
#12887 = CARTESIAN_POINT('',(1.05,-5.E-02,4.9));
#12888 = DIRECTION('',(-1.224646799147E-16,-1.,0.));
#12889 = DIRECTION('',(1.,-1.224646799147E-16,0.));
#12890 = ORIENTED_CLOSED_SHELL('',*,#12891,.F.);
#12891 = CLOSED_SHELL('',(#12892,#12925,#12957,#12974,#13001));
#12892 = ADVANCED_FACE('',(#12893),#12920,.T.);
#12893 = FACE_BOUND('',#12894,.T.);
#12894 = EDGE_LOOP('',(#12895,#12906,#12914));
#12895 = ORIENTED_EDGE('',*,*,#12896,.T.);
#12896 = EDGE_CURVE('',#12897,#12899,#12901,.T.);
#12897 = VERTEX_POINT('',#12898);
#12898 = CARTESIAN_POINT('',(2.616789181895,0.669696006639,4.6));
#12899 = VERTEX_POINT('',#12900);
#12900 = CARTESIAN_POINT('',(2.616789181895,-0.669696006639,4.6));
#12901 = CIRCLE('',#12902,1.75);
#12902 = AXIS2_PLACEMENT_3D('',#12903,#12904,#12905);
#12903 = CARTESIAN_POINT('',(1.,0.,4.6));
#12904 = DIRECTION('',(0.,0.,-1.));
#12905 = DIRECTION('',(0.923879532511,0.382683432365,0.));
#12906 = ORIENTED_EDGE('',*,*,#12907,.T.);
#12907 = EDGE_CURVE('',#12899,#12908,#12910,.T.);
#12908 = VERTEX_POINT('',#12909);
#12909 = CARTESIAN_POINT('',(1.,0.,4.6));
#12910 = LINE('',#12911,#12912);
#12911 = CARTESIAN_POINT('',(2.616789181895,-0.669696006639,4.6));
#12912 = VECTOR('',#12913,1.);
#12913 = DIRECTION('',(-0.923879532511,0.382683432365,0.));
#12914 = ORIENTED_EDGE('',*,*,#12915,.F.);
#12915 = EDGE_CURVE('',#12897,#12908,#12916,.T.);
#12916 = LINE('',#12917,#12918);
#12917 = CARTESIAN_POINT('',(2.616789181895,0.669696006639,4.6));
#12918 = VECTOR('',#12919,1.);
#12919 = DIRECTION('',(-0.923879532511,-0.382683432365,0.));
#12920 = PLANE('',#12921);
#12921 = AXIS2_PLACEMENT_3D('',#12922,#12923,#12924);
#12922 = CARTESIAN_POINT('',(1.,0.,4.6));
#12923 = DIRECTION('',(0.,0.,-1.));
#12924 = DIRECTION('',(0.923879532511,0.382683432365,0.));
#12925 = ADVANCED_FACE('',(#12926),#12952,.T.);
#12926 = FACE_BOUND('',#12927,.T.);
#12927 = EDGE_LOOP('',(#12928,#12936,#12945,#12951));
#12928 = ORIENTED_EDGE('',*,*,#12929,.F.);
#12929 = EDGE_CURVE('',#12930,#12897,#12932,.T.);
#12930 = VERTEX_POINT('',#12931);
#12931 = CARTESIAN_POINT('',(2.616789181895,0.669696006639,4.7));
#12932 = LINE('',#12933,#12934);
#12933 = CARTESIAN_POINT('',(2.616789181895,0.669696006639,5.));
#12934 = VECTOR('',#12935,1.);
#12935 = DIRECTION('',(0.,0.,-1.));
#12936 = ORIENTED_EDGE('',*,*,#12937,.F.);
#12937 = EDGE_CURVE('',#12938,#12930,#12940,.T.);
#12938 = VERTEX_POINT('',#12939);
#12939 = CARTESIAN_POINT('',(2.616789181895,-0.669696006639,4.7));
#12940 = CIRCLE('',#12941,1.75);
#12941 = AXIS2_PLACEMENT_3D('',#12942,#12943,#12944);
#12942 = CARTESIAN_POINT('',(1.,0.,4.7));
#12943 = DIRECTION('',(0.,0.,1.));
#12944 = DIRECTION('',(-1.,1.224646799147E-16,0.));
#12945 = ORIENTED_EDGE('',*,*,#12946,.T.);
#12946 = EDGE_CURVE('',#12938,#12899,#12947,.T.);
#12947 = LINE('',#12948,#12949);
#12948 = CARTESIAN_POINT('',(2.616789181895,-0.669696006639,5.));
#12949 = VECTOR('',#12950,1.);
#12950 = DIRECTION('',(0.,0.,-1.));
#12951 = ORIENTED_EDGE('',*,*,#12896,.F.);
#12952 = CYLINDRICAL_SURFACE('',#12953,1.75);
#12953 = AXIS2_PLACEMENT_3D('',#12954,#12955,#12956);
#12954 = CARTESIAN_POINT('',(1.,0.,5.));
#12955 = DIRECTION('',(0.,0.,-1.));
#12956 = DIRECTION('',(0.923879532511,0.382683432365,0.));
#12957 = ADVANCED_FACE('',(#12958),#12969,.T.);
#12958 = FACE_BOUND('',#12959,.T.);
#12959 = EDGE_LOOP('',(#12960,#12967,#12968));
#12960 = ORIENTED_EDGE('',*,*,#12961,.T.);
#12961 = EDGE_CURVE('',#12899,#12897,#12962,.T.);
#12962 = CIRCLE('',#12963,1.75);
#12963 = AXIS2_PLACEMENT_3D('',#12964,#12965,#12966);
#12964 = CARTESIAN_POINT('',(1.,0.,4.6));
#12965 = DIRECTION('',(0.,-0.,-1.));
#12966 = DIRECTION('',(0.923879532511,-0.382683432365,0.));
#12967 = ORIENTED_EDGE('',*,*,#12915,.T.);
#12968 = ORIENTED_EDGE('',*,*,#12907,.F.);
#12969 = PLANE('',#12970);
#12970 = AXIS2_PLACEMENT_3D('',#12971,#12972,#12973);
#12971 = CARTESIAN_POINT('',(1.,0.,4.6));
#12972 = DIRECTION('',(0.,0.,-1.));
#12973 = DIRECTION('',(0.923879532511,-0.382683432365,0.));
#12974 = ADVANCED_FACE('',(#12975),#12996,.T.);
#12975 = FACE_BOUND('',#12976,.T.);
#12976 = EDGE_LOOP('',(#12977,#12978,#12987,#12994,#12995));
#12977 = ORIENTED_EDGE('',*,*,#12946,.F.);
#12978 = ORIENTED_EDGE('',*,*,#12979,.F.);
#12979 = EDGE_CURVE('',#12980,#12938,#12982,.T.);
#12980 = VERTEX_POINT('',#12981);
#12981 = CARTESIAN_POINT('',(-0.75,2.143131898508E-16,4.7));
#12982 = CIRCLE('',#12983,1.75);
#12983 = AXIS2_PLACEMENT_3D('',#12984,#12985,#12986);
#12984 = CARTESIAN_POINT('',(1.,0.,4.7));
#12985 = DIRECTION('',(0.,0.,1.));
#12986 = DIRECTION('',(-1.,1.224646799147E-16,0.));
#12987 = ORIENTED_EDGE('',*,*,#12988,.F.);
#12988 = EDGE_CURVE('',#12930,#12980,#12989,.T.);
#12989 = CIRCLE('',#12990,1.75);
#12990 = AXIS2_PLACEMENT_3D('',#12991,#12992,#12993);
#12991 = CARTESIAN_POINT('',(1.,0.,4.7));
#12992 = DIRECTION('',(0.,0.,1.));
#12993 = DIRECTION('',(-1.,1.224646799147E-16,0.));
#12994 = ORIENTED_EDGE('',*,*,#12929,.T.);
#12995 = ORIENTED_EDGE('',*,*,#12961,.F.);
#12996 = CYLINDRICAL_SURFACE('',#12997,1.75);
#12997 = AXIS2_PLACEMENT_3D('',#12998,#12999,#13000);
#12998 = CARTESIAN_POINT('',(1.,0.,5.));
#12999 = DIRECTION('',(0.,0.,-1.));
#13000 = DIRECTION('',(0.923879532511,-0.382683432365,0.));
#13001 = ADVANCED_FACE('',(#13002),#13007,.T.);
#13002 = FACE_BOUND('',#13003,.T.);
#13003 = EDGE_LOOP('',(#13004,#13005,#13006));
#13004 = ORIENTED_EDGE('',*,*,#12979,.T.);
#13005 = ORIENTED_EDGE('',*,*,#12937,.T.);
#13006 = ORIENTED_EDGE('',*,*,#12988,.T.);
#13007 = PLANE('',#13008);
#13008 = AXIS2_PLACEMENT_3D('',#13009,#13010,#13011);
#13009 = CARTESIAN_POINT('',(1.,-1.239108604125E-16,4.7));
#13010 = DIRECTION('',(0.,0.,1.));
#13011 = DIRECTION('',(-1.,1.224646799147E-16,0.));
#13012 = ( GEOMETRIC_REPRESENTATION_CONTEXT(3) 
GLOBAL_UNCERTAINTY_ASSIGNED_CONTEXT((#13016)) 
GLOBAL_UNIT_ASSIGNED_CONTEXT((#13013,#13014,#13015)) 
REPRESENTATION_CONTEXT('Context #1',
  '3D Context with UNIT and UNCERTAINTY') );
#13013 = ( LENGTH_UNIT() NAMED_UNIT(*) SI_UNIT(.MILLI.,.METRE.) );
#13014 = ( NAMED_UNIT(*) PLANE_ANGLE_UNIT() SI_UNIT($,.RADIAN.) );
#13015 = ( NAMED_UNIT(*) SI_UNIT($,.STERADIAN.) SOLID_ANGLE_UNIT() );
#13016 = UNCERTAINTY_MEASURE_WITH_UNIT(LENGTH_MEASURE(2.E-06),#13013,
  'distance_accuracy_value','confusion accuracy');
#13017 = CONTEXT_DEPENDENT_SHAPE_REPRESENTATION(#13018,#13020);
#13018 = ( REPRESENTATION_RELATIONSHIP('','',#10971,#10) 
REPRESENTATION_RELATIONSHIP_WITH_TRANSFORMATION(#13019) 
SHAPE_REPRESENTATION_RELATIONSHIP() );
#13019 = ITEM_DEFINED_TRANSFORMATION('','',#11,#67);
#13020 = PRODUCT_DEFINITION_SHAPE('Placement','Placement of an item',
  #13021);
#13021 = NEXT_ASSEMBLY_USAGE_OCCURRENCE('14','C2','',#5,#10966,$);
#13022 = PRODUCT_RELATED_PRODUCT_CATEGORY('part',$,(#10968));
#13023 = CONTEXT_DEPENDENT_SHAPE_REPRESENTATION(#13024,#13026);
#13024 = ( REPRESENTATION_RELATIONSHIP('','',#535,#10) 
REPRESENTATION_RELATIONSHIP_WITH_TRANSFORMATION(#13025) 
SHAPE_REPRESENTATION_RELATIONSHIP() );
#13025 = ITEM_DEFINED_TRANSFORMATION('','',#11,#71);
#13026 = PRODUCT_DEFINITION_SHAPE('Placement','Placement of an item',
  #13027);
#13027 = NEXT_ASSEMBLY_USAGE_OCCURRENCE('15','C1','',#5,#530,$);
#13028 = CONTEXT_DEPENDENT_SHAPE_REPRESENTATION(#13029,#13031);
#13029 = ( REPRESENTATION_RELATIONSHIP('','',#124,#10) 
REPRESENTATION_RELATIONSHIP_WITH_TRANSFORMATION(#13030) 
SHAPE_REPRESENTATION_RELATIONSHIP() );
#13030 = ITEM_DEFINED_TRANSFORMATION('','',#11,#75);
#13031 = PRODUCT_DEFINITION_SHAPE('Placement','Placement of an item',
  #13032);
#13032 = NEXT_ASSEMBLY_USAGE_OCCURRENCE('16','R5','',#5,#119,$);
#13033 = CONTEXT_DEPENDENT_SHAPE_REPRESENTATION(#13034,#13036);
#13034 = ( REPRESENTATION_RELATIONSHIP('','',#124,#10) 
REPRESENTATION_RELATIONSHIP_WITH_TRANSFORMATION(#13035) 
SHAPE_REPRESENTATION_RELATIONSHIP() );
#13035 = ITEM_DEFINED_TRANSFORMATION('','',#11,#79);
#13036 = PRODUCT_DEFINITION_SHAPE('Placement','Placement of an item',
  #13037);
#13037 = NEXT_ASSEMBLY_USAGE_OCCURRENCE('17','R10','',#5,#119,$);
#13038 = CONTEXT_DEPENDENT_SHAPE_REPRESENTATION(#13039,#13041);
#13039 = ( REPRESENTATION_RELATIONSHIP('','',#535,#10) 
REPRESENTATION_RELATIONSHIP_WITH_TRANSFORMATION(#13040) 
SHAPE_REPRESENTATION_RELATIONSHIP() );
#13040 = ITEM_DEFINED_TRANSFORMATION('','',#11,#83);
#13041 = PRODUCT_DEFINITION_SHAPE('Placement','Placement of an item',
  #13042);
#13042 = NEXT_ASSEMBLY_USAGE_OCCURRENCE('18','C4','',#5,#530,$);
#13043 = CONTEXT_DEPENDENT_SHAPE_REPRESENTATION(#13044,#13046);
#13044 = ( REPRESENTATION_RELATIONSHIP('','',#124,#10) 
REPRESENTATION_RELATIONSHIP_WITH_TRANSFORMATION(#13045) 
SHAPE_REPRESENTATION_RELATIONSHIP() );
#13045 = ITEM_DEFINED_TRANSFORMATION('','',#11,#87);
#13046 = PRODUCT_DEFINITION_SHAPE('Placement','Placement of an item',
  #13047);
#13047 = NEXT_ASSEMBLY_USAGE_OCCURRENCE('19','R8','',#5,#119,$);
#13048 = CONTEXT_DEPENDENT_SHAPE_REPRESENTATION(#13049,#13051);
#13049 = ( REPRESENTATION_RELATIONSHIP('','',#124,#10) 
REPRESENTATION_RELATIONSHIP_WITH_TRANSFORMATION(#13050) 
SHAPE_REPRESENTATION_RELATIONSHIP() );
#13050 = ITEM_DEFINED_TRANSFORMATION('','',#11,#91);
#13051 = PRODUCT_DEFINITION_SHAPE('Placement','Placement of an item',
  #13052);
#13052 = NEXT_ASSEMBLY_USAGE_OCCURRENCE('20','R4','',#5,#119,$);
#13053 = CONTEXT_DEPENDENT_SHAPE_REPRESENTATION(#13054,#13056);
#13054 = ( REPRESENTATION_RELATIONSHIP('','',#124,#10) 
REPRESENTATION_RELATIONSHIP_WITH_TRANSFORMATION(#13055) 
SHAPE_REPRESENTATION_RELATIONSHIP() );
#13055 = ITEM_DEFINED_TRANSFORMATION('','',#11,#95);
#13056 = PRODUCT_DEFINITION_SHAPE('Placement','Placement of an item',
  #13057);
#13057 = NEXT_ASSEMBLY_USAGE_OCCURRENCE('21','R9','',#5,#119,$);
#13058 = CONTEXT_DEPENDENT_SHAPE_REPRESENTATION(#13059,#13061);
#13059 = ( REPRESENTATION_RELATIONSHIP('','',#535,#10) 
REPRESENTATION_RELATIONSHIP_WITH_TRANSFORMATION(#13060) 
SHAPE_REPRESENTATION_RELATIONSHIP() );
#13060 = ITEM_DEFINED_TRANSFORMATION('','',#11,#99);
#13061 = PRODUCT_DEFINITION_SHAPE('Placement','Placement of an item',
  #13062);
#13062 = NEXT_ASSEMBLY_USAGE_OCCURRENCE('22','C7','',#5,#530,$);
#13063 = CONTEXT_DEPENDENT_SHAPE_REPRESENTATION(#13064,#13066);
#13064 = ( REPRESENTATION_RELATIONSHIP('','',#1123,#10) 
REPRESENTATION_RELATIONSHIP_WITH_TRANSFORMATION(#13065) 
SHAPE_REPRESENTATION_RELATIONSHIP() );
#13065 = ITEM_DEFINED_TRANSFORMATION('','',#11,#103);
#13066 = PRODUCT_DEFINITION_SHAPE('Placement','Placement of an item',
  #13067);
#13067 = NEXT_ASSEMBLY_USAGE_OCCURRENCE('23','U1','',#5,#1118,$);
#13068 = SHAPE_DEFINITION_REPRESENTATION(#13069,#13075);
#13069 = PRODUCT_DEFINITION_SHAPE('','',#13070);
#13070 = PRODUCT_DEFINITION('design','',#13071,#13074);
#13071 = PRODUCT_DEFINITION_FORMATION('','',#13072);
#13072 = PRODUCT('encoder-debouncer_PCB','encoder-debouncer_PCB','',(
    #13073));
#13073 = PRODUCT_CONTEXT('',#2,'mechanical');
#13074 = PRODUCT_DEFINITION_CONTEXT('part definition',#2,'design');
#13075 = ADVANCED_BREP_SHAPE_REPRESENTATION('',(#11,#13076),#16135);
#13076 = MANIFOLD_SOLID_BREP('',#13077);
#13077 = CLOSED_SHELL('',(#13078,#13120,#13151,#13182,#14015,#14848,
    #14865,#14882,#14899,#14916,#14928,#14945,#14962,#14979,#14996,
    #15013,#15030,#15047,#15064,#15081,#15098,#15115,#15132,#15149,
    #15166,#15183,#15200,#15217,#15234,#15251,#15268,#15285,#15302,
    #15319,#15336,#15353,#15370,#15387,#15404,#15421,#15438,#15455,
    #15472,#15489,#15506,#15523,#15540,#15557,#15574,#15591,#15608,
    #15625,#15642,#15659,#15676,#15693,#15710,#15727,#15744,#15761,
    #15778,#15795,#15812,#15829,#15846,#15863,#15880,#15897,#15914,
    #15931,#15948,#15965,#15982,#15999,#16016,#16033,#16050,#16067,
    #16084,#16101,#16118));
#13078 = ADVANCED_FACE('',(#13079),#13115,.T.);
#13079 = FACE_BOUND('',#13080,.T.);
#13080 = EDGE_LOOP('',(#13081,#13091,#13100,#13108));
#13081 = ORIENTED_EDGE('',*,*,#13082,.T.);
#13082 = EDGE_CURVE('',#13083,#13085,#13087,.T.);
#13083 = VERTEX_POINT('',#13084);
#13084 = CARTESIAN_POINT('',(31.4725,16.51,0.));
#13085 = VERTEX_POINT('',#13086);
#13086 = CARTESIAN_POINT('',(31.4725,16.51,1.51));
#13087 = LINE('',#13088,#13089);
#13088 = CARTESIAN_POINT('',(31.4725,16.51,0.));
#13089 = VECTOR('',#13090,1.);
#13090 = DIRECTION('',(0.,0.,1.));
#13091 = ORIENTED_EDGE('',*,*,#13092,.T.);
#13092 = EDGE_CURVE('',#13085,#13093,#13095,.T.);
#13093 = VERTEX_POINT('',#13094);
#13094 = CARTESIAN_POINT('',(33.9725,14.01,1.51));
#13095 = CIRCLE('',#13096,2.499999839417);
#13096 = AXIS2_PLACEMENT_3D('',#13097,#13098,#13099);
#13097 = CARTESIAN_POINT('',(31.472500160583,14.010000160583,1.51));
#13098 = DIRECTION('',(0.,0.,-1.));
#13099 = DIRECTION('',(-6.423314559831E-08,1.,0.));
#13100 = ORIENTED_EDGE('',*,*,#13101,.F.);
#13101 = EDGE_CURVE('',#13102,#13093,#13104,.T.);
#13102 = VERTEX_POINT('',#13103);
#13103 = CARTESIAN_POINT('',(33.9725,14.01,0.));
#13104 = LINE('',#13105,#13106);
#13105 = CARTESIAN_POINT('',(33.9725,14.01,0.));
#13106 = VECTOR('',#13107,1.);
#13107 = DIRECTION('',(0.,0.,1.));
#13108 = ORIENTED_EDGE('',*,*,#13109,.F.);
#13109 = EDGE_CURVE('',#13083,#13102,#13110,.T.);
#13110 = CIRCLE('',#13111,2.499999839417);
#13111 = AXIS2_PLACEMENT_3D('',#13112,#13113,#13114);
#13112 = CARTESIAN_POINT('',(31.472500160583,14.010000160583,0.));
#13113 = DIRECTION('',(0.,0.,-1.));
#13114 = DIRECTION('',(-6.423314559831E-08,1.,0.));
#13115 = CYLINDRICAL_SURFACE('',#13116,2.499999839417);
#13116 = AXIS2_PLACEMENT_3D('',#13117,#13118,#13119);
#13117 = CARTESIAN_POINT('',(31.472500160583,14.010000160583,0.));
#13118 = DIRECTION('',(0.,0.,-1.));
#13119 = DIRECTION('',(-6.423314559831E-08,1.,0.));
#13120 = ADVANCED_FACE('',(#13121),#13146,.T.);
#13121 = FACE_BOUND('',#13122,.T.);
#13122 = EDGE_LOOP('',(#13123,#13133,#13139,#13140));
#13123 = ORIENTED_EDGE('',*,*,#13124,.T.);
#13124 = EDGE_CURVE('',#13125,#13127,#13129,.T.);
#13125 = VERTEX_POINT('',#13126);
#13126 = CARTESIAN_POINT('',(-31.4725,16.51,0.));
#13127 = VERTEX_POINT('',#13128);
#13128 = CARTESIAN_POINT('',(-31.4725,16.51,1.51));
#13129 = LINE('',#13130,#13131);
#13130 = CARTESIAN_POINT('',(-31.4725,16.51,0.));
#13131 = VECTOR('',#13132,1.);
#13132 = DIRECTION('',(0.,0.,1.));
#13133 = ORIENTED_EDGE('',*,*,#13134,.T.);
#13134 = EDGE_CURVE('',#13127,#13085,#13135,.T.);
#13135 = LINE('',#13136,#13137);
#13136 = CARTESIAN_POINT('',(-31.4725,16.51,1.51));
#13137 = VECTOR('',#13138,1.);
#13138 = DIRECTION('',(1.,0.,0.));
#13139 = ORIENTED_EDGE('',*,*,#13082,.F.);
#13140 = ORIENTED_EDGE('',*,*,#13141,.F.);
#13141 = EDGE_CURVE('',#13125,#13083,#13142,.T.);
#13142 = LINE('',#13143,#13144);
#13143 = CARTESIAN_POINT('',(-31.4725,16.51,0.));
#13144 = VECTOR('',#13145,1.);
#13145 = DIRECTION('',(1.,0.,0.));
#13146 = PLANE('',#13147);
#13147 = AXIS2_PLACEMENT_3D('',#13148,#13149,#13150);
#13148 = CARTESIAN_POINT('',(-31.4725,16.51,0.));
#13149 = DIRECTION('',(0.,1.,0.));
#13150 = DIRECTION('',(1.,0.,0.));
#13151 = ADVANCED_FACE('',(#13152),#13177,.T.);
#13152 = FACE_BOUND('',#13153,.T.);
#13153 = EDGE_LOOP('',(#13154,#13155,#13163,#13171));
#13154 = ORIENTED_EDGE('',*,*,#13101,.T.);
#13155 = ORIENTED_EDGE('',*,*,#13156,.T.);
#13156 = EDGE_CURVE('',#13093,#13157,#13159,.T.);
#13157 = VERTEX_POINT('',#13158);
#13158 = CARTESIAN_POINT('',(33.9725,-14.01,1.51));
#13159 = LINE('',#13160,#13161);
#13160 = CARTESIAN_POINT('',(33.9725,14.01,1.51));
#13161 = VECTOR('',#13162,1.);
#13162 = DIRECTION('',(0.,-1.,0.));
#13163 = ORIENTED_EDGE('',*,*,#13164,.F.);
#13164 = EDGE_CURVE('',#13165,#13157,#13167,.T.);
#13165 = VERTEX_POINT('',#13166);
#13166 = CARTESIAN_POINT('',(33.9725,-14.01,0.));
#13167 = LINE('',#13168,#13169);
#13168 = CARTESIAN_POINT('',(33.9725,-14.01,0.));
#13169 = VECTOR('',#13170,1.);
#13170 = DIRECTION('',(0.,0.,1.));
#13171 = ORIENTED_EDGE('',*,*,#13172,.F.);
#13172 = EDGE_CURVE('',#13102,#13165,#13173,.T.);
#13173 = LINE('',#13174,#13175);
#13174 = CARTESIAN_POINT('',(33.9725,14.01,0.));
#13175 = VECTOR('',#13176,1.);
#13176 = DIRECTION('',(0.,-1.,0.));
#13177 = PLANE('',#13178);
#13178 = AXIS2_PLACEMENT_3D('',#13179,#13180,#13181);
#13179 = CARTESIAN_POINT('',(33.9725,14.01,0.));
#13180 = DIRECTION('',(1.,0.,-0.));
#13181 = DIRECTION('',(0.,-1.,0.));
#13182 = ADVANCED_FACE('',(#13183,#13229,#13240,#13251,#13262,#13273,
    #13284,#13295,#13306,#13317,#13328,#13339,#13350,#13361,#13372,
    #13383,#13394,#13405,#13416,#13427,#13438,#13449,#13460,#13471,
    #13482,#13493,#13504,#13515,#13526,#13537,#13548,#13559,#13570,
    #13581,#13592,#13603,#13614,#13625,#13636,#13647,#13658,#13669,
    #13680,#13691,#13702,#13713,#13724,#13735,#13746,#13757,#13768,
    #13779,#13790,#13801,#13812,#13823,#13834,#13845,#13856,#13867,
    #13878,#13889,#13900,#13911,#13922,#13933,#13944,#13955,#13966,
    #13977,#13988,#13999),#14010,.F.);
#13183 = FACE_BOUND('',#13184,.F.);
#13184 = EDGE_LOOP('',(#13185,#13186,#13187,#13196,#13204,#13213,#13221,
    #13228));
#13185 = ORIENTED_EDGE('',*,*,#13109,.F.);
#13186 = ORIENTED_EDGE('',*,*,#13141,.F.);
#13187 = ORIENTED_EDGE('',*,*,#13188,.F.);
#13188 = EDGE_CURVE('',#13189,#13125,#13191,.T.);
#13189 = VERTEX_POINT('',#13190);
#13190 = CARTESIAN_POINT('',(-33.9725,14.01,0.));
#13191 = CIRCLE('',#13192,2.499999839417);
#13192 = AXIS2_PLACEMENT_3D('',#13193,#13194,#13195);
#13193 = CARTESIAN_POINT('',(-31.47250016058,14.010000160583,0.));
#13194 = DIRECTION('',(0.,0.,-1.));
#13195 = DIRECTION('',(-1.,-6.423314772994E-08,-0.));
#13196 = ORIENTED_EDGE('',*,*,#13197,.F.);
#13197 = EDGE_CURVE('',#13198,#13189,#13200,.T.);
#13198 = VERTEX_POINT('',#13199);
#13199 = CARTESIAN_POINT('',(-33.9725,-14.01,0.));
#13200 = LINE('',#13201,#13202);
#13201 = CARTESIAN_POINT('',(-33.9725,-14.01,0.));
#13202 = VECTOR('',#13203,1.);
#13203 = DIRECTION('',(0.,1.,0.));
#13204 = ORIENTED_EDGE('',*,*,#13205,.F.);
#13205 = EDGE_CURVE('',#13206,#13198,#13208,.T.);
#13206 = VERTEX_POINT('',#13207);
#13207 = CARTESIAN_POINT('',(-31.4725,-16.51,0.));
#13208 = CIRCLE('',#13209,2.499999839417);
#13209 = AXIS2_PLACEMENT_3D('',#13210,#13211,#13212);
#13210 = CARTESIAN_POINT('',(-31.47250016058,-14.01000016058,0.));
#13211 = DIRECTION('',(0.,0.,-1.));
#13212 = DIRECTION('',(6.423314559831E-08,-1.,0.));
#13213 = ORIENTED_EDGE('',*,*,#13214,.F.);
#13214 = EDGE_CURVE('',#13215,#13206,#13217,.T.);
#13215 = VERTEX_POINT('',#13216);
#13216 = CARTESIAN_POINT('',(31.4725,-16.51,0.));
#13217 = LINE('',#13218,#13219);
#13218 = CARTESIAN_POINT('',(31.4725,-16.51,0.));
#13219 = VECTOR('',#13220,1.);
#13220 = DIRECTION('',(-1.,0.,0.));
#13221 = ORIENTED_EDGE('',*,*,#13222,.F.);
#13222 = EDGE_CURVE('',#13165,#13215,#13223,.T.);
#13223 = CIRCLE('',#13224,2.499999839417);
#13224 = AXIS2_PLACEMENT_3D('',#13225,#13226,#13227);
#13225 = CARTESIAN_POINT('',(31.472500160583,-14.01000016058,0.));
#13226 = DIRECTION('',(0.,0.,-1.));
#13227 = DIRECTION('',(1.,6.423314772994E-08,0.));
#13228 = ORIENTED_EDGE('',*,*,#13172,.F.);
#13229 = FACE_BOUND('',#13230,.F.);
#13230 = EDGE_LOOP('',(#13231));
#13231 = ORIENTED_EDGE('',*,*,#13232,.T.);
#13232 = EDGE_CURVE('',#13233,#13233,#13235,.T.);
#13233 = VERTEX_POINT('',#13234);
#13234 = CARTESIAN_POINT('',(-21.2725,-15.3225,0.));
#13235 = CIRCLE('',#13236,0.4);
#13236 = AXIS2_PLACEMENT_3D('',#13237,#13238,#13239);
#13237 = CARTESIAN_POINT('',(-21.2725,-14.9225,0.));
#13238 = DIRECTION('',(-0.,0.,-1.));
#13239 = DIRECTION('',(-0.,-1.,0.));
#13240 = FACE_BOUND('',#13241,.F.);
#13241 = EDGE_LOOP('',(#13242));
#13242 = ORIENTED_EDGE('',*,*,#13243,.T.);
#13243 = EDGE_CURVE('',#13244,#13244,#13246,.T.);
#13244 = VERTEX_POINT('',#13245);
#13245 = CARTESIAN_POINT('',(-16.8275,-15.3225,0.));
#13246 = CIRCLE('',#13247,0.4);
#13247 = AXIS2_PLACEMENT_3D('',#13248,#13249,#13250);
#13248 = CARTESIAN_POINT('',(-16.8275,-14.9225,0.));
#13249 = DIRECTION('',(-0.,0.,-1.));
#13250 = DIRECTION('',(-0.,-1.,0.));
#13251 = FACE_BOUND('',#13252,.F.);
#13252 = EDGE_LOOP('',(#13253));
#13253 = ORIENTED_EDGE('',*,*,#13254,.T.);
#13254 = EDGE_CURVE('',#13255,#13255,#13257,.T.);
#13255 = VERTEX_POINT('',#13256);
#13256 = CARTESIAN_POINT('',(-11.7475,-15.3225,0.));
#13257 = CIRCLE('',#13258,0.4);
#13258 = AXIS2_PLACEMENT_3D('',#13259,#13260,#13261);
#13259 = CARTESIAN_POINT('',(-11.7475,-14.9225,0.));
#13260 = DIRECTION('',(-0.,0.,-1.));
#13261 = DIRECTION('',(-0.,-1.,0.));
#13262 = FACE_BOUND('',#13263,.F.);
#13263 = EDGE_LOOP('',(#13264));
#13264 = ORIENTED_EDGE('',*,*,#13265,.T.);
#13265 = EDGE_CURVE('',#13266,#13266,#13268,.T.);
#13266 = VERTEX_POINT('',#13267);
#13267 = CARTESIAN_POINT('',(-4.1275,-15.3225,0.));
#13268 = CIRCLE('',#13269,0.4);
#13269 = AXIS2_PLACEMENT_3D('',#13270,#13271,#13272);
#13270 = CARTESIAN_POINT('',(-4.1275,-14.9225,0.));
#13271 = DIRECTION('',(-0.,0.,-1.));
#13272 = DIRECTION('',(-2.22044604925E-15,-1.,0.));
#13273 = FACE_BOUND('',#13274,.F.);
#13274 = EDGE_LOOP('',(#13275));
#13275 = ORIENTED_EDGE('',*,*,#13276,.T.);
#13276 = EDGE_CURVE('',#13277,#13277,#13279,.T.);
#13277 = VERTEX_POINT('',#13278);
#13278 = CARTESIAN_POINT('',(-0.3175,-15.3225,0.));
#13279 = CIRCLE('',#13280,0.4);
#13280 = AXIS2_PLACEMENT_3D('',#13281,#13282,#13283);
#13281 = CARTESIAN_POINT('',(-0.3175,-14.9225,0.));
#13282 = DIRECTION('',(-0.,0.,-1.));
#13283 = DIRECTION('',(-0.,-1.,0.));
#13284 = FACE_BOUND('',#13285,.F.);
#13285 = EDGE_LOOP('',(#13286));
#13286 = ORIENTED_EDGE('',*,*,#13287,.T.);
#13287 = EDGE_CURVE('',#13288,#13288,#13290,.T.);
#13288 = VERTEX_POINT('',#13289);
#13289 = CARTESIAN_POINT('',(-0.3175,-12.8225,0.));
#13290 = CIRCLE('',#13291,0.4);
#13291 = AXIS2_PLACEMENT_3D('',#13292,#13293,#13294);
#13292 = CARTESIAN_POINT('',(-0.3175,-12.4225,0.));
#13293 = DIRECTION('',(-0.,0.,-1.));
#13294 = DIRECTION('',(-0.,-1.,0.));
#13295 = FACE_BOUND('',#13296,.F.);
#13296 = EDGE_LOOP('',(#13297));
#13297 = ORIENTED_EDGE('',*,*,#13298,.T.);
#13298 = EDGE_CURVE('',#13299,#13299,#13301,.T.);
#13299 = VERTEX_POINT('',#13300);
#13300 = CARTESIAN_POINT('',(-30.7975,-3.4575,0.));
#13301 = CIRCLE('',#13302,0.6);
#13302 = AXIS2_PLACEMENT_3D('',#13303,#13304,#13305);
#13303 = CARTESIAN_POINT('',(-30.7975,-2.8575,0.));
#13304 = DIRECTION('',(-0.,0.,-1.));
#13305 = DIRECTION('',(-0.,-1.,0.));
#13306 = FACE_BOUND('',#13307,.F.);
#13307 = EDGE_LOOP('',(#13308));
#13308 = ORIENTED_EDGE('',*,*,#13309,.T.);
#13309 = EDGE_CURVE('',#13310,#13310,#13312,.T.);
#13310 = VERTEX_POINT('',#13311);
#13311 = CARTESIAN_POINT('',(-30.7975,-0.9175,0.));
#13312 = CIRCLE('',#13313,0.6);
#13313 = AXIS2_PLACEMENT_3D('',#13314,#13315,#13316);
#13314 = CARTESIAN_POINT('',(-30.7975,-0.3175,0.));
#13315 = DIRECTION('',(-0.,0.,-1.));
#13316 = DIRECTION('',(-0.,-1.,0.));
#13317 = FACE_BOUND('',#13318,.F.);
#13318 = EDGE_LOOP('',(#13319));
#13319 = ORIENTED_EDGE('',*,*,#13320,.T.);
#13320 = EDGE_CURVE('',#13321,#13321,#13323,.T.);
#13321 = VERTEX_POINT('',#13322);
#13322 = CARTESIAN_POINT('',(-21.2725,-2.6225,0.));
#13323 = CIRCLE('',#13324,0.4);
#13324 = AXIS2_PLACEMENT_3D('',#13325,#13326,#13327);
#13325 = CARTESIAN_POINT('',(-21.2725,-2.2225,0.));
#13326 = DIRECTION('',(-0.,0.,-1.));
#13327 = DIRECTION('',(-0.,-1.,0.));
#13328 = FACE_BOUND('',#13329,.F.);
#13329 = EDGE_LOOP('',(#13330));
#13330 = ORIENTED_EDGE('',*,*,#13331,.T.);
#13331 = EDGE_CURVE('',#13332,#13332,#13334,.T.);
#13332 = VERTEX_POINT('',#13333);
#13333 = CARTESIAN_POINT('',(-16.8275,-2.6225,0.));
#13334 = CIRCLE('',#13335,0.4);
#13335 = AXIS2_PLACEMENT_3D('',#13336,#13337,#13338);
#13336 = CARTESIAN_POINT('',(-16.8275,-2.2225,0.));
#13337 = DIRECTION('',(-0.,0.,-1.));
#13338 = DIRECTION('',(-0.,-1.,0.));
#13339 = FACE_BOUND('',#13340,.F.);
#13340 = EDGE_LOOP('',(#13341));
#13341 = ORIENTED_EDGE('',*,*,#13342,.T.);
#13342 = EDGE_CURVE('',#13343,#13343,#13345,.T.);
#13343 = VERTEX_POINT('',#13344);
#13344 = CARTESIAN_POINT('',(-11.7475,-2.6225,0.));
#13345 = CIRCLE('',#13346,0.4);
#13346 = AXIS2_PLACEMENT_3D('',#13347,#13348,#13349);
#13347 = CARTESIAN_POINT('',(-11.7475,-2.2225,0.));
#13348 = DIRECTION('',(-0.,0.,-1.));
#13349 = DIRECTION('',(-0.,-1.,0.));
#13350 = FACE_BOUND('',#13351,.F.);
#13351 = EDGE_LOOP('',(#13352));
#13352 = ORIENTED_EDGE('',*,*,#13353,.T.);
#13353 = EDGE_CURVE('',#13354,#13354,#13356,.T.);
#13354 = VERTEX_POINT('',#13355);
#13355 = CARTESIAN_POINT('',(-4.1275,-2.6225,0.));
#13356 = CIRCLE('',#13357,0.4);
#13357 = AXIS2_PLACEMENT_3D('',#13358,#13359,#13360);
#13358 = CARTESIAN_POINT('',(-4.1275,-2.2225,0.));
#13359 = DIRECTION('',(-0.,0.,-1.));
#13360 = DIRECTION('',(-2.22044604925E-15,-1.,0.));
#13361 = FACE_BOUND('',#13362,.F.);
#13362 = EDGE_LOOP('',(#13363));
#13363 = ORIENTED_EDGE('',*,*,#13364,.T.);
#13364 = EDGE_CURVE('',#13365,#13365,#13367,.T.);
#13365 = VERTEX_POINT('',#13366);
#13366 = CARTESIAN_POINT('',(6.0325,-15.3225,0.));
#13367 = CIRCLE('',#13368,0.4);
#13368 = AXIS2_PLACEMENT_3D('',#13369,#13370,#13371);
#13369 = CARTESIAN_POINT('',(6.0325,-14.9225,0.));
#13370 = DIRECTION('',(-0.,0.,-1.));
#13371 = DIRECTION('',(-2.22044604925E-15,-1.,0.));
#13372 = FACE_BOUND('',#13373,.F.);
#13373 = EDGE_LOOP('',(#13374));
#13374 = ORIENTED_EDGE('',*,*,#13375,.T.);
#13375 = EDGE_CURVE('',#13376,#13376,#13378,.T.);
#13376 = VERTEX_POINT('',#13377);
#13377 = CARTESIAN_POINT('',(9.8425,-13.4175,0.));
#13378 = CIRCLE('',#13379,0.4);
#13379 = AXIS2_PLACEMENT_3D('',#13380,#13381,#13382);
#13380 = CARTESIAN_POINT('',(9.8425,-13.0175,0.));
#13381 = DIRECTION('',(-0.,0.,-1.));
#13382 = DIRECTION('',(-4.440892098501E-15,-1.,0.));
#13383 = FACE_BOUND('',#13384,.F.);
#13384 = EDGE_LOOP('',(#13385));
#13385 = ORIENTED_EDGE('',*,*,#13386,.T.);
#13386 = EDGE_CURVE('',#13387,#13387,#13389,.T.);
#13387 = VERTEX_POINT('',#13388);
#13388 = CARTESIAN_POINT('',(12.3825,-13.4175,0.));
#13389 = CIRCLE('',#13390,0.4);
#13390 = AXIS2_PLACEMENT_3D('',#13391,#13392,#13393);
#13391 = CARTESIAN_POINT('',(12.3825,-13.0175,0.));
#13392 = DIRECTION('',(-0.,0.,-1.));
#13393 = DIRECTION('',(-0.,-1.,0.));
#13394 = FACE_BOUND('',#13395,.F.);
#13395 = EDGE_LOOP('',(#13396));
#13396 = ORIENTED_EDGE('',*,*,#13397,.T.);
#13397 = EDGE_CURVE('',#13398,#13398,#13400,.T.);
#13398 = VERTEX_POINT('',#13399);
#13399 = CARTESIAN_POINT('',(14.9225,-13.4175,0.));
#13400 = CIRCLE('',#13401,0.4);
#13401 = AXIS2_PLACEMENT_3D('',#13402,#13403,#13404);
#13402 = CARTESIAN_POINT('',(14.9225,-13.0175,0.));
#13403 = DIRECTION('',(-0.,0.,-1.));
#13404 = DIRECTION('',(-0.,-1.,0.));
#13405 = FACE_BOUND('',#13406,.F.);
#13406 = EDGE_LOOP('',(#13407));
#13407 = ORIENTED_EDGE('',*,*,#13408,.T.);
#13408 = EDGE_CURVE('',#13409,#13409,#13411,.T.);
#13409 = VERTEX_POINT('',#13410);
#13410 = CARTESIAN_POINT('',(21.2725,-15.3225,0.));
#13411 = CIRCLE('',#13412,0.4);
#13412 = AXIS2_PLACEMENT_3D('',#13413,#13414,#13415);
#13413 = CARTESIAN_POINT('',(21.2725,-14.9225,0.));
#13414 = DIRECTION('',(-0.,0.,-1.));
#13415 = DIRECTION('',(-0.,-1.,0.));
#13416 = FACE_BOUND('',#13417,.F.);
#13417 = EDGE_LOOP('',(#13418));
#13418 = ORIENTED_EDGE('',*,*,#13419,.T.);
#13419 = EDGE_CURVE('',#13420,#13420,#13422,.T.);
#13420 = VERTEX_POINT('',#13421);
#13421 = CARTESIAN_POINT('',(24.4475,-15.3225,0.));
#13422 = CIRCLE('',#13423,0.4);
#13423 = AXIS2_PLACEMENT_3D('',#13424,#13425,#13426);
#13424 = CARTESIAN_POINT('',(24.4475,-14.9225,0.));
#13425 = DIRECTION('',(-0.,0.,-1.));
#13426 = DIRECTION('',(8.881784197001E-15,-1.,-0.));
#13427 = FACE_BOUND('',#13428,.F.);
#13428 = EDGE_LOOP('',(#13429));
#13429 = ORIENTED_EDGE('',*,*,#13430,.T.);
#13430 = EDGE_CURVE('',#13431,#13431,#13433,.T.);
#13431 = VERTEX_POINT('',#13432);
#13432 = CARTESIAN_POINT('',(17.4625,-13.4175,0.));
#13433 = CIRCLE('',#13434,0.4);
#13434 = AXIS2_PLACEMENT_3D('',#13435,#13436,#13437);
#13435 = CARTESIAN_POINT('',(17.4625,-13.0175,0.));
#13436 = DIRECTION('',(-0.,0.,-1.));
#13437 = DIRECTION('',(-0.,-1.,0.));
#13438 = FACE_BOUND('',#13439,.F.);
#13439 = EDGE_LOOP('',(#13440));
#13440 = ORIENTED_EDGE('',*,*,#13441,.T.);
#13441 = EDGE_CURVE('',#13442,#13442,#13444,.T.);
#13442 = VERTEX_POINT('',#13443);
#13443 = CARTESIAN_POINT('',(24.4475,-12.8225,0.));
#13444 = CIRCLE('',#13445,0.4);
#13445 = AXIS2_PLACEMENT_3D('',#13446,#13447,#13448);
#13446 = CARTESIAN_POINT('',(24.4475,-12.4225,0.));
#13447 = DIRECTION('',(-0.,0.,-1.));
#13448 = DIRECTION('',(8.881784197001E-15,-1.,-0.));
#13449 = FACE_BOUND('',#13450,.F.);
#13450 = EDGE_LOOP('',(#13451));
#13451 = ORIENTED_EDGE('',*,*,#13452,.T.);
#13452 = EDGE_CURVE('',#13453,#13453,#13455,.T.);
#13453 = VERTEX_POINT('',#13454);
#13454 = CARTESIAN_POINT('',(29.4005,-12.9665,0.));
#13455 = CIRCLE('',#13456,1.6);
#13456 = AXIS2_PLACEMENT_3D('',#13457,#13458,#13459);
#13457 = CARTESIAN_POINT('',(29.4005,-11.3665,0.));
#13458 = DIRECTION('',(-0.,0.,-1.));
#13459 = DIRECTION('',(-0.,-1.,0.));
#13460 = FACE_BOUND('',#13461,.F.);
#13461 = EDGE_LOOP('',(#13462));
#13462 = ORIENTED_EDGE('',*,*,#13463,.T.);
#13463 = EDGE_CURVE('',#13464,#13464,#13466,.T.);
#13464 = VERTEX_POINT('',#13465);
#13465 = CARTESIAN_POINT('',(9.8425,-5.7975,0.));
#13466 = CIRCLE('',#13467,0.4);
#13467 = AXIS2_PLACEMENT_3D('',#13468,#13469,#13470);
#13468 = CARTESIAN_POINT('',(9.8425,-5.3975,0.));
#13469 = DIRECTION('',(-0.,0.,-1.));
#13470 = DIRECTION('',(-4.440892098501E-15,-1.,0.));
#13471 = FACE_BOUND('',#13472,.F.);
#13472 = EDGE_LOOP('',(#13473));
#13473 = ORIENTED_EDGE('',*,*,#13474,.T.);
#13474 = EDGE_CURVE('',#13475,#13475,#13477,.T.);
#13475 = VERTEX_POINT('',#13476);
#13476 = CARTESIAN_POINT('',(12.3825,-5.7975,0.));
#13477 = CIRCLE('',#13478,0.4);
#13478 = AXIS2_PLACEMENT_3D('',#13479,#13480,#13481);
#13479 = CARTESIAN_POINT('',(12.3825,-5.3975,0.));
#13480 = DIRECTION('',(-0.,0.,-1.));
#13481 = DIRECTION('',(-0.,-1.,0.));
#13482 = FACE_BOUND('',#13483,.F.);
#13483 = EDGE_LOOP('',(#13484));
#13484 = ORIENTED_EDGE('',*,*,#13485,.T.);
#13485 = EDGE_CURVE('',#13486,#13486,#13488,.T.);
#13486 = VERTEX_POINT('',#13487);
#13487 = CARTESIAN_POINT('',(14.9225,-5.7975,0.));
#13488 = CIRCLE('',#13489,0.4);
#13489 = AXIS2_PLACEMENT_3D('',#13490,#13491,#13492);
#13490 = CARTESIAN_POINT('',(14.9225,-5.3975,0.));
#13491 = DIRECTION('',(-0.,0.,-1.));
#13492 = DIRECTION('',(-0.,-1.,0.));
#13493 = FACE_BOUND('',#13494,.F.);
#13494 = EDGE_LOOP('',(#13495));
#13495 = ORIENTED_EDGE('',*,*,#13496,.T.);
#13496 = EDGE_CURVE('',#13497,#13497,#13499,.T.);
#13497 = VERTEX_POINT('',#13498);
#13498 = CARTESIAN_POINT('',(6.0325,-2.6225,0.));
#13499 = CIRCLE('',#13500,0.4);
#13500 = AXIS2_PLACEMENT_3D('',#13501,#13502,#13503);
#13501 = CARTESIAN_POINT('',(6.0325,-2.2225,0.));
#13502 = DIRECTION('',(-0.,0.,-1.));
#13503 = DIRECTION('',(-2.22044604925E-15,-1.,0.));
#13504 = FACE_BOUND('',#13505,.F.);
#13505 = EDGE_LOOP('',(#13506));
#13506 = ORIENTED_EDGE('',*,*,#13507,.T.);
#13507 = EDGE_CURVE('',#13508,#13508,#13510,.T.);
#13508 = VERTEX_POINT('',#13509);
#13509 = CARTESIAN_POINT('',(9.8425,-2.6225,0.));
#13510 = CIRCLE('',#13511,0.4);
#13511 = AXIS2_PLACEMENT_3D('',#13512,#13513,#13514);
#13512 = CARTESIAN_POINT('',(9.8425,-2.2225,0.));
#13513 = DIRECTION('',(-0.,0.,-1.));
#13514 = DIRECTION('',(-4.440892098501E-15,-1.,0.));
#13515 = FACE_BOUND('',#13516,.F.);
#13516 = EDGE_LOOP('',(#13517));
#13517 = ORIENTED_EDGE('',*,*,#13518,.T.);
#13518 = EDGE_CURVE('',#13519,#13519,#13521,.T.);
#13519 = VERTEX_POINT('',#13520);
#13520 = CARTESIAN_POINT('',(12.3425,-2.6225,0.));
#13521 = CIRCLE('',#13522,0.4);
#13522 = AXIS2_PLACEMENT_3D('',#13523,#13524,#13525);
#13523 = CARTESIAN_POINT('',(12.3425,-2.2225,0.));
#13524 = DIRECTION('',(-0.,0.,-1.));
#13525 = DIRECTION('',(-4.440892098501E-15,-1.,0.));
#13526 = FACE_BOUND('',#13527,.F.);
#13527 = EDGE_LOOP('',(#13528));
#13528 = ORIENTED_EDGE('',*,*,#13529,.T.);
#13529 = EDGE_CURVE('',#13530,#13530,#13532,.T.);
#13530 = VERTEX_POINT('',#13531);
#13531 = CARTESIAN_POINT('',(17.4625,-5.7975,0.));
#13532 = CIRCLE('',#13533,0.4);
#13533 = AXIS2_PLACEMENT_3D('',#13534,#13535,#13536);
#13534 = CARTESIAN_POINT('',(17.4625,-5.3975,0.));
#13535 = DIRECTION('',(-0.,0.,-1.));
#13536 = DIRECTION('',(-0.,-1.,0.));
#13537 = FACE_BOUND('',#13538,.F.);
#13538 = EDGE_LOOP('',(#13539));
#13539 = ORIENTED_EDGE('',*,*,#13540,.T.);
#13540 = EDGE_CURVE('',#13541,#13541,#13543,.T.);
#13541 = VERTEX_POINT('',#13542);
#13542 = CARTESIAN_POINT('',(21.2725,-2.6225,0.));
#13543 = CIRCLE('',#13544,0.4);
#13544 = AXIS2_PLACEMENT_3D('',#13545,#13546,#13547);
#13545 = CARTESIAN_POINT('',(21.2725,-2.2225,0.));
#13546 = DIRECTION('',(-0.,0.,-1.));
#13547 = DIRECTION('',(-0.,-1.,0.));
#13548 = FACE_BOUND('',#13549,.F.);
#13549 = EDGE_LOOP('',(#13550));
#13550 = ORIENTED_EDGE('',*,*,#13551,.T.);
#13551 = EDGE_CURVE('',#13552,#13552,#13554,.T.);
#13552 = VERTEX_POINT('',#13553);
#13553 = CARTESIAN_POINT('',(26.3525,-4.5425,0.));
#13554 = CIRCLE('',#13555,0.475);
#13555 = AXIS2_PLACEMENT_3D('',#13556,#13557,#13558);
#13556 = CARTESIAN_POINT('',(26.3525,-4.0675,0.));
#13557 = DIRECTION('',(-0.,0.,-1.));
#13558 = DIRECTION('',(-0.,-1.,0.));
#13559 = FACE_BOUND('',#13560,.F.);
#13560 = EDGE_LOOP('',(#13561));
#13561 = ORIENTED_EDGE('',*,*,#13562,.T.);
#13562 = EDGE_CURVE('',#13563,#13563,#13565,.T.);
#13563 = VERTEX_POINT('',#13564);
#13564 = CARTESIAN_POINT('',(26.3525,-2.0425,0.));
#13565 = CIRCLE('',#13566,0.475);
#13566 = AXIS2_PLACEMENT_3D('',#13567,#13568,#13569);
#13567 = CARTESIAN_POINT('',(26.3525,-1.5675,0.));
#13568 = DIRECTION('',(-0.,0.,-1.));
#13569 = DIRECTION('',(-0.,-1.,0.));
#13570 = FACE_BOUND('',#13571,.F.);
#13571 = EDGE_LOOP('',(#13572));
#13572 = ORIENTED_EDGE('',*,*,#13573,.T.);
#13573 = EDGE_CURVE('',#13574,#13574,#13576,.T.);
#13574 = VERTEX_POINT('',#13575);
#13575 = CARTESIAN_POINT('',(-30.7975,1.6225,0.));
#13576 = CIRCLE('',#13577,0.6);
#13577 = AXIS2_PLACEMENT_3D('',#13578,#13579,#13580);
#13578 = CARTESIAN_POINT('',(-30.7975,2.2225,0.));
#13579 = DIRECTION('',(-0.,0.,-1.));
#13580 = DIRECTION('',(-0.,-1.,0.));
#13581 = FACE_BOUND('',#13582,.F.);
#13582 = EDGE_LOOP('',(#13583));
#13583 = ORIENTED_EDGE('',*,*,#13584,.T.);
#13584 = EDGE_CURVE('',#13585,#13585,#13587,.T.);
#13585 = VERTEX_POINT('',#13586);
#13586 = CARTESIAN_POINT('',(-23.1775,3.0925,0.));
#13587 = CIRCLE('',#13588,0.4);
#13588 = AXIS2_PLACEMENT_3D('',#13589,#13590,#13591);
#13589 = CARTESIAN_POINT('',(-23.1775,3.4925,0.));
#13590 = DIRECTION('',(-0.,0.,-1.));
#13591 = DIRECTION('',(8.881784197001E-15,-1.,-0.));
#13592 = FACE_BOUND('',#13593,.F.);
#13593 = EDGE_LOOP('',(#13594));
#13594 = ORIENTED_EDGE('',*,*,#13595,.T.);
#13595 = EDGE_CURVE('',#13596,#13596,#13598,.T.);
#13596 = VERTEX_POINT('',#13597);
#13597 = CARTESIAN_POINT('',(-15.5575,3.0925,0.));
#13598 = CIRCLE('',#13599,0.4);
#13599 = AXIS2_PLACEMENT_3D('',#13600,#13601,#13602);
#13600 = CARTESIAN_POINT('',(-15.5575,3.4925,0.));
#13601 = DIRECTION('',(-0.,0.,-1.));
#13602 = DIRECTION('',(4.440892098501E-15,-1.,-0.));
#13603 = FACE_BOUND('',#13604,.F.);
#13604 = EDGE_LOOP('',(#13605));
#13605 = ORIENTED_EDGE('',*,*,#13606,.T.);
#13606 = EDGE_CURVE('',#13607,#13607,#13609,.T.);
#13607 = VERTEX_POINT('',#13608);
#13608 = CARTESIAN_POINT('',(-23.1775,5.6325,0.));
#13609 = CIRCLE('',#13610,0.4);
#13610 = AXIS2_PLACEMENT_3D('',#13611,#13612,#13613);
#13611 = CARTESIAN_POINT('',(-23.1775,6.0325,0.));
#13612 = DIRECTION('',(-0.,0.,-1.));
#13613 = DIRECTION('',(8.881784197001E-15,-1.,-0.));
#13614 = FACE_BOUND('',#13615,.F.);
#13615 = EDGE_LOOP('',(#13616));
#13616 = ORIENTED_EDGE('',*,*,#13617,.T.);
#13617 = EDGE_CURVE('',#13618,#13618,#13620,.T.);
#13618 = VERTEX_POINT('',#13619);
#13619 = CARTESIAN_POINT('',(-15.5575,5.6325,0.));
#13620 = CIRCLE('',#13621,0.4);
#13621 = AXIS2_PLACEMENT_3D('',#13622,#13623,#13624);
#13622 = CARTESIAN_POINT('',(-15.5575,6.0325,0.));
#13623 = DIRECTION('',(-0.,0.,-1.));
#13624 = DIRECTION('',(4.440892098501E-15,-1.,-0.));
#13625 = FACE_BOUND('',#13626,.F.);
#13626 = EDGE_LOOP('',(#13627));
#13627 = ORIENTED_EDGE('',*,*,#13628,.T.);
#13628 = EDGE_CURVE('',#13629,#13629,#13631,.T.);
#13629 = VERTEX_POINT('',#13630);
#13630 = CARTESIAN_POINT('',(-11.7475,1.1875,0.));
#13631 = CIRCLE('',#13632,0.4);
#13632 = AXIS2_PLACEMENT_3D('',#13633,#13634,#13635);
#13633 = CARTESIAN_POINT('',(-11.7475,1.5875,0.));
#13634 = DIRECTION('',(-0.,0.,-1.));
#13635 = DIRECTION('',(-0.,-1.,0.));
#13636 = FACE_BOUND('',#13637,.F.);
#13637 = EDGE_LOOP('',(#13638));
#13638 = ORIENTED_EDGE('',*,*,#13639,.T.);
#13639 = EDGE_CURVE('',#13640,#13640,#13642,.T.);
#13640 = VERTEX_POINT('',#13641);
#13641 = CARTESIAN_POINT('',(-4.1275,1.1875,0.));
#13642 = CIRCLE('',#13643,0.4);
#13643 = AXIS2_PLACEMENT_3D('',#13644,#13645,#13646);
#13644 = CARTESIAN_POINT('',(-4.1275,1.5875,0.));
#13645 = DIRECTION('',(-0.,0.,-1.));
#13646 = DIRECTION('',(-2.22044604925E-15,-1.,0.));
#13647 = FACE_BOUND('',#13648,.F.);
#13648 = EDGE_LOOP('',(#13649));
#13649 = ORIENTED_EDGE('',*,*,#13650,.T.);
#13650 = EDGE_CURVE('',#13651,#13651,#13653,.T.);
#13651 = VERTEX_POINT('',#13652);
#13652 = CARTESIAN_POINT('',(-0.3175,1.1875,0.));
#13653 = CIRCLE('',#13654,0.4);
#13654 = AXIS2_PLACEMENT_3D('',#13655,#13656,#13657);
#13655 = CARTESIAN_POINT('',(-0.3175,1.5875,0.));
#13656 = DIRECTION('',(-0.,0.,-1.));
#13657 = DIRECTION('',(-0.,-1.,0.));
#13658 = FACE_BOUND('',#13659,.F.);
#13659 = EDGE_LOOP('',(#13660));
#13660 = ORIENTED_EDGE('',*,*,#13661,.T.);
#13661 = EDGE_CURVE('',#13662,#13662,#13664,.T.);
#13662 = VERTEX_POINT('',#13663);
#13663 = CARTESIAN_POINT('',(-0.3175,3.6875,0.));
#13664 = CIRCLE('',#13665,0.4);
#13665 = AXIS2_PLACEMENT_3D('',#13666,#13667,#13668);
#13666 = CARTESIAN_POINT('',(-0.3175,4.0875,0.));
#13667 = DIRECTION('',(-0.,0.,-1.));
#13668 = DIRECTION('',(-0.,-1.,0.));
#13669 = FACE_BOUND('',#13670,.F.);
#13670 = EDGE_LOOP('',(#13671));
#13671 = ORIENTED_EDGE('',*,*,#13672,.T.);
#13672 = EDGE_CURVE('',#13673,#13673,#13675,.T.);
#13673 = VERTEX_POINT('',#13674);
#13674 = CARTESIAN_POINT('',(-23.1775,8.1725,0.));
#13675 = CIRCLE('',#13676,0.4);
#13676 = AXIS2_PLACEMENT_3D('',#13677,#13678,#13679);
#13677 = CARTESIAN_POINT('',(-23.1775,8.5725,0.));
#13678 = DIRECTION('',(-0.,0.,-1.));
#13679 = DIRECTION('',(8.881784197001E-15,-1.,-0.));
#13680 = FACE_BOUND('',#13681,.F.);
#13681 = EDGE_LOOP('',(#13682));
#13682 = ORIENTED_EDGE('',*,*,#13683,.T.);
#13683 = EDGE_CURVE('',#13684,#13684,#13686,.T.);
#13684 = VERTEX_POINT('',#13685);
#13685 = CARTESIAN_POINT('',(-15.5575,8.1725,0.));
#13686 = CIRCLE('',#13687,0.4);
#13687 = AXIS2_PLACEMENT_3D('',#13688,#13689,#13690);
#13688 = CARTESIAN_POINT('',(-15.5575,8.5725,0.));
#13689 = DIRECTION('',(-0.,0.,-1.));
#13690 = DIRECTION('',(4.440892098501E-15,-1.,-0.));
#13691 = FACE_BOUND('',#13692,.F.);
#13692 = EDGE_LOOP('',(#13693));
#13693 = ORIENTED_EDGE('',*,*,#13694,.T.);
#13694 = EDGE_CURVE('',#13695,#13695,#13697,.T.);
#13695 = VERTEX_POINT('',#13696);
#13696 = CARTESIAN_POINT('',(-29.2735,9.5125,0.));
#13697 = CIRCLE('',#13698,1.6);
#13698 = AXIS2_PLACEMENT_3D('',#13699,#13700,#13701);
#13699 = CARTESIAN_POINT('',(-29.2735,11.1125,0.));
#13700 = DIRECTION('',(-0.,0.,-1.));
#13701 = DIRECTION('',(-0.,-1.,0.));
#13702 = FACE_BOUND('',#13703,.F.);
#13703 = EDGE_LOOP('',(#13704));
#13704 = ORIENTED_EDGE('',*,*,#13705,.T.);
#13705 = EDGE_CURVE('',#13706,#13706,#13708,.T.);
#13706 = VERTEX_POINT('',#13707);
#13707 = CARTESIAN_POINT('',(-25.0825,13.8875,0.));
#13708 = CIRCLE('',#13709,0.4);
#13709 = AXIS2_PLACEMENT_3D('',#13710,#13711,#13712);
#13710 = CARTESIAN_POINT('',(-25.0825,14.2875,0.));
#13711 = DIRECTION('',(-0.,0.,-1.));
#13712 = DIRECTION('',(8.881784197001E-15,-1.,-0.));
#13713 = FACE_BOUND('',#13714,.F.);
#13714 = EDGE_LOOP('',(#13715));
#13715 = ORIENTED_EDGE('',*,*,#13716,.T.);
#13716 = EDGE_CURVE('',#13717,#13717,#13719,.T.);
#13717 = VERTEX_POINT('',#13718);
#13718 = CARTESIAN_POINT('',(-23.1775,10.7125,0.));
#13719 = CIRCLE('',#13720,0.4);
#13720 = AXIS2_PLACEMENT_3D('',#13721,#13722,#13723);
#13721 = CARTESIAN_POINT('',(-23.1775,11.1125,0.));
#13722 = DIRECTION('',(-0.,0.,-1.));
#13723 = DIRECTION('',(8.881784197001E-15,-1.,-0.));
#13724 = FACE_BOUND('',#13725,.F.);
#13725 = EDGE_LOOP('',(#13726));
#13726 = ORIENTED_EDGE('',*,*,#13727,.T.);
#13727 = EDGE_CURVE('',#13728,#13728,#13730,.T.);
#13728 = VERTEX_POINT('',#13729);
#13729 = CARTESIAN_POINT('',(-15.5575,10.7125,0.));
#13730 = CIRCLE('',#13731,0.4);
#13731 = AXIS2_PLACEMENT_3D('',#13732,#13733,#13734);
#13732 = CARTESIAN_POINT('',(-15.5575,11.1125,0.));
#13733 = DIRECTION('',(-0.,0.,-1.));
#13734 = DIRECTION('',(4.440892098501E-15,-1.,-0.));
#13735 = FACE_BOUND('',#13736,.F.);
#13736 = EDGE_LOOP('',(#13737));
#13737 = ORIENTED_EDGE('',*,*,#13738,.T.);
#13738 = EDGE_CURVE('',#13739,#13739,#13741,.T.);
#13739 = VERTEX_POINT('',#13740);
#13740 = CARTESIAN_POINT('',(-22.5825,13.8875,0.));
#13741 = CIRCLE('',#13742,0.4);
#13742 = AXIS2_PLACEMENT_3D('',#13743,#13744,#13745);
#13743 = CARTESIAN_POINT('',(-22.5825,14.2875,0.));
#13744 = DIRECTION('',(-0.,0.,-1.));
#13745 = DIRECTION('',(8.881784197001E-15,-1.,-0.));
#13746 = FACE_BOUND('',#13747,.F.);
#13747 = EDGE_LOOP('',(#13748));
#13748 = ORIENTED_EDGE('',*,*,#13749,.T.);
#13749 = EDGE_CURVE('',#13750,#13750,#13752,.T.);
#13750 = VERTEX_POINT('',#13751);
#13751 = CARTESIAN_POINT('',(-18.0575,13.8875,0.));
#13752 = CIRCLE('',#13753,0.4);
#13753 = AXIS2_PLACEMENT_3D('',#13754,#13755,#13756);
#13754 = CARTESIAN_POINT('',(-18.0575,14.2875,0.));
#13755 = DIRECTION('',(-0.,0.,-1.));
#13756 = DIRECTION('',(-8.881784197001E-15,-1.,0.));
#13757 = FACE_BOUND('',#13758,.F.);
#13758 = EDGE_LOOP('',(#13759));
#13759 = ORIENTED_EDGE('',*,*,#13760,.T.);
#13760 = EDGE_CURVE('',#13761,#13761,#13763,.T.);
#13761 = VERTEX_POINT('',#13762);
#13762 = CARTESIAN_POINT('',(-15.5575,13.8875,0.));
#13763 = CIRCLE('',#13764,0.4);
#13764 = AXIS2_PLACEMENT_3D('',#13765,#13766,#13767);
#13765 = CARTESIAN_POINT('',(-15.5575,14.2875,0.));
#13766 = DIRECTION('',(-0.,0.,-1.));
#13767 = DIRECTION('',(4.440892098501E-15,-1.,-0.));
#13768 = FACE_BOUND('',#13769,.F.);
#13769 = EDGE_LOOP('',(#13770));
#13770 = ORIENTED_EDGE('',*,*,#13771,.T.);
#13771 = EDGE_CURVE('',#13772,#13772,#13774,.T.);
#13772 = VERTEX_POINT('',#13773);
#13773 = CARTESIAN_POINT('',(-11.7475,13.8875,0.));
#13774 = CIRCLE('',#13775,0.4);
#13775 = AXIS2_PLACEMENT_3D('',#13776,#13777,#13778);
#13776 = CARTESIAN_POINT('',(-11.7475,14.2875,0.));
#13777 = DIRECTION('',(-0.,0.,-1.));
#13778 = DIRECTION('',(-0.,-1.,0.));
#13779 = FACE_BOUND('',#13780,.F.);
#13780 = EDGE_LOOP('',(#13781));
#13781 = ORIENTED_EDGE('',*,*,#13782,.T.);
#13782 = EDGE_CURVE('',#13783,#13783,#13785,.T.);
#13783 = VERTEX_POINT('',#13784);
#13784 = CARTESIAN_POINT('',(-4.1275,13.8875,0.));
#13785 = CIRCLE('',#13786,0.4);
#13786 = AXIS2_PLACEMENT_3D('',#13787,#13788,#13789);
#13787 = CARTESIAN_POINT('',(-4.1275,14.2875,0.));
#13788 = DIRECTION('',(-0.,0.,-1.));
#13789 = DIRECTION('',(-2.22044604925E-15,-1.,0.));
#13790 = FACE_BOUND('',#13791,.F.);
#13791 = EDGE_LOOP('',(#13792));
#13792 = ORIENTED_EDGE('',*,*,#13793,.T.);
#13793 = EDGE_CURVE('',#13794,#13794,#13796,.T.);
#13794 = VERTEX_POINT('',#13795);
#13795 = CARTESIAN_POINT('',(6.0325,1.1875,0.));
#13796 = CIRCLE('',#13797,0.4);
#13797 = AXIS2_PLACEMENT_3D('',#13798,#13799,#13800);
#13798 = CARTESIAN_POINT('',(6.0325,1.5875,0.));
#13799 = DIRECTION('',(-0.,0.,-1.));
#13800 = DIRECTION('',(-2.22044604925E-15,-1.,0.));
#13801 = FACE_BOUND('',#13802,.F.);
#13802 = EDGE_LOOP('',(#13803));
#13803 = ORIENTED_EDGE('',*,*,#13804,.T.);
#13804 = EDGE_CURVE('',#13805,#13805,#13807,.T.);
#13805 = VERTEX_POINT('',#13806);
#13806 = CARTESIAN_POINT('',(9.8425,3.0925,0.));
#13807 = CIRCLE('',#13808,0.4);
#13808 = AXIS2_PLACEMENT_3D('',#13809,#13810,#13811);
#13809 = CARTESIAN_POINT('',(9.8425,3.4925,0.));
#13810 = DIRECTION('',(-0.,0.,-1.));
#13811 = DIRECTION('',(-4.440892098501E-15,-1.,0.));
#13812 = FACE_BOUND('',#13813,.F.);
#13813 = EDGE_LOOP('',(#13814));
#13814 = ORIENTED_EDGE('',*,*,#13815,.T.);
#13815 = EDGE_CURVE('',#13816,#13816,#13818,.T.);
#13816 = VERTEX_POINT('',#13817);
#13817 = CARTESIAN_POINT('',(12.3825,3.0925,0.));
#13818 = CIRCLE('',#13819,0.4);
#13819 = AXIS2_PLACEMENT_3D('',#13820,#13821,#13822);
#13820 = CARTESIAN_POINT('',(12.3825,3.4925,0.));
#13821 = DIRECTION('',(-0.,0.,-1.));
#13822 = DIRECTION('',(-0.,-1.,0.));
#13823 = FACE_BOUND('',#13824,.F.);
#13824 = EDGE_LOOP('',(#13825));
#13825 = ORIENTED_EDGE('',*,*,#13826,.T.);
#13826 = EDGE_CURVE('',#13827,#13827,#13829,.T.);
#13827 = VERTEX_POINT('',#13828);
#13828 = CARTESIAN_POINT('',(14.9225,3.0925,0.));
#13829 = CIRCLE('',#13830,0.4);
#13830 = AXIS2_PLACEMENT_3D('',#13831,#13832,#13833);
#13831 = CARTESIAN_POINT('',(14.9225,3.4925,0.));
#13832 = DIRECTION('',(-0.,0.,-1.));
#13833 = DIRECTION('',(-0.,-1.,0.));
#13834 = FACE_BOUND('',#13835,.F.);
#13835 = EDGE_LOOP('',(#13836));
#13836 = ORIENTED_EDGE('',*,*,#13837,.T.);
#13837 = EDGE_CURVE('',#13838,#13838,#13840,.T.);
#13838 = VERTEX_POINT('',#13839);
#13839 = CARTESIAN_POINT('',(21.2725,1.1875,0.));
#13840 = CIRCLE('',#13841,0.4);
#13841 = AXIS2_PLACEMENT_3D('',#13842,#13843,#13844);
#13842 = CARTESIAN_POINT('',(21.2725,1.5875,0.));
#13843 = DIRECTION('',(-0.,0.,-1.));
#13844 = DIRECTION('',(-0.,-1.,0.));
#13845 = FACE_BOUND('',#13846,.F.);
#13846 = EDGE_LOOP('',(#13847));
#13847 = ORIENTED_EDGE('',*,*,#13848,.T.);
#13848 = EDGE_CURVE('',#13849,#13849,#13851,.T.);
#13849 = VERTEX_POINT('',#13850);
#13850 = CARTESIAN_POINT('',(26.3525,0.4575,0.));
#13851 = CIRCLE('',#13852,0.475);
#13852 = AXIS2_PLACEMENT_3D('',#13853,#13854,#13855);
#13853 = CARTESIAN_POINT('',(26.3525,0.9325,0.));
#13854 = DIRECTION('',(-0.,0.,-1.));
#13855 = DIRECTION('',(-0.,-1.,0.));
#13856 = FACE_BOUND('',#13857,.F.);
#13857 = EDGE_LOOP('',(#13858));
#13858 = ORIENTED_EDGE('',*,*,#13859,.T.);
#13859 = EDGE_CURVE('',#13860,#13860,#13862,.T.);
#13860 = VERTEX_POINT('',#13861);
#13861 = CARTESIAN_POINT('',(26.3525,2.9575,0.));
#13862 = CIRCLE('',#13863,0.475);
#13863 = AXIS2_PLACEMENT_3D('',#13864,#13865,#13866);
#13864 = CARTESIAN_POINT('',(26.3525,3.4325,0.));
#13865 = DIRECTION('',(-0.,0.,-1.));
#13866 = DIRECTION('',(-0.,-1.,0.));
#13867 = FACE_BOUND('',#13868,.F.);
#13868 = EDGE_LOOP('',(#13869));
#13869 = ORIENTED_EDGE('',*,*,#13870,.T.);
#13870 = EDGE_CURVE('',#13871,#13871,#13873,.T.);
#13871 = VERTEX_POINT('',#13872);
#13872 = CARTESIAN_POINT('',(17.4625,3.0925,0.));
#13873 = CIRCLE('',#13874,0.4);
#13874 = AXIS2_PLACEMENT_3D('',#13875,#13876,#13877);
#13875 = CARTESIAN_POINT('',(17.4625,3.4925,0.));
#13876 = DIRECTION('',(-0.,0.,-1.));
#13877 = DIRECTION('',(-0.,-1.,0.));
#13878 = FACE_BOUND('',#13879,.F.);
#13879 = EDGE_LOOP('',(#13880));
#13880 = ORIENTED_EDGE('',*,*,#13881,.T.);
#13881 = EDGE_CURVE('',#13882,#13882,#13884,.T.);
#13882 = VERTEX_POINT('',#13883);
#13883 = CARTESIAN_POINT('',(6.0325,13.8875,0.));
#13884 = CIRCLE('',#13885,0.4);
#13885 = AXIS2_PLACEMENT_3D('',#13886,#13887,#13888);
#13886 = CARTESIAN_POINT('',(6.0325,14.2875,0.));
#13887 = DIRECTION('',(-0.,0.,-1.));
#13888 = DIRECTION('',(-2.22044604925E-15,-1.,0.));
#13889 = FACE_BOUND('',#13890,.F.);
#13890 = EDGE_LOOP('',(#13891));
#13891 = ORIENTED_EDGE('',*,*,#13892,.T.);
#13892 = EDGE_CURVE('',#13893,#13893,#13895,.T.);
#13893 = VERTEX_POINT('',#13894);
#13894 = CARTESIAN_POINT('',(9.8425,10.7125,0.));
#13895 = CIRCLE('',#13896,0.4);
#13896 = AXIS2_PLACEMENT_3D('',#13897,#13898,#13899);
#13897 = CARTESIAN_POINT('',(9.8425,11.1125,0.));
#13898 = DIRECTION('',(-0.,0.,-1.));
#13899 = DIRECTION('',(-4.440892098501E-15,-1.,0.));
#13900 = FACE_BOUND('',#13901,.F.);
#13901 = EDGE_LOOP('',(#13902));
#13902 = ORIENTED_EDGE('',*,*,#13903,.T.);
#13903 = EDGE_CURVE('',#13904,#13904,#13906,.T.);
#13904 = VERTEX_POINT('',#13905);
#13905 = CARTESIAN_POINT('',(12.3825,10.7125,0.));
#13906 = CIRCLE('',#13907,0.4);
#13907 = AXIS2_PLACEMENT_3D('',#13908,#13909,#13910);
#13908 = CARTESIAN_POINT('',(12.3825,11.1125,0.));
#13909 = DIRECTION('',(-0.,0.,-1.));
#13910 = DIRECTION('',(-0.,-1.,0.));
#13911 = FACE_BOUND('',#13912,.F.);
#13912 = EDGE_LOOP('',(#13913));
#13913 = ORIENTED_EDGE('',*,*,#13914,.T.);
#13914 = EDGE_CURVE('',#13915,#13915,#13917,.T.);
#13915 = VERTEX_POINT('',#13916);
#13916 = CARTESIAN_POINT('',(14.9225,10.7125,0.));
#13917 = CIRCLE('',#13918,0.4);
#13918 = AXIS2_PLACEMENT_3D('',#13919,#13920,#13921);
#13919 = CARTESIAN_POINT('',(14.9225,11.1125,0.));
#13920 = DIRECTION('',(-0.,0.,-1.));
#13921 = DIRECTION('',(-0.,-1.,0.));
#13922 = FACE_BOUND('',#13923,.F.);
#13923 = EDGE_LOOP('',(#13924));
#13924 = ORIENTED_EDGE('',*,*,#13925,.T.);
#13925 = EDGE_CURVE('',#13926,#13926,#13928,.T.);
#13926 = VERTEX_POINT('',#13927);
#13927 = CARTESIAN_POINT('',(9.8425,13.8875,0.));
#13928 = CIRCLE('',#13929,0.4);
#13929 = AXIS2_PLACEMENT_3D('',#13930,#13931,#13932);
#13930 = CARTESIAN_POINT('',(9.8425,14.2875,0.));
#13931 = DIRECTION('',(-0.,0.,-1.));
#13932 = DIRECTION('',(-4.440892098501E-15,-1.,0.));
#13933 = FACE_BOUND('',#13934,.F.);
#13934 = EDGE_LOOP('',(#13935));
#13935 = ORIENTED_EDGE('',*,*,#13936,.T.);
#13936 = EDGE_CURVE('',#13937,#13937,#13939,.T.);
#13937 = VERTEX_POINT('',#13938);
#13938 = CARTESIAN_POINT('',(12.3425,13.8875,0.));
#13939 = CIRCLE('',#13940,0.4);
#13940 = AXIS2_PLACEMENT_3D('',#13941,#13942,#13943);
#13941 = CARTESIAN_POINT('',(12.3425,14.2875,0.));
#13942 = DIRECTION('',(-0.,0.,-1.));
#13943 = DIRECTION('',(-4.440892098501E-15,-1.,0.));
#13944 = FACE_BOUND('',#13945,.F.);
#13945 = EDGE_LOOP('',(#13946));
#13946 = ORIENTED_EDGE('',*,*,#13947,.T.);
#13947 = EDGE_CURVE('',#13948,#13948,#13950,.T.);
#13948 = VERTEX_POINT('',#13949);
#13949 = CARTESIAN_POINT('',(26.3525,9.4425,0.));
#13950 = CIRCLE('',#13951,0.4);
#13951 = AXIS2_PLACEMENT_3D('',#13952,#13953,#13954);
#13952 = CARTESIAN_POINT('',(26.3525,9.8425,0.));
#13953 = DIRECTION('',(-0.,0.,-1.));
#13954 = DIRECTION('',(-0.,-1.,0.));
#13955 = FACE_BOUND('',#13956,.F.);
#13956 = EDGE_LOOP('',(#13957));
#13957 = ORIENTED_EDGE('',*,*,#13958,.T.);
#13958 = EDGE_CURVE('',#13959,#13959,#13961,.T.);
#13959 = VERTEX_POINT('',#13960);
#13960 = CARTESIAN_POINT('',(28.3525,9.4425,0.));
#13961 = CIRCLE('',#13962,0.4);
#13962 = AXIS2_PLACEMENT_3D('',#13963,#13964,#13965);
#13963 = CARTESIAN_POINT('',(28.3525,9.8425,0.));
#13964 = DIRECTION('',(-0.,0.,-1.));
#13965 = DIRECTION('',(-0.,-1.,0.));
#13966 = FACE_BOUND('',#13967,.F.);
#13967 = EDGE_LOOP('',(#13968));
#13968 = ORIENTED_EDGE('',*,*,#13969,.T.);
#13969 = EDGE_CURVE('',#13970,#13970,#13972,.T.);
#13970 = VERTEX_POINT('',#13971);
#13971 = CARTESIAN_POINT('',(32.0675,9.4625,0.));
#13972 = CIRCLE('',#13973,0.4);
#13973 = AXIS2_PLACEMENT_3D('',#13974,#13975,#13976);
#13974 = CARTESIAN_POINT('',(32.0675,9.8625,0.));
#13975 = DIRECTION('',(-0.,0.,-1.));
#13976 = DIRECTION('',(-0.,-1.,0.));
#13977 = FACE_BOUND('',#13978,.F.);
#13978 = EDGE_LOOP('',(#13979));
#13979 = ORIENTED_EDGE('',*,*,#13980,.T.);
#13980 = EDGE_CURVE('',#13981,#13981,#13983,.T.);
#13981 = VERTEX_POINT('',#13982);
#13982 = CARTESIAN_POINT('',(17.4625,10.7125,0.));
#13983 = CIRCLE('',#13984,0.4);
#13984 = AXIS2_PLACEMENT_3D('',#13985,#13986,#13987);
#13985 = CARTESIAN_POINT('',(17.4625,11.1125,0.));
#13986 = DIRECTION('',(-0.,0.,-1.));
#13987 = DIRECTION('',(-0.,-1.,0.));
#13988 = FACE_BOUND('',#13989,.F.);
#13989 = EDGE_LOOP('',(#13990));
#13990 = ORIENTED_EDGE('',*,*,#13991,.T.);
#13991 = EDGE_CURVE('',#13992,#13992,#13994,.T.);
#13992 = VERTEX_POINT('',#13993);
#13993 = CARTESIAN_POINT('',(21.2725,13.8875,0.));
#13994 = CIRCLE('',#13995,0.4);
#13995 = AXIS2_PLACEMENT_3D('',#13996,#13997,#13998);
#13996 = CARTESIAN_POINT('',(21.2725,14.2875,0.));
#13997 = DIRECTION('',(-0.,0.,-1.));
#13998 = DIRECTION('',(-0.,-1.,0.));
#13999 = FACE_BOUND('',#14000,.F.);
#14000 = EDGE_LOOP('',(#14001));
#14001 = ORIENTED_EDGE('',*,*,#14002,.T.);
#14002 = EDGE_CURVE('',#14003,#14003,#14005,.T.);
#14003 = VERTEX_POINT('',#14004);
#14004 = CARTESIAN_POINT('',(32.0675,11.9625,0.));
#14005 = CIRCLE('',#14006,0.4);
#14006 = AXIS2_PLACEMENT_3D('',#14007,#14008,#14009);
#14007 = CARTESIAN_POINT('',(32.0675,12.3625,0.));
#14008 = DIRECTION('',(-0.,0.,-1.));
#14009 = DIRECTION('',(-0.,-1.,0.));
#14010 = PLANE('',#14011);
#14011 = AXIS2_PLACEMENT_3D('',#14012,#14013,#14014);
#14012 = CARTESIAN_POINT('',(0.,0.,0.));
#14013 = DIRECTION('',(0.,0.,1.));
#14014 = DIRECTION('',(1.,0.,-0.));
#14015 = ADVANCED_FACE('',(#14016,#14062,#14073,#14084,#14095,#14106,
    #14117,#14128,#14139,#14150,#14161,#14172,#14183,#14194,#14205,
    #14216,#14227,#14238,#14249,#14260,#14271,#14282,#14293,#14304,
    #14315,#14326,#14337,#14348,#14359,#14370,#14381,#14392,#14403,
    #14414,#14425,#14436,#14447,#14458,#14469,#14480,#14491,#14502,
    #14513,#14524,#14535,#14546,#14557,#14568,#14579,#14590,#14601,
    #14612,#14623,#14634,#14645,#14656,#14667,#14678,#14689,#14700,
    #14711,#14722,#14733,#14744,#14755,#14766,#14777,#14788,#14799,
    #14810,#14821,#14832),#14843,.T.);
#14016 = FACE_BOUND('',#14017,.T.);
#14017 = EDGE_LOOP('',(#14018,#14019,#14020,#14029,#14037,#14046,#14054,
    #14061));
#14018 = ORIENTED_EDGE('',*,*,#13092,.F.);
#14019 = ORIENTED_EDGE('',*,*,#13134,.F.);
#14020 = ORIENTED_EDGE('',*,*,#14021,.F.);
#14021 = EDGE_CURVE('',#14022,#13127,#14024,.T.);
#14022 = VERTEX_POINT('',#14023);
#14023 = CARTESIAN_POINT('',(-33.9725,14.01,1.51));
#14024 = CIRCLE('',#14025,2.499999839417);
#14025 = AXIS2_PLACEMENT_3D('',#14026,#14027,#14028);
#14026 = CARTESIAN_POINT('',(-31.47250016058,14.010000160583,1.51));
#14027 = DIRECTION('',(0.,0.,-1.));
#14028 = DIRECTION('',(-1.,-6.423314772994E-08,-0.));
#14029 = ORIENTED_EDGE('',*,*,#14030,.F.);
#14030 = EDGE_CURVE('',#14031,#14022,#14033,.T.);
#14031 = VERTEX_POINT('',#14032);
#14032 = CARTESIAN_POINT('',(-33.9725,-14.01,1.51));
#14033 = LINE('',#14034,#14035);
#14034 = CARTESIAN_POINT('',(-33.9725,-14.01,1.51));
#14035 = VECTOR('',#14036,1.);
#14036 = DIRECTION('',(0.,1.,0.));
#14037 = ORIENTED_EDGE('',*,*,#14038,.F.);
#14038 = EDGE_CURVE('',#14039,#14031,#14041,.T.);
#14039 = VERTEX_POINT('',#14040);
#14040 = CARTESIAN_POINT('',(-31.4725,-16.51,1.51));
#14041 = CIRCLE('',#14042,2.499999839417);
#14042 = AXIS2_PLACEMENT_3D('',#14043,#14044,#14045);
#14043 = CARTESIAN_POINT('',(-31.47250016058,-14.01000016058,1.51));
#14044 = DIRECTION('',(0.,0.,-1.));
#14045 = DIRECTION('',(6.423314559831E-08,-1.,0.));
#14046 = ORIENTED_EDGE('',*,*,#14047,.F.);
#14047 = EDGE_CURVE('',#14048,#14039,#14050,.T.);
#14048 = VERTEX_POINT('',#14049);
#14049 = CARTESIAN_POINT('',(31.4725,-16.51,1.51));
#14050 = LINE('',#14051,#14052);
#14051 = CARTESIAN_POINT('',(31.4725,-16.51,1.51));
#14052 = VECTOR('',#14053,1.);
#14053 = DIRECTION('',(-1.,0.,0.));
#14054 = ORIENTED_EDGE('',*,*,#14055,.F.);
#14055 = EDGE_CURVE('',#13157,#14048,#14056,.T.);
#14056 = CIRCLE('',#14057,2.499999839417);
#14057 = AXIS2_PLACEMENT_3D('',#14058,#14059,#14060);
#14058 = CARTESIAN_POINT('',(31.472500160583,-14.01000016058,1.51));
#14059 = DIRECTION('',(0.,0.,-1.));
#14060 = DIRECTION('',(1.,6.423314772994E-08,0.));
#14061 = ORIENTED_EDGE('',*,*,#13156,.F.);
#14062 = FACE_BOUND('',#14063,.T.);
#14063 = EDGE_LOOP('',(#14064));
#14064 = ORIENTED_EDGE('',*,*,#14065,.T.);
#14065 = EDGE_CURVE('',#14066,#14066,#14068,.T.);
#14066 = VERTEX_POINT('',#14067);
#14067 = CARTESIAN_POINT('',(-21.2725,-15.3225,1.51));
#14068 = CIRCLE('',#14069,0.4);
#14069 = AXIS2_PLACEMENT_3D('',#14070,#14071,#14072);
#14070 = CARTESIAN_POINT('',(-21.2725,-14.9225,1.51));
#14071 = DIRECTION('',(-0.,0.,-1.));
#14072 = DIRECTION('',(-0.,-1.,0.));
#14073 = FACE_BOUND('',#14074,.T.);
#14074 = EDGE_LOOP('',(#14075));
#14075 = ORIENTED_EDGE('',*,*,#14076,.T.);
#14076 = EDGE_CURVE('',#14077,#14077,#14079,.T.);
#14077 = VERTEX_POINT('',#14078);
#14078 = CARTESIAN_POINT('',(-16.8275,-15.3225,1.51));
#14079 = CIRCLE('',#14080,0.4);
#14080 = AXIS2_PLACEMENT_3D('',#14081,#14082,#14083);
#14081 = CARTESIAN_POINT('',(-16.8275,-14.9225,1.51));
#14082 = DIRECTION('',(-0.,0.,-1.));
#14083 = DIRECTION('',(-0.,-1.,0.));
#14084 = FACE_BOUND('',#14085,.T.);
#14085 = EDGE_LOOP('',(#14086));
#14086 = ORIENTED_EDGE('',*,*,#14087,.T.);
#14087 = EDGE_CURVE('',#14088,#14088,#14090,.T.);
#14088 = VERTEX_POINT('',#14089);
#14089 = CARTESIAN_POINT('',(-11.7475,-15.3225,1.51));
#14090 = CIRCLE('',#14091,0.4);
#14091 = AXIS2_PLACEMENT_3D('',#14092,#14093,#14094);
#14092 = CARTESIAN_POINT('',(-11.7475,-14.9225,1.51));
#14093 = DIRECTION('',(-0.,0.,-1.));
#14094 = DIRECTION('',(-0.,-1.,0.));
#14095 = FACE_BOUND('',#14096,.T.);
#14096 = EDGE_LOOP('',(#14097));
#14097 = ORIENTED_EDGE('',*,*,#14098,.T.);
#14098 = EDGE_CURVE('',#14099,#14099,#14101,.T.);
#14099 = VERTEX_POINT('',#14100);
#14100 = CARTESIAN_POINT('',(-4.1275,-15.3225,1.51));
#14101 = CIRCLE('',#14102,0.4);
#14102 = AXIS2_PLACEMENT_3D('',#14103,#14104,#14105);
#14103 = CARTESIAN_POINT('',(-4.1275,-14.9225,1.51));
#14104 = DIRECTION('',(-0.,0.,-1.));
#14105 = DIRECTION('',(-2.22044604925E-15,-1.,0.));
#14106 = FACE_BOUND('',#14107,.T.);
#14107 = EDGE_LOOP('',(#14108));
#14108 = ORIENTED_EDGE('',*,*,#14109,.T.);
#14109 = EDGE_CURVE('',#14110,#14110,#14112,.T.);
#14110 = VERTEX_POINT('',#14111);
#14111 = CARTESIAN_POINT('',(-0.3175,-15.3225,1.51));
#14112 = CIRCLE('',#14113,0.4);
#14113 = AXIS2_PLACEMENT_3D('',#14114,#14115,#14116);
#14114 = CARTESIAN_POINT('',(-0.3175,-14.9225,1.51));
#14115 = DIRECTION('',(-0.,0.,-1.));
#14116 = DIRECTION('',(-0.,-1.,0.));
#14117 = FACE_BOUND('',#14118,.T.);
#14118 = EDGE_LOOP('',(#14119));
#14119 = ORIENTED_EDGE('',*,*,#14120,.T.);
#14120 = EDGE_CURVE('',#14121,#14121,#14123,.T.);
#14121 = VERTEX_POINT('',#14122);
#14122 = CARTESIAN_POINT('',(-0.3175,-12.8225,1.51));
#14123 = CIRCLE('',#14124,0.4);
#14124 = AXIS2_PLACEMENT_3D('',#14125,#14126,#14127);
#14125 = CARTESIAN_POINT('',(-0.3175,-12.4225,1.51));
#14126 = DIRECTION('',(-0.,0.,-1.));
#14127 = DIRECTION('',(-0.,-1.,0.));
#14128 = FACE_BOUND('',#14129,.T.);
#14129 = EDGE_LOOP('',(#14130));
#14130 = ORIENTED_EDGE('',*,*,#14131,.T.);
#14131 = EDGE_CURVE('',#14132,#14132,#14134,.T.);
#14132 = VERTEX_POINT('',#14133);
#14133 = CARTESIAN_POINT('',(-30.7975,-3.4575,1.51));
#14134 = CIRCLE('',#14135,0.6);
#14135 = AXIS2_PLACEMENT_3D('',#14136,#14137,#14138);
#14136 = CARTESIAN_POINT('',(-30.7975,-2.8575,1.51));
#14137 = DIRECTION('',(-0.,0.,-1.));
#14138 = DIRECTION('',(-0.,-1.,0.));
#14139 = FACE_BOUND('',#14140,.T.);
#14140 = EDGE_LOOP('',(#14141));
#14141 = ORIENTED_EDGE('',*,*,#14142,.T.);
#14142 = EDGE_CURVE('',#14143,#14143,#14145,.T.);
#14143 = VERTEX_POINT('',#14144);
#14144 = CARTESIAN_POINT('',(-30.7975,-0.9175,1.51));
#14145 = CIRCLE('',#14146,0.6);
#14146 = AXIS2_PLACEMENT_3D('',#14147,#14148,#14149);
#14147 = CARTESIAN_POINT('',(-30.7975,-0.3175,1.51));
#14148 = DIRECTION('',(-0.,0.,-1.));
#14149 = DIRECTION('',(-0.,-1.,0.));
#14150 = FACE_BOUND('',#14151,.T.);
#14151 = EDGE_LOOP('',(#14152));
#14152 = ORIENTED_EDGE('',*,*,#14153,.T.);
#14153 = EDGE_CURVE('',#14154,#14154,#14156,.T.);
#14154 = VERTEX_POINT('',#14155);
#14155 = CARTESIAN_POINT('',(-21.2725,-2.6225,1.51));
#14156 = CIRCLE('',#14157,0.4);
#14157 = AXIS2_PLACEMENT_3D('',#14158,#14159,#14160);
#14158 = CARTESIAN_POINT('',(-21.2725,-2.2225,1.51));
#14159 = DIRECTION('',(-0.,0.,-1.));
#14160 = DIRECTION('',(-0.,-1.,0.));
#14161 = FACE_BOUND('',#14162,.T.);
#14162 = EDGE_LOOP('',(#14163));
#14163 = ORIENTED_EDGE('',*,*,#14164,.T.);
#14164 = EDGE_CURVE('',#14165,#14165,#14167,.T.);
#14165 = VERTEX_POINT('',#14166);
#14166 = CARTESIAN_POINT('',(-16.8275,-2.6225,1.51));
#14167 = CIRCLE('',#14168,0.4);
#14168 = AXIS2_PLACEMENT_3D('',#14169,#14170,#14171);
#14169 = CARTESIAN_POINT('',(-16.8275,-2.2225,1.51));
#14170 = DIRECTION('',(-0.,0.,-1.));
#14171 = DIRECTION('',(-0.,-1.,0.));
#14172 = FACE_BOUND('',#14173,.T.);
#14173 = EDGE_LOOP('',(#14174));
#14174 = ORIENTED_EDGE('',*,*,#14175,.T.);
#14175 = EDGE_CURVE('',#14176,#14176,#14178,.T.);
#14176 = VERTEX_POINT('',#14177);
#14177 = CARTESIAN_POINT('',(-11.7475,-2.6225,1.51));
#14178 = CIRCLE('',#14179,0.4);
#14179 = AXIS2_PLACEMENT_3D('',#14180,#14181,#14182);
#14180 = CARTESIAN_POINT('',(-11.7475,-2.2225,1.51));
#14181 = DIRECTION('',(-0.,0.,-1.));
#14182 = DIRECTION('',(-0.,-1.,0.));
#14183 = FACE_BOUND('',#14184,.T.);
#14184 = EDGE_LOOP('',(#14185));
#14185 = ORIENTED_EDGE('',*,*,#14186,.T.);
#14186 = EDGE_CURVE('',#14187,#14187,#14189,.T.);
#14187 = VERTEX_POINT('',#14188);
#14188 = CARTESIAN_POINT('',(-4.1275,-2.6225,1.51));
#14189 = CIRCLE('',#14190,0.4);
#14190 = AXIS2_PLACEMENT_3D('',#14191,#14192,#14193);
#14191 = CARTESIAN_POINT('',(-4.1275,-2.2225,1.51));
#14192 = DIRECTION('',(-0.,0.,-1.));
#14193 = DIRECTION('',(-2.22044604925E-15,-1.,0.));
#14194 = FACE_BOUND('',#14195,.T.);
#14195 = EDGE_LOOP('',(#14196));
#14196 = ORIENTED_EDGE('',*,*,#14197,.T.);
#14197 = EDGE_CURVE('',#14198,#14198,#14200,.T.);
#14198 = VERTEX_POINT('',#14199);
#14199 = CARTESIAN_POINT('',(6.0325,-15.3225,1.51));
#14200 = CIRCLE('',#14201,0.4);
#14201 = AXIS2_PLACEMENT_3D('',#14202,#14203,#14204);
#14202 = CARTESIAN_POINT('',(6.0325,-14.9225,1.51));
#14203 = DIRECTION('',(-0.,0.,-1.));
#14204 = DIRECTION('',(-2.22044604925E-15,-1.,0.));
#14205 = FACE_BOUND('',#14206,.T.);
#14206 = EDGE_LOOP('',(#14207));
#14207 = ORIENTED_EDGE('',*,*,#14208,.T.);
#14208 = EDGE_CURVE('',#14209,#14209,#14211,.T.);
#14209 = VERTEX_POINT('',#14210);
#14210 = CARTESIAN_POINT('',(9.8425,-13.4175,1.51));
#14211 = CIRCLE('',#14212,0.4);
#14212 = AXIS2_PLACEMENT_3D('',#14213,#14214,#14215);
#14213 = CARTESIAN_POINT('',(9.8425,-13.0175,1.51));
#14214 = DIRECTION('',(-0.,0.,-1.));
#14215 = DIRECTION('',(-4.440892098501E-15,-1.,0.));
#14216 = FACE_BOUND('',#14217,.T.);
#14217 = EDGE_LOOP('',(#14218));
#14218 = ORIENTED_EDGE('',*,*,#14219,.T.);
#14219 = EDGE_CURVE('',#14220,#14220,#14222,.T.);
#14220 = VERTEX_POINT('',#14221);
#14221 = CARTESIAN_POINT('',(12.3825,-13.4175,1.51));
#14222 = CIRCLE('',#14223,0.4);
#14223 = AXIS2_PLACEMENT_3D('',#14224,#14225,#14226);
#14224 = CARTESIAN_POINT('',(12.3825,-13.0175,1.51));
#14225 = DIRECTION('',(-0.,0.,-1.));
#14226 = DIRECTION('',(-0.,-1.,0.));
#14227 = FACE_BOUND('',#14228,.T.);
#14228 = EDGE_LOOP('',(#14229));
#14229 = ORIENTED_EDGE('',*,*,#14230,.T.);
#14230 = EDGE_CURVE('',#14231,#14231,#14233,.T.);
#14231 = VERTEX_POINT('',#14232);
#14232 = CARTESIAN_POINT('',(14.9225,-13.4175,1.51));
#14233 = CIRCLE('',#14234,0.4);
#14234 = AXIS2_PLACEMENT_3D('',#14235,#14236,#14237);
#14235 = CARTESIAN_POINT('',(14.9225,-13.0175,1.51));
#14236 = DIRECTION('',(-0.,0.,-1.));
#14237 = DIRECTION('',(-0.,-1.,0.));
#14238 = FACE_BOUND('',#14239,.T.);
#14239 = EDGE_LOOP('',(#14240));
#14240 = ORIENTED_EDGE('',*,*,#14241,.T.);
#14241 = EDGE_CURVE('',#14242,#14242,#14244,.T.);
#14242 = VERTEX_POINT('',#14243);
#14243 = CARTESIAN_POINT('',(21.2725,-15.3225,1.51));
#14244 = CIRCLE('',#14245,0.4);
#14245 = AXIS2_PLACEMENT_3D('',#14246,#14247,#14248);
#14246 = CARTESIAN_POINT('',(21.2725,-14.9225,1.51));
#14247 = DIRECTION('',(-0.,0.,-1.));
#14248 = DIRECTION('',(-0.,-1.,0.));
#14249 = FACE_BOUND('',#14250,.T.);
#14250 = EDGE_LOOP('',(#14251));
#14251 = ORIENTED_EDGE('',*,*,#14252,.T.);
#14252 = EDGE_CURVE('',#14253,#14253,#14255,.T.);
#14253 = VERTEX_POINT('',#14254);
#14254 = CARTESIAN_POINT('',(24.4475,-15.3225,1.51));
#14255 = CIRCLE('',#14256,0.4);
#14256 = AXIS2_PLACEMENT_3D('',#14257,#14258,#14259);
#14257 = CARTESIAN_POINT('',(24.4475,-14.9225,1.51));
#14258 = DIRECTION('',(-0.,0.,-1.));
#14259 = DIRECTION('',(8.881784197001E-15,-1.,-0.));
#14260 = FACE_BOUND('',#14261,.T.);
#14261 = EDGE_LOOP('',(#14262));
#14262 = ORIENTED_EDGE('',*,*,#14263,.T.);
#14263 = EDGE_CURVE('',#14264,#14264,#14266,.T.);
#14264 = VERTEX_POINT('',#14265);
#14265 = CARTESIAN_POINT('',(17.4625,-13.4175,1.51));
#14266 = CIRCLE('',#14267,0.4);
#14267 = AXIS2_PLACEMENT_3D('',#14268,#14269,#14270);
#14268 = CARTESIAN_POINT('',(17.4625,-13.0175,1.51));
#14269 = DIRECTION('',(-0.,0.,-1.));
#14270 = DIRECTION('',(-0.,-1.,0.));
#14271 = FACE_BOUND('',#14272,.T.);
#14272 = EDGE_LOOP('',(#14273));
#14273 = ORIENTED_EDGE('',*,*,#14274,.T.);
#14274 = EDGE_CURVE('',#14275,#14275,#14277,.T.);
#14275 = VERTEX_POINT('',#14276);
#14276 = CARTESIAN_POINT('',(24.4475,-12.8225,1.51));
#14277 = CIRCLE('',#14278,0.4);
#14278 = AXIS2_PLACEMENT_3D('',#14279,#14280,#14281);
#14279 = CARTESIAN_POINT('',(24.4475,-12.4225,1.51));
#14280 = DIRECTION('',(-0.,0.,-1.));
#14281 = DIRECTION('',(8.881784197001E-15,-1.,-0.));
#14282 = FACE_BOUND('',#14283,.T.);
#14283 = EDGE_LOOP('',(#14284));
#14284 = ORIENTED_EDGE('',*,*,#14285,.T.);
#14285 = EDGE_CURVE('',#14286,#14286,#14288,.T.);
#14286 = VERTEX_POINT('',#14287);
#14287 = CARTESIAN_POINT('',(29.4005,-12.9665,1.51));
#14288 = CIRCLE('',#14289,1.6);
#14289 = AXIS2_PLACEMENT_3D('',#14290,#14291,#14292);
#14290 = CARTESIAN_POINT('',(29.4005,-11.3665,1.51));
#14291 = DIRECTION('',(-0.,0.,-1.));
#14292 = DIRECTION('',(-0.,-1.,0.));
#14293 = FACE_BOUND('',#14294,.T.);
#14294 = EDGE_LOOP('',(#14295));
#14295 = ORIENTED_EDGE('',*,*,#14296,.T.);
#14296 = EDGE_CURVE('',#14297,#14297,#14299,.T.);
#14297 = VERTEX_POINT('',#14298);
#14298 = CARTESIAN_POINT('',(9.8425,-5.7975,1.51));
#14299 = CIRCLE('',#14300,0.4);
#14300 = AXIS2_PLACEMENT_3D('',#14301,#14302,#14303);
#14301 = CARTESIAN_POINT('',(9.8425,-5.3975,1.51));
#14302 = DIRECTION('',(-0.,0.,-1.));
#14303 = DIRECTION('',(-4.440892098501E-15,-1.,0.));
#14304 = FACE_BOUND('',#14305,.T.);
#14305 = EDGE_LOOP('',(#14306));
#14306 = ORIENTED_EDGE('',*,*,#14307,.T.);
#14307 = EDGE_CURVE('',#14308,#14308,#14310,.T.);
#14308 = VERTEX_POINT('',#14309);
#14309 = CARTESIAN_POINT('',(12.3825,-5.7975,1.51));
#14310 = CIRCLE('',#14311,0.4);
#14311 = AXIS2_PLACEMENT_3D('',#14312,#14313,#14314);
#14312 = CARTESIAN_POINT('',(12.3825,-5.3975,1.51));
#14313 = DIRECTION('',(-0.,0.,-1.));
#14314 = DIRECTION('',(-0.,-1.,0.));
#14315 = FACE_BOUND('',#14316,.T.);
#14316 = EDGE_LOOP('',(#14317));
#14317 = ORIENTED_EDGE('',*,*,#14318,.T.);
#14318 = EDGE_CURVE('',#14319,#14319,#14321,.T.);
#14319 = VERTEX_POINT('',#14320);
#14320 = CARTESIAN_POINT('',(14.9225,-5.7975,1.51));
#14321 = CIRCLE('',#14322,0.4);
#14322 = AXIS2_PLACEMENT_3D('',#14323,#14324,#14325);
#14323 = CARTESIAN_POINT('',(14.9225,-5.3975,1.51));
#14324 = DIRECTION('',(-0.,0.,-1.));
#14325 = DIRECTION('',(-0.,-1.,0.));
#14326 = FACE_BOUND('',#14327,.T.);
#14327 = EDGE_LOOP('',(#14328));
#14328 = ORIENTED_EDGE('',*,*,#14329,.T.);
#14329 = EDGE_CURVE('',#14330,#14330,#14332,.T.);
#14330 = VERTEX_POINT('',#14331);
#14331 = CARTESIAN_POINT('',(6.0325,-2.6225,1.51));
#14332 = CIRCLE('',#14333,0.4);
#14333 = AXIS2_PLACEMENT_3D('',#14334,#14335,#14336);
#14334 = CARTESIAN_POINT('',(6.0325,-2.2225,1.51));
#14335 = DIRECTION('',(-0.,0.,-1.));
#14336 = DIRECTION('',(-2.22044604925E-15,-1.,0.));
#14337 = FACE_BOUND('',#14338,.T.);
#14338 = EDGE_LOOP('',(#14339));
#14339 = ORIENTED_EDGE('',*,*,#14340,.T.);
#14340 = EDGE_CURVE('',#14341,#14341,#14343,.T.);
#14341 = VERTEX_POINT('',#14342);
#14342 = CARTESIAN_POINT('',(9.8425,-2.6225,1.51));
#14343 = CIRCLE('',#14344,0.4);
#14344 = AXIS2_PLACEMENT_3D('',#14345,#14346,#14347);
#14345 = CARTESIAN_POINT('',(9.8425,-2.2225,1.51));
#14346 = DIRECTION('',(-0.,0.,-1.));
#14347 = DIRECTION('',(-4.440892098501E-15,-1.,0.));
#14348 = FACE_BOUND('',#14349,.T.);
#14349 = EDGE_LOOP('',(#14350));
#14350 = ORIENTED_EDGE('',*,*,#14351,.T.);
#14351 = EDGE_CURVE('',#14352,#14352,#14354,.T.);
#14352 = VERTEX_POINT('',#14353);
#14353 = CARTESIAN_POINT('',(12.3425,-2.6225,1.51));
#14354 = CIRCLE('',#14355,0.4);
#14355 = AXIS2_PLACEMENT_3D('',#14356,#14357,#14358);
#14356 = CARTESIAN_POINT('',(12.3425,-2.2225,1.51));
#14357 = DIRECTION('',(-0.,0.,-1.));
#14358 = DIRECTION('',(-4.440892098501E-15,-1.,0.));
#14359 = FACE_BOUND('',#14360,.T.);
#14360 = EDGE_LOOP('',(#14361));
#14361 = ORIENTED_EDGE('',*,*,#14362,.T.);
#14362 = EDGE_CURVE('',#14363,#14363,#14365,.T.);
#14363 = VERTEX_POINT('',#14364);
#14364 = CARTESIAN_POINT('',(17.4625,-5.7975,1.51));
#14365 = CIRCLE('',#14366,0.4);
#14366 = AXIS2_PLACEMENT_3D('',#14367,#14368,#14369);
#14367 = CARTESIAN_POINT('',(17.4625,-5.3975,1.51));
#14368 = DIRECTION('',(-0.,0.,-1.));
#14369 = DIRECTION('',(-0.,-1.,0.));
#14370 = FACE_BOUND('',#14371,.T.);
#14371 = EDGE_LOOP('',(#14372));
#14372 = ORIENTED_EDGE('',*,*,#14373,.T.);
#14373 = EDGE_CURVE('',#14374,#14374,#14376,.T.);
#14374 = VERTEX_POINT('',#14375);
#14375 = CARTESIAN_POINT('',(21.2725,-2.6225,1.51));
#14376 = CIRCLE('',#14377,0.4);
#14377 = AXIS2_PLACEMENT_3D('',#14378,#14379,#14380);
#14378 = CARTESIAN_POINT('',(21.2725,-2.2225,1.51));
#14379 = DIRECTION('',(-0.,0.,-1.));
#14380 = DIRECTION('',(-0.,-1.,0.));
#14381 = FACE_BOUND('',#14382,.T.);
#14382 = EDGE_LOOP('',(#14383));
#14383 = ORIENTED_EDGE('',*,*,#14384,.T.);
#14384 = EDGE_CURVE('',#14385,#14385,#14387,.T.);
#14385 = VERTEX_POINT('',#14386);
#14386 = CARTESIAN_POINT('',(26.3525,-4.5425,1.51));
#14387 = CIRCLE('',#14388,0.475);
#14388 = AXIS2_PLACEMENT_3D('',#14389,#14390,#14391);
#14389 = CARTESIAN_POINT('',(26.3525,-4.0675,1.51));
#14390 = DIRECTION('',(-0.,0.,-1.));
#14391 = DIRECTION('',(-0.,-1.,0.));
#14392 = FACE_BOUND('',#14393,.T.);
#14393 = EDGE_LOOP('',(#14394));
#14394 = ORIENTED_EDGE('',*,*,#14395,.T.);
#14395 = EDGE_CURVE('',#14396,#14396,#14398,.T.);
#14396 = VERTEX_POINT('',#14397);
#14397 = CARTESIAN_POINT('',(26.3525,-2.0425,1.51));
#14398 = CIRCLE('',#14399,0.475);
#14399 = AXIS2_PLACEMENT_3D('',#14400,#14401,#14402);
#14400 = CARTESIAN_POINT('',(26.3525,-1.5675,1.51));
#14401 = DIRECTION('',(-0.,0.,-1.));
#14402 = DIRECTION('',(-0.,-1.,0.));
#14403 = FACE_BOUND('',#14404,.T.);
#14404 = EDGE_LOOP('',(#14405));
#14405 = ORIENTED_EDGE('',*,*,#14406,.T.);
#14406 = EDGE_CURVE('',#14407,#14407,#14409,.T.);
#14407 = VERTEX_POINT('',#14408);
#14408 = CARTESIAN_POINT('',(-30.7975,1.6225,1.51));
#14409 = CIRCLE('',#14410,0.6);
#14410 = AXIS2_PLACEMENT_3D('',#14411,#14412,#14413);
#14411 = CARTESIAN_POINT('',(-30.7975,2.2225,1.51));
#14412 = DIRECTION('',(-0.,0.,-1.));
#14413 = DIRECTION('',(-0.,-1.,0.));
#14414 = FACE_BOUND('',#14415,.T.);
#14415 = EDGE_LOOP('',(#14416));
#14416 = ORIENTED_EDGE('',*,*,#14417,.T.);
#14417 = EDGE_CURVE('',#14418,#14418,#14420,.T.);
#14418 = VERTEX_POINT('',#14419);
#14419 = CARTESIAN_POINT('',(-23.1775,3.0925,1.51));
#14420 = CIRCLE('',#14421,0.4);
#14421 = AXIS2_PLACEMENT_3D('',#14422,#14423,#14424);
#14422 = CARTESIAN_POINT('',(-23.1775,3.4925,1.51));
#14423 = DIRECTION('',(-0.,0.,-1.));
#14424 = DIRECTION('',(8.881784197001E-15,-1.,-0.));
#14425 = FACE_BOUND('',#14426,.T.);
#14426 = EDGE_LOOP('',(#14427));
#14427 = ORIENTED_EDGE('',*,*,#14428,.T.);
#14428 = EDGE_CURVE('',#14429,#14429,#14431,.T.);
#14429 = VERTEX_POINT('',#14430);
#14430 = CARTESIAN_POINT('',(-15.5575,3.0925,1.51));
#14431 = CIRCLE('',#14432,0.4);
#14432 = AXIS2_PLACEMENT_3D('',#14433,#14434,#14435);
#14433 = CARTESIAN_POINT('',(-15.5575,3.4925,1.51));
#14434 = DIRECTION('',(-0.,0.,-1.));
#14435 = DIRECTION('',(4.440892098501E-15,-1.,-0.));
#14436 = FACE_BOUND('',#14437,.T.);
#14437 = EDGE_LOOP('',(#14438));
#14438 = ORIENTED_EDGE('',*,*,#14439,.T.);
#14439 = EDGE_CURVE('',#14440,#14440,#14442,.T.);
#14440 = VERTEX_POINT('',#14441);
#14441 = CARTESIAN_POINT('',(-23.1775,5.6325,1.51));
#14442 = CIRCLE('',#14443,0.4);
#14443 = AXIS2_PLACEMENT_3D('',#14444,#14445,#14446);
#14444 = CARTESIAN_POINT('',(-23.1775,6.0325,1.51));
#14445 = DIRECTION('',(-0.,0.,-1.));
#14446 = DIRECTION('',(8.881784197001E-15,-1.,-0.));
#14447 = FACE_BOUND('',#14448,.T.);
#14448 = EDGE_LOOP('',(#14449));
#14449 = ORIENTED_EDGE('',*,*,#14450,.T.);
#14450 = EDGE_CURVE('',#14451,#14451,#14453,.T.);
#14451 = VERTEX_POINT('',#14452);
#14452 = CARTESIAN_POINT('',(-15.5575,5.6325,1.51));
#14453 = CIRCLE('',#14454,0.4);
#14454 = AXIS2_PLACEMENT_3D('',#14455,#14456,#14457);
#14455 = CARTESIAN_POINT('',(-15.5575,6.0325,1.51));
#14456 = DIRECTION('',(-0.,0.,-1.));
#14457 = DIRECTION('',(4.440892098501E-15,-1.,-0.));
#14458 = FACE_BOUND('',#14459,.T.);
#14459 = EDGE_LOOP('',(#14460));
#14460 = ORIENTED_EDGE('',*,*,#14461,.T.);
#14461 = EDGE_CURVE('',#14462,#14462,#14464,.T.);
#14462 = VERTEX_POINT('',#14463);
#14463 = CARTESIAN_POINT('',(-11.7475,1.1875,1.51));
#14464 = CIRCLE('',#14465,0.4);
#14465 = AXIS2_PLACEMENT_3D('',#14466,#14467,#14468);
#14466 = CARTESIAN_POINT('',(-11.7475,1.5875,1.51));
#14467 = DIRECTION('',(-0.,0.,-1.));
#14468 = DIRECTION('',(-0.,-1.,0.));
#14469 = FACE_BOUND('',#14470,.T.);
#14470 = EDGE_LOOP('',(#14471));
#14471 = ORIENTED_EDGE('',*,*,#14472,.T.);
#14472 = EDGE_CURVE('',#14473,#14473,#14475,.T.);
#14473 = VERTEX_POINT('',#14474);
#14474 = CARTESIAN_POINT('',(-4.1275,1.1875,1.51));
#14475 = CIRCLE('',#14476,0.4);
#14476 = AXIS2_PLACEMENT_3D('',#14477,#14478,#14479);
#14477 = CARTESIAN_POINT('',(-4.1275,1.5875,1.51));
#14478 = DIRECTION('',(-0.,0.,-1.));
#14479 = DIRECTION('',(-2.22044604925E-15,-1.,0.));
#14480 = FACE_BOUND('',#14481,.T.);
#14481 = EDGE_LOOP('',(#14482));
#14482 = ORIENTED_EDGE('',*,*,#14483,.T.);
#14483 = EDGE_CURVE('',#14484,#14484,#14486,.T.);
#14484 = VERTEX_POINT('',#14485);
#14485 = CARTESIAN_POINT('',(-0.3175,1.1875,1.51));
#14486 = CIRCLE('',#14487,0.4);
#14487 = AXIS2_PLACEMENT_3D('',#14488,#14489,#14490);
#14488 = CARTESIAN_POINT('',(-0.3175,1.5875,1.51));
#14489 = DIRECTION('',(-0.,0.,-1.));
#14490 = DIRECTION('',(-0.,-1.,0.));
#14491 = FACE_BOUND('',#14492,.T.);
#14492 = EDGE_LOOP('',(#14493));
#14493 = ORIENTED_EDGE('',*,*,#14494,.T.);
#14494 = EDGE_CURVE('',#14495,#14495,#14497,.T.);
#14495 = VERTEX_POINT('',#14496);
#14496 = CARTESIAN_POINT('',(-0.3175,3.6875,1.51));
#14497 = CIRCLE('',#14498,0.4);
#14498 = AXIS2_PLACEMENT_3D('',#14499,#14500,#14501);
#14499 = CARTESIAN_POINT('',(-0.3175,4.0875,1.51));
#14500 = DIRECTION('',(-0.,0.,-1.));
#14501 = DIRECTION('',(-0.,-1.,0.));
#14502 = FACE_BOUND('',#14503,.T.);
#14503 = EDGE_LOOP('',(#14504));
#14504 = ORIENTED_EDGE('',*,*,#14505,.T.);
#14505 = EDGE_CURVE('',#14506,#14506,#14508,.T.);
#14506 = VERTEX_POINT('',#14507);
#14507 = CARTESIAN_POINT('',(-23.1775,8.1725,1.51));
#14508 = CIRCLE('',#14509,0.4);
#14509 = AXIS2_PLACEMENT_3D('',#14510,#14511,#14512);
#14510 = CARTESIAN_POINT('',(-23.1775,8.5725,1.51));
#14511 = DIRECTION('',(-0.,0.,-1.));
#14512 = DIRECTION('',(8.881784197001E-15,-1.,-0.));
#14513 = FACE_BOUND('',#14514,.T.);
#14514 = EDGE_LOOP('',(#14515));
#14515 = ORIENTED_EDGE('',*,*,#14516,.T.);
#14516 = EDGE_CURVE('',#14517,#14517,#14519,.T.);
#14517 = VERTEX_POINT('',#14518);
#14518 = CARTESIAN_POINT('',(-15.5575,8.1725,1.51));
#14519 = CIRCLE('',#14520,0.4);
#14520 = AXIS2_PLACEMENT_3D('',#14521,#14522,#14523);
#14521 = CARTESIAN_POINT('',(-15.5575,8.5725,1.51));
#14522 = DIRECTION('',(-0.,0.,-1.));
#14523 = DIRECTION('',(4.440892098501E-15,-1.,-0.));
#14524 = FACE_BOUND('',#14525,.T.);
#14525 = EDGE_LOOP('',(#14526));
#14526 = ORIENTED_EDGE('',*,*,#14527,.T.);
#14527 = EDGE_CURVE('',#14528,#14528,#14530,.T.);
#14528 = VERTEX_POINT('',#14529);
#14529 = CARTESIAN_POINT('',(-29.2735,9.5125,1.51));
#14530 = CIRCLE('',#14531,1.6);
#14531 = AXIS2_PLACEMENT_3D('',#14532,#14533,#14534);
#14532 = CARTESIAN_POINT('',(-29.2735,11.1125,1.51));
#14533 = DIRECTION('',(-0.,0.,-1.));
#14534 = DIRECTION('',(-0.,-1.,0.));
#14535 = FACE_BOUND('',#14536,.T.);
#14536 = EDGE_LOOP('',(#14537));
#14537 = ORIENTED_EDGE('',*,*,#14538,.T.);
#14538 = EDGE_CURVE('',#14539,#14539,#14541,.T.);
#14539 = VERTEX_POINT('',#14540);
#14540 = CARTESIAN_POINT('',(-25.0825,13.8875,1.51));
#14541 = CIRCLE('',#14542,0.4);
#14542 = AXIS2_PLACEMENT_3D('',#14543,#14544,#14545);
#14543 = CARTESIAN_POINT('',(-25.0825,14.2875,1.51));
#14544 = DIRECTION('',(-0.,0.,-1.));
#14545 = DIRECTION('',(8.881784197001E-15,-1.,-0.));
#14546 = FACE_BOUND('',#14547,.T.);
#14547 = EDGE_LOOP('',(#14548));
#14548 = ORIENTED_EDGE('',*,*,#14549,.T.);
#14549 = EDGE_CURVE('',#14550,#14550,#14552,.T.);
#14550 = VERTEX_POINT('',#14551);
#14551 = CARTESIAN_POINT('',(-23.1775,10.7125,1.51));
#14552 = CIRCLE('',#14553,0.4);
#14553 = AXIS2_PLACEMENT_3D('',#14554,#14555,#14556);
#14554 = CARTESIAN_POINT('',(-23.1775,11.1125,1.51));
#14555 = DIRECTION('',(-0.,0.,-1.));
#14556 = DIRECTION('',(8.881784197001E-15,-1.,-0.));
#14557 = FACE_BOUND('',#14558,.T.);
#14558 = EDGE_LOOP('',(#14559));
#14559 = ORIENTED_EDGE('',*,*,#14560,.T.);
#14560 = EDGE_CURVE('',#14561,#14561,#14563,.T.);
#14561 = VERTEX_POINT('',#14562);
#14562 = CARTESIAN_POINT('',(-15.5575,10.7125,1.51));
#14563 = CIRCLE('',#14564,0.4);
#14564 = AXIS2_PLACEMENT_3D('',#14565,#14566,#14567);
#14565 = CARTESIAN_POINT('',(-15.5575,11.1125,1.51));
#14566 = DIRECTION('',(-0.,0.,-1.));
#14567 = DIRECTION('',(4.440892098501E-15,-1.,-0.));
#14568 = FACE_BOUND('',#14569,.T.);
#14569 = EDGE_LOOP('',(#14570));
#14570 = ORIENTED_EDGE('',*,*,#14571,.T.);
#14571 = EDGE_CURVE('',#14572,#14572,#14574,.T.);
#14572 = VERTEX_POINT('',#14573);
#14573 = CARTESIAN_POINT('',(-22.5825,13.8875,1.51));
#14574 = CIRCLE('',#14575,0.4);
#14575 = AXIS2_PLACEMENT_3D('',#14576,#14577,#14578);
#14576 = CARTESIAN_POINT('',(-22.5825,14.2875,1.51));
#14577 = DIRECTION('',(-0.,0.,-1.));
#14578 = DIRECTION('',(8.881784197001E-15,-1.,-0.));
#14579 = FACE_BOUND('',#14580,.T.);
#14580 = EDGE_LOOP('',(#14581));
#14581 = ORIENTED_EDGE('',*,*,#14582,.T.);
#14582 = EDGE_CURVE('',#14583,#14583,#14585,.T.);
#14583 = VERTEX_POINT('',#14584);
#14584 = CARTESIAN_POINT('',(-18.0575,13.8875,1.51));
#14585 = CIRCLE('',#14586,0.4);
#14586 = AXIS2_PLACEMENT_3D('',#14587,#14588,#14589);
#14587 = CARTESIAN_POINT('',(-18.0575,14.2875,1.51));
#14588 = DIRECTION('',(-0.,0.,-1.));
#14589 = DIRECTION('',(-8.881784197001E-15,-1.,0.));
#14590 = FACE_BOUND('',#14591,.T.);
#14591 = EDGE_LOOP('',(#14592));
#14592 = ORIENTED_EDGE('',*,*,#14593,.T.);
#14593 = EDGE_CURVE('',#14594,#14594,#14596,.T.);
#14594 = VERTEX_POINT('',#14595);
#14595 = CARTESIAN_POINT('',(-15.5575,13.8875,1.51));
#14596 = CIRCLE('',#14597,0.4);
#14597 = AXIS2_PLACEMENT_3D('',#14598,#14599,#14600);
#14598 = CARTESIAN_POINT('',(-15.5575,14.2875,1.51));
#14599 = DIRECTION('',(-0.,0.,-1.));
#14600 = DIRECTION('',(4.440892098501E-15,-1.,-0.));
#14601 = FACE_BOUND('',#14602,.T.);
#14602 = EDGE_LOOP('',(#14603));
#14603 = ORIENTED_EDGE('',*,*,#14604,.T.);
#14604 = EDGE_CURVE('',#14605,#14605,#14607,.T.);
#14605 = VERTEX_POINT('',#14606);
#14606 = CARTESIAN_POINT('',(-11.7475,13.8875,1.51));
#14607 = CIRCLE('',#14608,0.4);
#14608 = AXIS2_PLACEMENT_3D('',#14609,#14610,#14611);
#14609 = CARTESIAN_POINT('',(-11.7475,14.2875,1.51));
#14610 = DIRECTION('',(-0.,0.,-1.));
#14611 = DIRECTION('',(-0.,-1.,0.));
#14612 = FACE_BOUND('',#14613,.T.);
#14613 = EDGE_LOOP('',(#14614));
#14614 = ORIENTED_EDGE('',*,*,#14615,.T.);
#14615 = EDGE_CURVE('',#14616,#14616,#14618,.T.);
#14616 = VERTEX_POINT('',#14617);
#14617 = CARTESIAN_POINT('',(-4.1275,13.8875,1.51));
#14618 = CIRCLE('',#14619,0.4);
#14619 = AXIS2_PLACEMENT_3D('',#14620,#14621,#14622);
#14620 = CARTESIAN_POINT('',(-4.1275,14.2875,1.51));
#14621 = DIRECTION('',(-0.,0.,-1.));
#14622 = DIRECTION('',(-2.22044604925E-15,-1.,0.));
#14623 = FACE_BOUND('',#14624,.T.);
#14624 = EDGE_LOOP('',(#14625));
#14625 = ORIENTED_EDGE('',*,*,#14626,.T.);
#14626 = EDGE_CURVE('',#14627,#14627,#14629,.T.);
#14627 = VERTEX_POINT('',#14628);
#14628 = CARTESIAN_POINT('',(6.0325,1.1875,1.51));
#14629 = CIRCLE('',#14630,0.4);
#14630 = AXIS2_PLACEMENT_3D('',#14631,#14632,#14633);
#14631 = CARTESIAN_POINT('',(6.0325,1.5875,1.51));
#14632 = DIRECTION('',(-0.,0.,-1.));
#14633 = DIRECTION('',(-2.22044604925E-15,-1.,0.));
#14634 = FACE_BOUND('',#14635,.T.);
#14635 = EDGE_LOOP('',(#14636));
#14636 = ORIENTED_EDGE('',*,*,#14637,.T.);
#14637 = EDGE_CURVE('',#14638,#14638,#14640,.T.);
#14638 = VERTEX_POINT('',#14639);
#14639 = CARTESIAN_POINT('',(9.8425,3.0925,1.51));
#14640 = CIRCLE('',#14641,0.4);
#14641 = AXIS2_PLACEMENT_3D('',#14642,#14643,#14644);
#14642 = CARTESIAN_POINT('',(9.8425,3.4925,1.51));
#14643 = DIRECTION('',(-0.,0.,-1.));
#14644 = DIRECTION('',(-4.440892098501E-15,-1.,0.));
#14645 = FACE_BOUND('',#14646,.T.);
#14646 = EDGE_LOOP('',(#14647));
#14647 = ORIENTED_EDGE('',*,*,#14648,.T.);
#14648 = EDGE_CURVE('',#14649,#14649,#14651,.T.);
#14649 = VERTEX_POINT('',#14650);
#14650 = CARTESIAN_POINT('',(12.3825,3.0925,1.51));
#14651 = CIRCLE('',#14652,0.4);
#14652 = AXIS2_PLACEMENT_3D('',#14653,#14654,#14655);
#14653 = CARTESIAN_POINT('',(12.3825,3.4925,1.51));
#14654 = DIRECTION('',(-0.,0.,-1.));
#14655 = DIRECTION('',(-0.,-1.,0.));
#14656 = FACE_BOUND('',#14657,.T.);
#14657 = EDGE_LOOP('',(#14658));
#14658 = ORIENTED_EDGE('',*,*,#14659,.T.);
#14659 = EDGE_CURVE('',#14660,#14660,#14662,.T.);
#14660 = VERTEX_POINT('',#14661);
#14661 = CARTESIAN_POINT('',(14.9225,3.0925,1.51));
#14662 = CIRCLE('',#14663,0.4);
#14663 = AXIS2_PLACEMENT_3D('',#14664,#14665,#14666);
#14664 = CARTESIAN_POINT('',(14.9225,3.4925,1.51));
#14665 = DIRECTION('',(-0.,0.,-1.));
#14666 = DIRECTION('',(-0.,-1.,0.));
#14667 = FACE_BOUND('',#14668,.T.);
#14668 = EDGE_LOOP('',(#14669));
#14669 = ORIENTED_EDGE('',*,*,#14670,.T.);
#14670 = EDGE_CURVE('',#14671,#14671,#14673,.T.);
#14671 = VERTEX_POINT('',#14672);
#14672 = CARTESIAN_POINT('',(21.2725,1.1875,1.51));
#14673 = CIRCLE('',#14674,0.4);
#14674 = AXIS2_PLACEMENT_3D('',#14675,#14676,#14677);
#14675 = CARTESIAN_POINT('',(21.2725,1.5875,1.51));
#14676 = DIRECTION('',(-0.,0.,-1.));
#14677 = DIRECTION('',(-0.,-1.,0.));
#14678 = FACE_BOUND('',#14679,.T.);
#14679 = EDGE_LOOP('',(#14680));
#14680 = ORIENTED_EDGE('',*,*,#14681,.T.);
#14681 = EDGE_CURVE('',#14682,#14682,#14684,.T.);
#14682 = VERTEX_POINT('',#14683);
#14683 = CARTESIAN_POINT('',(26.3525,0.4575,1.51));
#14684 = CIRCLE('',#14685,0.475);
#14685 = AXIS2_PLACEMENT_3D('',#14686,#14687,#14688);
#14686 = CARTESIAN_POINT('',(26.3525,0.9325,1.51));
#14687 = DIRECTION('',(-0.,0.,-1.));
#14688 = DIRECTION('',(-0.,-1.,0.));
#14689 = FACE_BOUND('',#14690,.T.);
#14690 = EDGE_LOOP('',(#14691));
#14691 = ORIENTED_EDGE('',*,*,#14692,.T.);
#14692 = EDGE_CURVE('',#14693,#14693,#14695,.T.);
#14693 = VERTEX_POINT('',#14694);
#14694 = CARTESIAN_POINT('',(26.3525,2.9575,1.51));
#14695 = CIRCLE('',#14696,0.475);
#14696 = AXIS2_PLACEMENT_3D('',#14697,#14698,#14699);
#14697 = CARTESIAN_POINT('',(26.3525,3.4325,1.51));
#14698 = DIRECTION('',(-0.,0.,-1.));
#14699 = DIRECTION('',(-0.,-1.,0.));
#14700 = FACE_BOUND('',#14701,.T.);
#14701 = EDGE_LOOP('',(#14702));
#14702 = ORIENTED_EDGE('',*,*,#14703,.T.);
#14703 = EDGE_CURVE('',#14704,#14704,#14706,.T.);
#14704 = VERTEX_POINT('',#14705);
#14705 = CARTESIAN_POINT('',(17.4625,3.0925,1.51));
#14706 = CIRCLE('',#14707,0.4);
#14707 = AXIS2_PLACEMENT_3D('',#14708,#14709,#14710);
#14708 = CARTESIAN_POINT('',(17.4625,3.4925,1.51));
#14709 = DIRECTION('',(-0.,0.,-1.));
#14710 = DIRECTION('',(-0.,-1.,0.));
#14711 = FACE_BOUND('',#14712,.T.);
#14712 = EDGE_LOOP('',(#14713));
#14713 = ORIENTED_EDGE('',*,*,#14714,.T.);
#14714 = EDGE_CURVE('',#14715,#14715,#14717,.T.);
#14715 = VERTEX_POINT('',#14716);
#14716 = CARTESIAN_POINT('',(6.0325,13.8875,1.51));
#14717 = CIRCLE('',#14718,0.4);
#14718 = AXIS2_PLACEMENT_3D('',#14719,#14720,#14721);
#14719 = CARTESIAN_POINT('',(6.0325,14.2875,1.51));
#14720 = DIRECTION('',(-0.,0.,-1.));
#14721 = DIRECTION('',(-2.22044604925E-15,-1.,0.));
#14722 = FACE_BOUND('',#14723,.T.);
#14723 = EDGE_LOOP('',(#14724));
#14724 = ORIENTED_EDGE('',*,*,#14725,.T.);
#14725 = EDGE_CURVE('',#14726,#14726,#14728,.T.);
#14726 = VERTEX_POINT('',#14727);
#14727 = CARTESIAN_POINT('',(9.8425,10.7125,1.51));
#14728 = CIRCLE('',#14729,0.4);
#14729 = AXIS2_PLACEMENT_3D('',#14730,#14731,#14732);
#14730 = CARTESIAN_POINT('',(9.8425,11.1125,1.51));
#14731 = DIRECTION('',(-0.,0.,-1.));
#14732 = DIRECTION('',(-4.440892098501E-15,-1.,0.));
#14733 = FACE_BOUND('',#14734,.T.);
#14734 = EDGE_LOOP('',(#14735));
#14735 = ORIENTED_EDGE('',*,*,#14736,.T.);
#14736 = EDGE_CURVE('',#14737,#14737,#14739,.T.);
#14737 = VERTEX_POINT('',#14738);
#14738 = CARTESIAN_POINT('',(12.3825,10.7125,1.51));
#14739 = CIRCLE('',#14740,0.4);
#14740 = AXIS2_PLACEMENT_3D('',#14741,#14742,#14743);
#14741 = CARTESIAN_POINT('',(12.3825,11.1125,1.51));
#14742 = DIRECTION('',(-0.,0.,-1.));
#14743 = DIRECTION('',(-0.,-1.,0.));
#14744 = FACE_BOUND('',#14745,.T.);
#14745 = EDGE_LOOP('',(#14746));
#14746 = ORIENTED_EDGE('',*,*,#14747,.T.);
#14747 = EDGE_CURVE('',#14748,#14748,#14750,.T.);
#14748 = VERTEX_POINT('',#14749);
#14749 = CARTESIAN_POINT('',(14.9225,10.7125,1.51));
#14750 = CIRCLE('',#14751,0.4);
#14751 = AXIS2_PLACEMENT_3D('',#14752,#14753,#14754);
#14752 = CARTESIAN_POINT('',(14.9225,11.1125,1.51));
#14753 = DIRECTION('',(-0.,0.,-1.));
#14754 = DIRECTION('',(-0.,-1.,0.));
#14755 = FACE_BOUND('',#14756,.T.);
#14756 = EDGE_LOOP('',(#14757));
#14757 = ORIENTED_EDGE('',*,*,#14758,.T.);
#14758 = EDGE_CURVE('',#14759,#14759,#14761,.T.);
#14759 = VERTEX_POINT('',#14760);
#14760 = CARTESIAN_POINT('',(9.8425,13.8875,1.51));
#14761 = CIRCLE('',#14762,0.4);
#14762 = AXIS2_PLACEMENT_3D('',#14763,#14764,#14765);
#14763 = CARTESIAN_POINT('',(9.8425,14.2875,1.51));
#14764 = DIRECTION('',(-0.,0.,-1.));
#14765 = DIRECTION('',(-4.440892098501E-15,-1.,0.));
#14766 = FACE_BOUND('',#14767,.T.);
#14767 = EDGE_LOOP('',(#14768));
#14768 = ORIENTED_EDGE('',*,*,#14769,.T.);
#14769 = EDGE_CURVE('',#14770,#14770,#14772,.T.);
#14770 = VERTEX_POINT('',#14771);
#14771 = CARTESIAN_POINT('',(12.3425,13.8875,1.51));
#14772 = CIRCLE('',#14773,0.4);
#14773 = AXIS2_PLACEMENT_3D('',#14774,#14775,#14776);
#14774 = CARTESIAN_POINT('',(12.3425,14.2875,1.51));
#14775 = DIRECTION('',(-0.,0.,-1.));
#14776 = DIRECTION('',(-4.440892098501E-15,-1.,0.));
#14777 = FACE_BOUND('',#14778,.T.);
#14778 = EDGE_LOOP('',(#14779));
#14779 = ORIENTED_EDGE('',*,*,#14780,.T.);
#14780 = EDGE_CURVE('',#14781,#14781,#14783,.T.);
#14781 = VERTEX_POINT('',#14782);
#14782 = CARTESIAN_POINT('',(26.3525,9.4425,1.51));
#14783 = CIRCLE('',#14784,0.4);
#14784 = AXIS2_PLACEMENT_3D('',#14785,#14786,#14787);
#14785 = CARTESIAN_POINT('',(26.3525,9.8425,1.51));
#14786 = DIRECTION('',(-0.,0.,-1.));
#14787 = DIRECTION('',(-0.,-1.,0.));
#14788 = FACE_BOUND('',#14789,.T.);
#14789 = EDGE_LOOP('',(#14790));
#14790 = ORIENTED_EDGE('',*,*,#14791,.T.);
#14791 = EDGE_CURVE('',#14792,#14792,#14794,.T.);
#14792 = VERTEX_POINT('',#14793);
#14793 = CARTESIAN_POINT('',(28.3525,9.4425,1.51));
#14794 = CIRCLE('',#14795,0.4);
#14795 = AXIS2_PLACEMENT_3D('',#14796,#14797,#14798);
#14796 = CARTESIAN_POINT('',(28.3525,9.8425,1.51));
#14797 = DIRECTION('',(-0.,0.,-1.));
#14798 = DIRECTION('',(-0.,-1.,0.));
#14799 = FACE_BOUND('',#14800,.T.);
#14800 = EDGE_LOOP('',(#14801));
#14801 = ORIENTED_EDGE('',*,*,#14802,.T.);
#14802 = EDGE_CURVE('',#14803,#14803,#14805,.T.);
#14803 = VERTEX_POINT('',#14804);
#14804 = CARTESIAN_POINT('',(32.0675,9.4625,1.51));
#14805 = CIRCLE('',#14806,0.4);
#14806 = AXIS2_PLACEMENT_3D('',#14807,#14808,#14809);
#14807 = CARTESIAN_POINT('',(32.0675,9.8625,1.51));
#14808 = DIRECTION('',(-0.,0.,-1.));
#14809 = DIRECTION('',(-0.,-1.,0.));
#14810 = FACE_BOUND('',#14811,.T.);
#14811 = EDGE_LOOP('',(#14812));
#14812 = ORIENTED_EDGE('',*,*,#14813,.T.);
#14813 = EDGE_CURVE('',#14814,#14814,#14816,.T.);
#14814 = VERTEX_POINT('',#14815);
#14815 = CARTESIAN_POINT('',(17.4625,10.7125,1.51));
#14816 = CIRCLE('',#14817,0.4);
#14817 = AXIS2_PLACEMENT_3D('',#14818,#14819,#14820);
#14818 = CARTESIAN_POINT('',(17.4625,11.1125,1.51));
#14819 = DIRECTION('',(-0.,0.,-1.));
#14820 = DIRECTION('',(-0.,-1.,0.));
#14821 = FACE_BOUND('',#14822,.T.);
#14822 = EDGE_LOOP('',(#14823));
#14823 = ORIENTED_EDGE('',*,*,#14824,.T.);
#14824 = EDGE_CURVE('',#14825,#14825,#14827,.T.);
#14825 = VERTEX_POINT('',#14826);
#14826 = CARTESIAN_POINT('',(21.2725,13.8875,1.51));
#14827 = CIRCLE('',#14828,0.4);
#14828 = AXIS2_PLACEMENT_3D('',#14829,#14830,#14831);
#14829 = CARTESIAN_POINT('',(21.2725,14.2875,1.51));
#14830 = DIRECTION('',(-0.,0.,-1.));
#14831 = DIRECTION('',(-0.,-1.,0.));
#14832 = FACE_BOUND('',#14833,.T.);
#14833 = EDGE_LOOP('',(#14834));
#14834 = ORIENTED_EDGE('',*,*,#14835,.T.);
#14835 = EDGE_CURVE('',#14836,#14836,#14838,.T.);
#14836 = VERTEX_POINT('',#14837);
#14837 = CARTESIAN_POINT('',(32.0675,11.9625,1.51));
#14838 = CIRCLE('',#14839,0.4);
#14839 = AXIS2_PLACEMENT_3D('',#14840,#14841,#14842);
#14840 = CARTESIAN_POINT('',(32.0675,12.3625,1.51));
#14841 = DIRECTION('',(-0.,0.,-1.));
#14842 = DIRECTION('',(-0.,-1.,0.));
#14843 = PLANE('',#14844);
#14844 = AXIS2_PLACEMENT_3D('',#14845,#14846,#14847);
#14845 = CARTESIAN_POINT('',(0.,0.,1.51));
#14846 = DIRECTION('',(0.,0.,1.));
#14847 = DIRECTION('',(1.,0.,-0.));
#14848 = ADVANCED_FACE('',(#14849),#14860,.T.);
#14849 = FACE_BOUND('',#14850,.T.);
#14850 = EDGE_LOOP('',(#14851,#14857,#14858,#14859));
#14851 = ORIENTED_EDGE('',*,*,#14852,.T.);
#14852 = EDGE_CURVE('',#13189,#14022,#14853,.T.);
#14853 = LINE('',#14854,#14855);
#14854 = CARTESIAN_POINT('',(-33.9725,14.01,0.));
#14855 = VECTOR('',#14856,1.);
#14856 = DIRECTION('',(0.,0.,1.));
#14857 = ORIENTED_EDGE('',*,*,#14021,.T.);
#14858 = ORIENTED_EDGE('',*,*,#13124,.F.);
#14859 = ORIENTED_EDGE('',*,*,#13188,.F.);
#14860 = CYLINDRICAL_SURFACE('',#14861,2.499999839417);
#14861 = AXIS2_PLACEMENT_3D('',#14862,#14863,#14864);
#14862 = CARTESIAN_POINT('',(-31.47250016058,14.010000160583,0.));
#14863 = DIRECTION('',(0.,0.,-1.));
#14864 = DIRECTION('',(-1.,-6.423314772994E-08,-0.));
#14865 = ADVANCED_FACE('',(#14866),#14877,.T.);
#14866 = FACE_BOUND('',#14867,.T.);
#14867 = EDGE_LOOP('',(#14868,#14869,#14870,#14876));
#14868 = ORIENTED_EDGE('',*,*,#13164,.T.);
#14869 = ORIENTED_EDGE('',*,*,#14055,.T.);
#14870 = ORIENTED_EDGE('',*,*,#14871,.F.);
#14871 = EDGE_CURVE('',#13215,#14048,#14872,.T.);
#14872 = LINE('',#14873,#14874);
#14873 = CARTESIAN_POINT('',(31.4725,-16.51,0.));
#14874 = VECTOR('',#14875,1.);
#14875 = DIRECTION('',(0.,0.,1.));
#14876 = ORIENTED_EDGE('',*,*,#13222,.F.);
#14877 = CYLINDRICAL_SURFACE('',#14878,2.499999839417);
#14878 = AXIS2_PLACEMENT_3D('',#14879,#14880,#14881);
#14879 = CARTESIAN_POINT('',(31.472500160583,-14.01000016058,0.));
#14880 = DIRECTION('',(0.,0.,-1.));
#14881 = DIRECTION('',(1.,6.423314772994E-08,0.));
#14882 = ADVANCED_FACE('',(#14883),#14894,.T.);
#14883 = FACE_BOUND('',#14884,.T.);
#14884 = EDGE_LOOP('',(#14885,#14891,#14892,#14893));
#14885 = ORIENTED_EDGE('',*,*,#14886,.T.);
#14886 = EDGE_CURVE('',#13198,#14031,#14887,.T.);
#14887 = LINE('',#14888,#14889);
#14888 = CARTESIAN_POINT('',(-33.9725,-14.01,0.));
#14889 = VECTOR('',#14890,1.);
#14890 = DIRECTION('',(0.,0.,1.));
#14891 = ORIENTED_EDGE('',*,*,#14030,.T.);
#14892 = ORIENTED_EDGE('',*,*,#14852,.F.);
#14893 = ORIENTED_EDGE('',*,*,#13197,.F.);
#14894 = PLANE('',#14895);
#14895 = AXIS2_PLACEMENT_3D('',#14896,#14897,#14898);
#14896 = CARTESIAN_POINT('',(-33.9725,-14.01,0.));
#14897 = DIRECTION('',(-1.,0.,0.));
#14898 = DIRECTION('',(0.,1.,0.));
#14899 = ADVANCED_FACE('',(#14900),#14911,.T.);
#14900 = FACE_BOUND('',#14901,.T.);
#14901 = EDGE_LOOP('',(#14902,#14903,#14904,#14910));
#14902 = ORIENTED_EDGE('',*,*,#14871,.T.);
#14903 = ORIENTED_EDGE('',*,*,#14047,.T.);
#14904 = ORIENTED_EDGE('',*,*,#14905,.F.);
#14905 = EDGE_CURVE('',#13206,#14039,#14906,.T.);
#14906 = LINE('',#14907,#14908);
#14907 = CARTESIAN_POINT('',(-31.4725,-16.51,0.));
#14908 = VECTOR('',#14909,1.);
#14909 = DIRECTION('',(0.,0.,1.));
#14910 = ORIENTED_EDGE('',*,*,#13214,.F.);
#14911 = PLANE('',#14912);
#14912 = AXIS2_PLACEMENT_3D('',#14913,#14914,#14915);
#14913 = CARTESIAN_POINT('',(31.4725,-16.51,0.));
#14914 = DIRECTION('',(0.,-1.,0.));
#14915 = DIRECTION('',(-1.,0.,0.));
#14916 = ADVANCED_FACE('',(#14917),#14923,.T.);
#14917 = FACE_BOUND('',#14918,.T.);
#14918 = EDGE_LOOP('',(#14919,#14920,#14921,#14922));
#14919 = ORIENTED_EDGE('',*,*,#14905,.T.);
#14920 = ORIENTED_EDGE('',*,*,#14038,.T.);
#14921 = ORIENTED_EDGE('',*,*,#14886,.F.);
#14922 = ORIENTED_EDGE('',*,*,#13205,.F.);
#14923 = CYLINDRICAL_SURFACE('',#14924,2.499999839417);
#14924 = AXIS2_PLACEMENT_3D('',#14925,#14926,#14927);
#14925 = CARTESIAN_POINT('',(-31.47250016058,-14.01000016058,0.));
#14926 = DIRECTION('',(0.,0.,-1.));
#14927 = DIRECTION('',(6.423314559831E-08,-1.,0.));
#14928 = ADVANCED_FACE('',(#14929),#14940,.F.);
#14929 = FACE_BOUND('',#14930,.T.);
#14930 = EDGE_LOOP('',(#14931,#14932,#14938,#14939));
#14931 = ORIENTED_EDGE('',*,*,#13232,.T.);
#14932 = ORIENTED_EDGE('',*,*,#14933,.T.);
#14933 = EDGE_CURVE('',#13233,#14066,#14934,.T.);
#14934 = LINE('',#14935,#14936);
#14935 = CARTESIAN_POINT('',(-21.2725,-15.3225,-4.6E-02));
#14936 = VECTOR('',#14937,1.);
#14937 = DIRECTION('',(0.,0.,1.));
#14938 = ORIENTED_EDGE('',*,*,#14065,.F.);
#14939 = ORIENTED_EDGE('',*,*,#14933,.F.);
#14940 = CYLINDRICAL_SURFACE('',#14941,0.4);
#14941 = AXIS2_PLACEMENT_3D('',#14942,#14943,#14944);
#14942 = CARTESIAN_POINT('',(-21.2725,-14.9225,-4.6E-02));
#14943 = DIRECTION('',(-0.,-0.,-1.));
#14944 = DIRECTION('',(-0.,-1.,0.));
#14945 = ADVANCED_FACE('',(#14946),#14957,.F.);
#14946 = FACE_BOUND('',#14947,.T.);
#14947 = EDGE_LOOP('',(#14948,#14949,#14955,#14956));
#14948 = ORIENTED_EDGE('',*,*,#13243,.T.);
#14949 = ORIENTED_EDGE('',*,*,#14950,.T.);
#14950 = EDGE_CURVE('',#13244,#14077,#14951,.T.);
#14951 = LINE('',#14952,#14953);
#14952 = CARTESIAN_POINT('',(-16.8275,-15.3225,-4.6E-02));
#14953 = VECTOR('',#14954,1.);
#14954 = DIRECTION('',(0.,0.,1.));
#14955 = ORIENTED_EDGE('',*,*,#14076,.F.);
#14956 = ORIENTED_EDGE('',*,*,#14950,.F.);
#14957 = CYLINDRICAL_SURFACE('',#14958,0.4);
#14958 = AXIS2_PLACEMENT_3D('',#14959,#14960,#14961);
#14959 = CARTESIAN_POINT('',(-16.8275,-14.9225,-4.6E-02));
#14960 = DIRECTION('',(-0.,-0.,-1.));
#14961 = DIRECTION('',(-0.,-1.,0.));
#14962 = ADVANCED_FACE('',(#14963),#14974,.F.);
#14963 = FACE_BOUND('',#14964,.T.);
#14964 = EDGE_LOOP('',(#14965,#14966,#14972,#14973));
#14965 = ORIENTED_EDGE('',*,*,#13254,.T.);
#14966 = ORIENTED_EDGE('',*,*,#14967,.T.);
#14967 = EDGE_CURVE('',#13255,#14088,#14968,.T.);
#14968 = LINE('',#14969,#14970);
#14969 = CARTESIAN_POINT('',(-11.7475,-15.3225,-4.6E-02));
#14970 = VECTOR('',#14971,1.);
#14971 = DIRECTION('',(0.,0.,1.));
#14972 = ORIENTED_EDGE('',*,*,#14087,.F.);
#14973 = ORIENTED_EDGE('',*,*,#14967,.F.);
#14974 = CYLINDRICAL_SURFACE('',#14975,0.4);
#14975 = AXIS2_PLACEMENT_3D('',#14976,#14977,#14978);
#14976 = CARTESIAN_POINT('',(-11.7475,-14.9225,-4.6E-02));
#14977 = DIRECTION('',(-0.,-0.,-1.));
#14978 = DIRECTION('',(-0.,-1.,0.));
#14979 = ADVANCED_FACE('',(#14980),#14991,.F.);
#14980 = FACE_BOUND('',#14981,.T.);
#14981 = EDGE_LOOP('',(#14982,#14983,#14989,#14990));
#14982 = ORIENTED_EDGE('',*,*,#13265,.T.);
#14983 = ORIENTED_EDGE('',*,*,#14984,.T.);
#14984 = EDGE_CURVE('',#13266,#14099,#14985,.T.);
#14985 = LINE('',#14986,#14987);
#14986 = CARTESIAN_POINT('',(-4.1275,-15.3225,-4.6E-02));
#14987 = VECTOR('',#14988,1.);
#14988 = DIRECTION('',(0.,0.,1.));
#14989 = ORIENTED_EDGE('',*,*,#14098,.F.);
#14990 = ORIENTED_EDGE('',*,*,#14984,.F.);
#14991 = CYLINDRICAL_SURFACE('',#14992,0.4);
#14992 = AXIS2_PLACEMENT_3D('',#14993,#14994,#14995);
#14993 = CARTESIAN_POINT('',(-4.1275,-14.9225,-4.6E-02));
#14994 = DIRECTION('',(-0.,-0.,-1.));
#14995 = DIRECTION('',(-2.22044604925E-15,-1.,0.));
#14996 = ADVANCED_FACE('',(#14997),#15008,.F.);
#14997 = FACE_BOUND('',#14998,.T.);
#14998 = EDGE_LOOP('',(#14999,#15000,#15006,#15007));
#14999 = ORIENTED_EDGE('',*,*,#13276,.T.);
#15000 = ORIENTED_EDGE('',*,*,#15001,.T.);
#15001 = EDGE_CURVE('',#13277,#14110,#15002,.T.);
#15002 = LINE('',#15003,#15004);
#15003 = CARTESIAN_POINT('',(-0.3175,-15.3225,-4.6E-02));
#15004 = VECTOR('',#15005,1.);
#15005 = DIRECTION('',(0.,0.,1.));
#15006 = ORIENTED_EDGE('',*,*,#14109,.F.);
#15007 = ORIENTED_EDGE('',*,*,#15001,.F.);
#15008 = CYLINDRICAL_SURFACE('',#15009,0.4);
#15009 = AXIS2_PLACEMENT_3D('',#15010,#15011,#15012);
#15010 = CARTESIAN_POINT('',(-0.3175,-14.9225,-4.6E-02));
#15011 = DIRECTION('',(-0.,-0.,-1.));
#15012 = DIRECTION('',(-0.,-1.,0.));
#15013 = ADVANCED_FACE('',(#15014),#15025,.F.);
#15014 = FACE_BOUND('',#15015,.T.);
#15015 = EDGE_LOOP('',(#15016,#15017,#15023,#15024));
#15016 = ORIENTED_EDGE('',*,*,#13287,.T.);
#15017 = ORIENTED_EDGE('',*,*,#15018,.T.);
#15018 = EDGE_CURVE('',#13288,#14121,#15019,.T.);
#15019 = LINE('',#15020,#15021);
#15020 = CARTESIAN_POINT('',(-0.3175,-12.8225,-4.6E-02));
#15021 = VECTOR('',#15022,1.);
#15022 = DIRECTION('',(0.,0.,1.));
#15023 = ORIENTED_EDGE('',*,*,#14120,.F.);
#15024 = ORIENTED_EDGE('',*,*,#15018,.F.);
#15025 = CYLINDRICAL_SURFACE('',#15026,0.4);
#15026 = AXIS2_PLACEMENT_3D('',#15027,#15028,#15029);
#15027 = CARTESIAN_POINT('',(-0.3175,-12.4225,-4.6E-02));
#15028 = DIRECTION('',(-0.,-0.,-1.));
#15029 = DIRECTION('',(-0.,-1.,0.));
#15030 = ADVANCED_FACE('',(#15031),#15042,.F.);
#15031 = FACE_BOUND('',#15032,.T.);
#15032 = EDGE_LOOP('',(#15033,#15034,#15040,#15041));
#15033 = ORIENTED_EDGE('',*,*,#13298,.T.);
#15034 = ORIENTED_EDGE('',*,*,#15035,.T.);
#15035 = EDGE_CURVE('',#13299,#14132,#15036,.T.);
#15036 = LINE('',#15037,#15038);
#15037 = CARTESIAN_POINT('',(-30.7975,-3.4575,-4.6E-02));
#15038 = VECTOR('',#15039,1.);
#15039 = DIRECTION('',(0.,0.,1.));
#15040 = ORIENTED_EDGE('',*,*,#14131,.F.);
#15041 = ORIENTED_EDGE('',*,*,#15035,.F.);
#15042 = CYLINDRICAL_SURFACE('',#15043,0.6);
#15043 = AXIS2_PLACEMENT_3D('',#15044,#15045,#15046);
#15044 = CARTESIAN_POINT('',(-30.7975,-2.8575,-4.6E-02));
#15045 = DIRECTION('',(-0.,-0.,-1.));
#15046 = DIRECTION('',(-0.,-1.,0.));
#15047 = ADVANCED_FACE('',(#15048),#15059,.F.);
#15048 = FACE_BOUND('',#15049,.T.);
#15049 = EDGE_LOOP('',(#15050,#15051,#15057,#15058));
#15050 = ORIENTED_EDGE('',*,*,#13309,.T.);
#15051 = ORIENTED_EDGE('',*,*,#15052,.T.);
#15052 = EDGE_CURVE('',#13310,#14143,#15053,.T.);
#15053 = LINE('',#15054,#15055);
#15054 = CARTESIAN_POINT('',(-30.7975,-0.9175,-4.6E-02));
#15055 = VECTOR('',#15056,1.);
#15056 = DIRECTION('',(0.,0.,1.));
#15057 = ORIENTED_EDGE('',*,*,#14142,.F.);
#15058 = ORIENTED_EDGE('',*,*,#15052,.F.);
#15059 = CYLINDRICAL_SURFACE('',#15060,0.6);
#15060 = AXIS2_PLACEMENT_3D('',#15061,#15062,#15063);
#15061 = CARTESIAN_POINT('',(-30.7975,-0.3175,-4.6E-02));
#15062 = DIRECTION('',(-0.,-0.,-1.));
#15063 = DIRECTION('',(-0.,-1.,0.));
#15064 = ADVANCED_FACE('',(#15065),#15076,.F.);
#15065 = FACE_BOUND('',#15066,.T.);
#15066 = EDGE_LOOP('',(#15067,#15068,#15074,#15075));
#15067 = ORIENTED_EDGE('',*,*,#13320,.T.);
#15068 = ORIENTED_EDGE('',*,*,#15069,.T.);
#15069 = EDGE_CURVE('',#13321,#14154,#15070,.T.);
#15070 = LINE('',#15071,#15072);
#15071 = CARTESIAN_POINT('',(-21.2725,-2.6225,-4.6E-02));
#15072 = VECTOR('',#15073,1.);
#15073 = DIRECTION('',(0.,0.,1.));
#15074 = ORIENTED_EDGE('',*,*,#14153,.F.);
#15075 = ORIENTED_EDGE('',*,*,#15069,.F.);
#15076 = CYLINDRICAL_SURFACE('',#15077,0.4);
#15077 = AXIS2_PLACEMENT_3D('',#15078,#15079,#15080);
#15078 = CARTESIAN_POINT('',(-21.2725,-2.2225,-4.6E-02));
#15079 = DIRECTION('',(-0.,-0.,-1.));
#15080 = DIRECTION('',(-0.,-1.,0.));
#15081 = ADVANCED_FACE('',(#15082),#15093,.F.);
#15082 = FACE_BOUND('',#15083,.T.);
#15083 = EDGE_LOOP('',(#15084,#15085,#15091,#15092));
#15084 = ORIENTED_EDGE('',*,*,#13331,.T.);
#15085 = ORIENTED_EDGE('',*,*,#15086,.T.);
#15086 = EDGE_CURVE('',#13332,#14165,#15087,.T.);
#15087 = LINE('',#15088,#15089);
#15088 = CARTESIAN_POINT('',(-16.8275,-2.6225,-4.6E-02));
#15089 = VECTOR('',#15090,1.);
#15090 = DIRECTION('',(0.,0.,1.));
#15091 = ORIENTED_EDGE('',*,*,#14164,.F.);
#15092 = ORIENTED_EDGE('',*,*,#15086,.F.);
#15093 = CYLINDRICAL_SURFACE('',#15094,0.4);
#15094 = AXIS2_PLACEMENT_3D('',#15095,#15096,#15097);
#15095 = CARTESIAN_POINT('',(-16.8275,-2.2225,-4.6E-02));
#15096 = DIRECTION('',(-0.,-0.,-1.));
#15097 = DIRECTION('',(-0.,-1.,0.));
#15098 = ADVANCED_FACE('',(#15099),#15110,.F.);
#15099 = FACE_BOUND('',#15100,.T.);
#15100 = EDGE_LOOP('',(#15101,#15102,#15108,#15109));
#15101 = ORIENTED_EDGE('',*,*,#13342,.T.);
#15102 = ORIENTED_EDGE('',*,*,#15103,.T.);
#15103 = EDGE_CURVE('',#13343,#14176,#15104,.T.);
#15104 = LINE('',#15105,#15106);
#15105 = CARTESIAN_POINT('',(-11.7475,-2.6225,-4.6E-02));
#15106 = VECTOR('',#15107,1.);
#15107 = DIRECTION('',(0.,0.,1.));
#15108 = ORIENTED_EDGE('',*,*,#14175,.F.);
#15109 = ORIENTED_EDGE('',*,*,#15103,.F.);
#15110 = CYLINDRICAL_SURFACE('',#15111,0.4);
#15111 = AXIS2_PLACEMENT_3D('',#15112,#15113,#15114);
#15112 = CARTESIAN_POINT('',(-11.7475,-2.2225,-4.6E-02));
#15113 = DIRECTION('',(-0.,-0.,-1.));
#15114 = DIRECTION('',(-0.,-1.,0.));
#15115 = ADVANCED_FACE('',(#15116),#15127,.F.);
#15116 = FACE_BOUND('',#15117,.T.);
#15117 = EDGE_LOOP('',(#15118,#15119,#15125,#15126));
#15118 = ORIENTED_EDGE('',*,*,#13353,.T.);
#15119 = ORIENTED_EDGE('',*,*,#15120,.T.);
#15120 = EDGE_CURVE('',#13354,#14187,#15121,.T.);
#15121 = LINE('',#15122,#15123);
#15122 = CARTESIAN_POINT('',(-4.1275,-2.6225,-4.6E-02));
#15123 = VECTOR('',#15124,1.);
#15124 = DIRECTION('',(0.,0.,1.));
#15125 = ORIENTED_EDGE('',*,*,#14186,.F.);
#15126 = ORIENTED_EDGE('',*,*,#15120,.F.);
#15127 = CYLINDRICAL_SURFACE('',#15128,0.4);
#15128 = AXIS2_PLACEMENT_3D('',#15129,#15130,#15131);
#15129 = CARTESIAN_POINT('',(-4.1275,-2.2225,-4.6E-02));
#15130 = DIRECTION('',(-0.,-0.,-1.));
#15131 = DIRECTION('',(-2.22044604925E-15,-1.,0.));
#15132 = ADVANCED_FACE('',(#15133),#15144,.F.);
#15133 = FACE_BOUND('',#15134,.T.);
#15134 = EDGE_LOOP('',(#15135,#15136,#15142,#15143));
#15135 = ORIENTED_EDGE('',*,*,#13364,.T.);
#15136 = ORIENTED_EDGE('',*,*,#15137,.T.);
#15137 = EDGE_CURVE('',#13365,#14198,#15138,.T.);
#15138 = LINE('',#15139,#15140);
#15139 = CARTESIAN_POINT('',(6.0325,-15.3225,-4.6E-02));
#15140 = VECTOR('',#15141,1.);
#15141 = DIRECTION('',(0.,0.,1.));
#15142 = ORIENTED_EDGE('',*,*,#14197,.F.);
#15143 = ORIENTED_EDGE('',*,*,#15137,.F.);
#15144 = CYLINDRICAL_SURFACE('',#15145,0.4);
#15145 = AXIS2_PLACEMENT_3D('',#15146,#15147,#15148);
#15146 = CARTESIAN_POINT('',(6.0325,-14.9225,-4.6E-02));
#15147 = DIRECTION('',(-0.,-0.,-1.));
#15148 = DIRECTION('',(-2.22044604925E-15,-1.,0.));
#15149 = ADVANCED_FACE('',(#15150),#15161,.F.);
#15150 = FACE_BOUND('',#15151,.T.);
#15151 = EDGE_LOOP('',(#15152,#15153,#15159,#15160));
#15152 = ORIENTED_EDGE('',*,*,#13375,.T.);
#15153 = ORIENTED_EDGE('',*,*,#15154,.T.);
#15154 = EDGE_CURVE('',#13376,#14209,#15155,.T.);
#15155 = LINE('',#15156,#15157);
#15156 = CARTESIAN_POINT('',(9.8425,-13.4175,-4.6E-02));
#15157 = VECTOR('',#15158,1.);
#15158 = DIRECTION('',(0.,0.,1.));
#15159 = ORIENTED_EDGE('',*,*,#14208,.F.);
#15160 = ORIENTED_EDGE('',*,*,#15154,.F.);
#15161 = CYLINDRICAL_SURFACE('',#15162,0.4);
#15162 = AXIS2_PLACEMENT_3D('',#15163,#15164,#15165);
#15163 = CARTESIAN_POINT('',(9.8425,-13.0175,-4.6E-02));
#15164 = DIRECTION('',(-0.,-0.,-1.));
#15165 = DIRECTION('',(-4.440892098501E-15,-1.,0.));
#15166 = ADVANCED_FACE('',(#15167),#15178,.F.);
#15167 = FACE_BOUND('',#15168,.T.);
#15168 = EDGE_LOOP('',(#15169,#15170,#15176,#15177));
#15169 = ORIENTED_EDGE('',*,*,#13386,.T.);
#15170 = ORIENTED_EDGE('',*,*,#15171,.T.);
#15171 = EDGE_CURVE('',#13387,#14220,#15172,.T.);
#15172 = LINE('',#15173,#15174);
#15173 = CARTESIAN_POINT('',(12.3825,-13.4175,-4.6E-02));
#15174 = VECTOR('',#15175,1.);
#15175 = DIRECTION('',(0.,0.,1.));
#15176 = ORIENTED_EDGE('',*,*,#14219,.F.);
#15177 = ORIENTED_EDGE('',*,*,#15171,.F.);
#15178 = CYLINDRICAL_SURFACE('',#15179,0.4);
#15179 = AXIS2_PLACEMENT_3D('',#15180,#15181,#15182);
#15180 = CARTESIAN_POINT('',(12.3825,-13.0175,-4.6E-02));
#15181 = DIRECTION('',(-0.,-0.,-1.));
#15182 = DIRECTION('',(-0.,-1.,0.));
#15183 = ADVANCED_FACE('',(#15184),#15195,.F.);
#15184 = FACE_BOUND('',#15185,.T.);
#15185 = EDGE_LOOP('',(#15186,#15187,#15193,#15194));
#15186 = ORIENTED_EDGE('',*,*,#13397,.T.);
#15187 = ORIENTED_EDGE('',*,*,#15188,.T.);
#15188 = EDGE_CURVE('',#13398,#14231,#15189,.T.);
#15189 = LINE('',#15190,#15191);
#15190 = CARTESIAN_POINT('',(14.9225,-13.4175,-4.6E-02));
#15191 = VECTOR('',#15192,1.);
#15192 = DIRECTION('',(0.,0.,1.));
#15193 = ORIENTED_EDGE('',*,*,#14230,.F.);
#15194 = ORIENTED_EDGE('',*,*,#15188,.F.);
#15195 = CYLINDRICAL_SURFACE('',#15196,0.4);
#15196 = AXIS2_PLACEMENT_3D('',#15197,#15198,#15199);
#15197 = CARTESIAN_POINT('',(14.9225,-13.0175,-4.6E-02));
#15198 = DIRECTION('',(-0.,-0.,-1.));
#15199 = DIRECTION('',(-0.,-1.,0.));
#15200 = ADVANCED_FACE('',(#15201),#15212,.F.);
#15201 = FACE_BOUND('',#15202,.T.);
#15202 = EDGE_LOOP('',(#15203,#15204,#15210,#15211));
#15203 = ORIENTED_EDGE('',*,*,#13408,.T.);
#15204 = ORIENTED_EDGE('',*,*,#15205,.T.);
#15205 = EDGE_CURVE('',#13409,#14242,#15206,.T.);
#15206 = LINE('',#15207,#15208);
#15207 = CARTESIAN_POINT('',(21.2725,-15.3225,-4.6E-02));
#15208 = VECTOR('',#15209,1.);
#15209 = DIRECTION('',(0.,0.,1.));
#15210 = ORIENTED_EDGE('',*,*,#14241,.F.);
#15211 = ORIENTED_EDGE('',*,*,#15205,.F.);
#15212 = CYLINDRICAL_SURFACE('',#15213,0.4);
#15213 = AXIS2_PLACEMENT_3D('',#15214,#15215,#15216);
#15214 = CARTESIAN_POINT('',(21.2725,-14.9225,-4.6E-02));
#15215 = DIRECTION('',(-0.,-0.,-1.));
#15216 = DIRECTION('',(-0.,-1.,0.));
#15217 = ADVANCED_FACE('',(#15218),#15229,.F.);
#15218 = FACE_BOUND('',#15219,.T.);
#15219 = EDGE_LOOP('',(#15220,#15221,#15227,#15228));
#15220 = ORIENTED_EDGE('',*,*,#13419,.T.);
#15221 = ORIENTED_EDGE('',*,*,#15222,.T.);
#15222 = EDGE_CURVE('',#13420,#14253,#15223,.T.);
#15223 = LINE('',#15224,#15225);
#15224 = CARTESIAN_POINT('',(24.4475,-15.3225,-4.6E-02));
#15225 = VECTOR('',#15226,1.);
#15226 = DIRECTION('',(0.,0.,1.));
#15227 = ORIENTED_EDGE('',*,*,#14252,.F.);
#15228 = ORIENTED_EDGE('',*,*,#15222,.F.);
#15229 = CYLINDRICAL_SURFACE('',#15230,0.4);
#15230 = AXIS2_PLACEMENT_3D('',#15231,#15232,#15233);
#15231 = CARTESIAN_POINT('',(24.4475,-14.9225,-4.6E-02));
#15232 = DIRECTION('',(-0.,0.,-1.));
#15233 = DIRECTION('',(8.881784197001E-15,-1.,-0.));
#15234 = ADVANCED_FACE('',(#15235),#15246,.F.);
#15235 = FACE_BOUND('',#15236,.T.);
#15236 = EDGE_LOOP('',(#15237,#15238,#15244,#15245));
#15237 = ORIENTED_EDGE('',*,*,#13430,.T.);
#15238 = ORIENTED_EDGE('',*,*,#15239,.T.);
#15239 = EDGE_CURVE('',#13431,#14264,#15240,.T.);
#15240 = LINE('',#15241,#15242);
#15241 = CARTESIAN_POINT('',(17.4625,-13.4175,-4.6E-02));
#15242 = VECTOR('',#15243,1.);
#15243 = DIRECTION('',(0.,0.,1.));
#15244 = ORIENTED_EDGE('',*,*,#14263,.F.);
#15245 = ORIENTED_EDGE('',*,*,#15239,.F.);
#15246 = CYLINDRICAL_SURFACE('',#15247,0.4);
#15247 = AXIS2_PLACEMENT_3D('',#15248,#15249,#15250);
#15248 = CARTESIAN_POINT('',(17.4625,-13.0175,-4.6E-02));
#15249 = DIRECTION('',(-0.,-0.,-1.));
#15250 = DIRECTION('',(-0.,-1.,0.));
#15251 = ADVANCED_FACE('',(#15252),#15263,.F.);
#15252 = FACE_BOUND('',#15253,.T.);
#15253 = EDGE_LOOP('',(#15254,#15255,#15261,#15262));
#15254 = ORIENTED_EDGE('',*,*,#13441,.T.);
#15255 = ORIENTED_EDGE('',*,*,#15256,.T.);
#15256 = EDGE_CURVE('',#13442,#14275,#15257,.T.);
#15257 = LINE('',#15258,#15259);
#15258 = CARTESIAN_POINT('',(24.4475,-12.8225,-4.6E-02));
#15259 = VECTOR('',#15260,1.);
#15260 = DIRECTION('',(0.,0.,1.));
#15261 = ORIENTED_EDGE('',*,*,#14274,.F.);
#15262 = ORIENTED_EDGE('',*,*,#15256,.F.);
#15263 = CYLINDRICAL_SURFACE('',#15264,0.4);
#15264 = AXIS2_PLACEMENT_3D('',#15265,#15266,#15267);
#15265 = CARTESIAN_POINT('',(24.4475,-12.4225,-4.6E-02));
#15266 = DIRECTION('',(-0.,0.,-1.));
#15267 = DIRECTION('',(8.881784197001E-15,-1.,-0.));
#15268 = ADVANCED_FACE('',(#15269),#15280,.F.);
#15269 = FACE_BOUND('',#15270,.T.);
#15270 = EDGE_LOOP('',(#15271,#15272,#15278,#15279));
#15271 = ORIENTED_EDGE('',*,*,#13452,.T.);
#15272 = ORIENTED_EDGE('',*,*,#15273,.T.);
#15273 = EDGE_CURVE('',#13453,#14286,#15274,.T.);
#15274 = LINE('',#15275,#15276);
#15275 = CARTESIAN_POINT('',(29.4005,-12.9665,-4.6E-02));
#15276 = VECTOR('',#15277,1.);
#15277 = DIRECTION('',(0.,0.,1.));
#15278 = ORIENTED_EDGE('',*,*,#14285,.F.);
#15279 = ORIENTED_EDGE('',*,*,#15273,.F.);
#15280 = CYLINDRICAL_SURFACE('',#15281,1.6);
#15281 = AXIS2_PLACEMENT_3D('',#15282,#15283,#15284);
#15282 = CARTESIAN_POINT('',(29.4005,-11.3665,-4.6E-02));
#15283 = DIRECTION('',(-0.,-0.,-1.));
#15284 = DIRECTION('',(-0.,-1.,0.));
#15285 = ADVANCED_FACE('',(#15286),#15297,.F.);
#15286 = FACE_BOUND('',#15287,.T.);
#15287 = EDGE_LOOP('',(#15288,#15289,#15295,#15296));
#15288 = ORIENTED_EDGE('',*,*,#13463,.T.);
#15289 = ORIENTED_EDGE('',*,*,#15290,.T.);
#15290 = EDGE_CURVE('',#13464,#14297,#15291,.T.);
#15291 = LINE('',#15292,#15293);
#15292 = CARTESIAN_POINT('',(9.8425,-5.7975,-4.6E-02));
#15293 = VECTOR('',#15294,1.);
#15294 = DIRECTION('',(0.,0.,1.));
#15295 = ORIENTED_EDGE('',*,*,#14296,.F.);
#15296 = ORIENTED_EDGE('',*,*,#15290,.F.);
#15297 = CYLINDRICAL_SURFACE('',#15298,0.4);
#15298 = AXIS2_PLACEMENT_3D('',#15299,#15300,#15301);
#15299 = CARTESIAN_POINT('',(9.8425,-5.3975,-4.6E-02));
#15300 = DIRECTION('',(-0.,-0.,-1.));
#15301 = DIRECTION('',(-4.440892098501E-15,-1.,0.));
#15302 = ADVANCED_FACE('',(#15303),#15314,.F.);
#15303 = FACE_BOUND('',#15304,.T.);
#15304 = EDGE_LOOP('',(#15305,#15306,#15312,#15313));
#15305 = ORIENTED_EDGE('',*,*,#13474,.T.);
#15306 = ORIENTED_EDGE('',*,*,#15307,.T.);
#15307 = EDGE_CURVE('',#13475,#14308,#15308,.T.);
#15308 = LINE('',#15309,#15310);
#15309 = CARTESIAN_POINT('',(12.3825,-5.7975,-4.6E-02));
#15310 = VECTOR('',#15311,1.);
#15311 = DIRECTION('',(0.,0.,1.));
#15312 = ORIENTED_EDGE('',*,*,#14307,.F.);
#15313 = ORIENTED_EDGE('',*,*,#15307,.F.);
#15314 = CYLINDRICAL_SURFACE('',#15315,0.4);
#15315 = AXIS2_PLACEMENT_3D('',#15316,#15317,#15318);
#15316 = CARTESIAN_POINT('',(12.3825,-5.3975,-4.6E-02));
#15317 = DIRECTION('',(-0.,-0.,-1.));
#15318 = DIRECTION('',(-0.,-1.,0.));
#15319 = ADVANCED_FACE('',(#15320),#15331,.F.);
#15320 = FACE_BOUND('',#15321,.T.);
#15321 = EDGE_LOOP('',(#15322,#15323,#15329,#15330));
#15322 = ORIENTED_EDGE('',*,*,#13485,.T.);
#15323 = ORIENTED_EDGE('',*,*,#15324,.T.);
#15324 = EDGE_CURVE('',#13486,#14319,#15325,.T.);
#15325 = LINE('',#15326,#15327);
#15326 = CARTESIAN_POINT('',(14.9225,-5.7975,-4.6E-02));
#15327 = VECTOR('',#15328,1.);
#15328 = DIRECTION('',(0.,0.,1.));
#15329 = ORIENTED_EDGE('',*,*,#14318,.F.);
#15330 = ORIENTED_EDGE('',*,*,#15324,.F.);
#15331 = CYLINDRICAL_SURFACE('',#15332,0.4);
#15332 = AXIS2_PLACEMENT_3D('',#15333,#15334,#15335);
#15333 = CARTESIAN_POINT('',(14.9225,-5.3975,-4.6E-02));
#15334 = DIRECTION('',(-0.,-0.,-1.));
#15335 = DIRECTION('',(-0.,-1.,0.));
#15336 = ADVANCED_FACE('',(#15337),#15348,.F.);
#15337 = FACE_BOUND('',#15338,.T.);
#15338 = EDGE_LOOP('',(#15339,#15340,#15346,#15347));
#15339 = ORIENTED_EDGE('',*,*,#13496,.T.);
#15340 = ORIENTED_EDGE('',*,*,#15341,.T.);
#15341 = EDGE_CURVE('',#13497,#14330,#15342,.T.);
#15342 = LINE('',#15343,#15344);
#15343 = CARTESIAN_POINT('',(6.0325,-2.6225,-4.6E-02));
#15344 = VECTOR('',#15345,1.);
#15345 = DIRECTION('',(0.,0.,1.));
#15346 = ORIENTED_EDGE('',*,*,#14329,.F.);
#15347 = ORIENTED_EDGE('',*,*,#15341,.F.);
#15348 = CYLINDRICAL_SURFACE('',#15349,0.4);
#15349 = AXIS2_PLACEMENT_3D('',#15350,#15351,#15352);
#15350 = CARTESIAN_POINT('',(6.0325,-2.2225,-4.6E-02));
#15351 = DIRECTION('',(-0.,-0.,-1.));
#15352 = DIRECTION('',(-2.22044604925E-15,-1.,0.));
#15353 = ADVANCED_FACE('',(#15354),#15365,.F.);
#15354 = FACE_BOUND('',#15355,.T.);
#15355 = EDGE_LOOP('',(#15356,#15357,#15363,#15364));
#15356 = ORIENTED_EDGE('',*,*,#13507,.T.);
#15357 = ORIENTED_EDGE('',*,*,#15358,.T.);
#15358 = EDGE_CURVE('',#13508,#14341,#15359,.T.);
#15359 = LINE('',#15360,#15361);
#15360 = CARTESIAN_POINT('',(9.8425,-2.6225,-4.6E-02));
#15361 = VECTOR('',#15362,1.);
#15362 = DIRECTION('',(0.,0.,1.));
#15363 = ORIENTED_EDGE('',*,*,#14340,.F.);
#15364 = ORIENTED_EDGE('',*,*,#15358,.F.);
#15365 = CYLINDRICAL_SURFACE('',#15366,0.4);
#15366 = AXIS2_PLACEMENT_3D('',#15367,#15368,#15369);
#15367 = CARTESIAN_POINT('',(9.8425,-2.2225,-4.6E-02));
#15368 = DIRECTION('',(-0.,-0.,-1.));
#15369 = DIRECTION('',(-4.440892098501E-15,-1.,0.));
#15370 = ADVANCED_FACE('',(#15371),#15382,.F.);
#15371 = FACE_BOUND('',#15372,.T.);
#15372 = EDGE_LOOP('',(#15373,#15374,#15380,#15381));
#15373 = ORIENTED_EDGE('',*,*,#13518,.T.);
#15374 = ORIENTED_EDGE('',*,*,#15375,.T.);
#15375 = EDGE_CURVE('',#13519,#14352,#15376,.T.);
#15376 = LINE('',#15377,#15378);
#15377 = CARTESIAN_POINT('',(12.3425,-2.6225,-4.6E-02));
#15378 = VECTOR('',#15379,1.);
#15379 = DIRECTION('',(0.,0.,1.));
#15380 = ORIENTED_EDGE('',*,*,#14351,.F.);
#15381 = ORIENTED_EDGE('',*,*,#15375,.F.);
#15382 = CYLINDRICAL_SURFACE('',#15383,0.4);
#15383 = AXIS2_PLACEMENT_3D('',#15384,#15385,#15386);
#15384 = CARTESIAN_POINT('',(12.3425,-2.2225,-4.6E-02));
#15385 = DIRECTION('',(-0.,-0.,-1.));
#15386 = DIRECTION('',(-4.440892098501E-15,-1.,0.));
#15387 = ADVANCED_FACE('',(#15388),#15399,.F.);
#15388 = FACE_BOUND('',#15389,.T.);
#15389 = EDGE_LOOP('',(#15390,#15391,#15397,#15398));
#15390 = ORIENTED_EDGE('',*,*,#13529,.T.);
#15391 = ORIENTED_EDGE('',*,*,#15392,.T.);
#15392 = EDGE_CURVE('',#13530,#14363,#15393,.T.);
#15393 = LINE('',#15394,#15395);
#15394 = CARTESIAN_POINT('',(17.4625,-5.7975,-4.6E-02));
#15395 = VECTOR('',#15396,1.);
#15396 = DIRECTION('',(0.,0.,1.));
#15397 = ORIENTED_EDGE('',*,*,#14362,.F.);
#15398 = ORIENTED_EDGE('',*,*,#15392,.F.);
#15399 = CYLINDRICAL_SURFACE('',#15400,0.4);
#15400 = AXIS2_PLACEMENT_3D('',#15401,#15402,#15403);
#15401 = CARTESIAN_POINT('',(17.4625,-5.3975,-4.6E-02));
#15402 = DIRECTION('',(-0.,-0.,-1.));
#15403 = DIRECTION('',(-0.,-1.,0.));
#15404 = ADVANCED_FACE('',(#15405),#15416,.F.);
#15405 = FACE_BOUND('',#15406,.T.);
#15406 = EDGE_LOOP('',(#15407,#15408,#15414,#15415));
#15407 = ORIENTED_EDGE('',*,*,#13540,.T.);
#15408 = ORIENTED_EDGE('',*,*,#15409,.T.);
#15409 = EDGE_CURVE('',#13541,#14374,#15410,.T.);
#15410 = LINE('',#15411,#15412);
#15411 = CARTESIAN_POINT('',(21.2725,-2.6225,-4.6E-02));
#15412 = VECTOR('',#15413,1.);
#15413 = DIRECTION('',(0.,0.,1.));
#15414 = ORIENTED_EDGE('',*,*,#14373,.F.);
#15415 = ORIENTED_EDGE('',*,*,#15409,.F.);
#15416 = CYLINDRICAL_SURFACE('',#15417,0.4);
#15417 = AXIS2_PLACEMENT_3D('',#15418,#15419,#15420);
#15418 = CARTESIAN_POINT('',(21.2725,-2.2225,-4.6E-02));
#15419 = DIRECTION('',(-0.,-0.,-1.));
#15420 = DIRECTION('',(-0.,-1.,0.));
#15421 = ADVANCED_FACE('',(#15422),#15433,.F.);
#15422 = FACE_BOUND('',#15423,.T.);
#15423 = EDGE_LOOP('',(#15424,#15425,#15431,#15432));
#15424 = ORIENTED_EDGE('',*,*,#13551,.T.);
#15425 = ORIENTED_EDGE('',*,*,#15426,.T.);
#15426 = EDGE_CURVE('',#13552,#14385,#15427,.T.);
#15427 = LINE('',#15428,#15429);
#15428 = CARTESIAN_POINT('',(26.3525,-4.5425,-4.6E-02));
#15429 = VECTOR('',#15430,1.);
#15430 = DIRECTION('',(0.,0.,1.));
#15431 = ORIENTED_EDGE('',*,*,#14384,.F.);
#15432 = ORIENTED_EDGE('',*,*,#15426,.F.);
#15433 = CYLINDRICAL_SURFACE('',#15434,0.475);
#15434 = AXIS2_PLACEMENT_3D('',#15435,#15436,#15437);
#15435 = CARTESIAN_POINT('',(26.3525,-4.0675,-4.6E-02));
#15436 = DIRECTION('',(-0.,-0.,-1.));
#15437 = DIRECTION('',(-0.,-1.,0.));
#15438 = ADVANCED_FACE('',(#15439),#15450,.F.);
#15439 = FACE_BOUND('',#15440,.T.);
#15440 = EDGE_LOOP('',(#15441,#15442,#15448,#15449));
#15441 = ORIENTED_EDGE('',*,*,#13562,.T.);
#15442 = ORIENTED_EDGE('',*,*,#15443,.T.);
#15443 = EDGE_CURVE('',#13563,#14396,#15444,.T.);
#15444 = LINE('',#15445,#15446);
#15445 = CARTESIAN_POINT('',(26.3525,-2.0425,-4.6E-02));
#15446 = VECTOR('',#15447,1.);
#15447 = DIRECTION('',(0.,0.,1.));
#15448 = ORIENTED_EDGE('',*,*,#14395,.F.);
#15449 = ORIENTED_EDGE('',*,*,#15443,.F.);
#15450 = CYLINDRICAL_SURFACE('',#15451,0.475);
#15451 = AXIS2_PLACEMENT_3D('',#15452,#15453,#15454);
#15452 = CARTESIAN_POINT('',(26.3525,-1.5675,-4.6E-02));
#15453 = DIRECTION('',(-0.,-0.,-1.));
#15454 = DIRECTION('',(-0.,-1.,0.));
#15455 = ADVANCED_FACE('',(#15456),#15467,.F.);
#15456 = FACE_BOUND('',#15457,.T.);
#15457 = EDGE_LOOP('',(#15458,#15459,#15465,#15466));
#15458 = ORIENTED_EDGE('',*,*,#13573,.T.);
#15459 = ORIENTED_EDGE('',*,*,#15460,.T.);
#15460 = EDGE_CURVE('',#13574,#14407,#15461,.T.);
#15461 = LINE('',#15462,#15463);
#15462 = CARTESIAN_POINT('',(-30.7975,1.6225,-4.6E-02));
#15463 = VECTOR('',#15464,1.);
#15464 = DIRECTION('',(0.,0.,1.));
#15465 = ORIENTED_EDGE('',*,*,#14406,.F.);
#15466 = ORIENTED_EDGE('',*,*,#15460,.F.);
#15467 = CYLINDRICAL_SURFACE('',#15468,0.6);
#15468 = AXIS2_PLACEMENT_3D('',#15469,#15470,#15471);
#15469 = CARTESIAN_POINT('',(-30.7975,2.2225,-4.6E-02));
#15470 = DIRECTION('',(-0.,-0.,-1.));
#15471 = DIRECTION('',(-0.,-1.,0.));
#15472 = ADVANCED_FACE('',(#15473),#15484,.F.);
#15473 = FACE_BOUND('',#15474,.T.);
#15474 = EDGE_LOOP('',(#15475,#15476,#15482,#15483));
#15475 = ORIENTED_EDGE('',*,*,#13584,.T.);
#15476 = ORIENTED_EDGE('',*,*,#15477,.T.);
#15477 = EDGE_CURVE('',#13585,#14418,#15478,.T.);
#15478 = LINE('',#15479,#15480);
#15479 = CARTESIAN_POINT('',(-23.1775,3.0925,-4.6E-02));
#15480 = VECTOR('',#15481,1.);
#15481 = DIRECTION('',(0.,0.,1.));
#15482 = ORIENTED_EDGE('',*,*,#14417,.F.);
#15483 = ORIENTED_EDGE('',*,*,#15477,.F.);
#15484 = CYLINDRICAL_SURFACE('',#15485,0.4);
#15485 = AXIS2_PLACEMENT_3D('',#15486,#15487,#15488);
#15486 = CARTESIAN_POINT('',(-23.1775,3.4925,-4.6E-02));
#15487 = DIRECTION('',(-0.,0.,-1.));
#15488 = DIRECTION('',(8.881784197001E-15,-1.,-0.));
#15489 = ADVANCED_FACE('',(#15490),#15501,.F.);
#15490 = FACE_BOUND('',#15491,.T.);
#15491 = EDGE_LOOP('',(#15492,#15493,#15499,#15500));
#15492 = ORIENTED_EDGE('',*,*,#13595,.T.);
#15493 = ORIENTED_EDGE('',*,*,#15494,.T.);
#15494 = EDGE_CURVE('',#13596,#14429,#15495,.T.);
#15495 = LINE('',#15496,#15497);
#15496 = CARTESIAN_POINT('',(-15.5575,3.0925,-4.6E-02));
#15497 = VECTOR('',#15498,1.);
#15498 = DIRECTION('',(0.,0.,1.));
#15499 = ORIENTED_EDGE('',*,*,#14428,.F.);
#15500 = ORIENTED_EDGE('',*,*,#15494,.F.);
#15501 = CYLINDRICAL_SURFACE('',#15502,0.4);
#15502 = AXIS2_PLACEMENT_3D('',#15503,#15504,#15505);
#15503 = CARTESIAN_POINT('',(-15.5575,3.4925,-4.6E-02));
#15504 = DIRECTION('',(-0.,0.,-1.));
#15505 = DIRECTION('',(4.440892098501E-15,-1.,-0.));
#15506 = ADVANCED_FACE('',(#15507),#15518,.F.);
#15507 = FACE_BOUND('',#15508,.T.);
#15508 = EDGE_LOOP('',(#15509,#15510,#15516,#15517));
#15509 = ORIENTED_EDGE('',*,*,#13606,.T.);
#15510 = ORIENTED_EDGE('',*,*,#15511,.T.);
#15511 = EDGE_CURVE('',#13607,#14440,#15512,.T.);
#15512 = LINE('',#15513,#15514);
#15513 = CARTESIAN_POINT('',(-23.1775,5.6325,-4.6E-02));
#15514 = VECTOR('',#15515,1.);
#15515 = DIRECTION('',(0.,0.,1.));
#15516 = ORIENTED_EDGE('',*,*,#14439,.F.);
#15517 = ORIENTED_EDGE('',*,*,#15511,.F.);
#15518 = CYLINDRICAL_SURFACE('',#15519,0.4);
#15519 = AXIS2_PLACEMENT_3D('',#15520,#15521,#15522);
#15520 = CARTESIAN_POINT('',(-23.1775,6.0325,-4.6E-02));
#15521 = DIRECTION('',(-0.,0.,-1.));
#15522 = DIRECTION('',(8.881784197001E-15,-1.,-0.));
#15523 = ADVANCED_FACE('',(#15524),#15535,.F.);
#15524 = FACE_BOUND('',#15525,.T.);
#15525 = EDGE_LOOP('',(#15526,#15527,#15533,#15534));
#15526 = ORIENTED_EDGE('',*,*,#13617,.T.);
#15527 = ORIENTED_EDGE('',*,*,#15528,.T.);
#15528 = EDGE_CURVE('',#13618,#14451,#15529,.T.);
#15529 = LINE('',#15530,#15531);
#15530 = CARTESIAN_POINT('',(-15.5575,5.6325,-4.6E-02));
#15531 = VECTOR('',#15532,1.);
#15532 = DIRECTION('',(0.,0.,1.));
#15533 = ORIENTED_EDGE('',*,*,#14450,.F.);
#15534 = ORIENTED_EDGE('',*,*,#15528,.F.);
#15535 = CYLINDRICAL_SURFACE('',#15536,0.4);
#15536 = AXIS2_PLACEMENT_3D('',#15537,#15538,#15539);
#15537 = CARTESIAN_POINT('',(-15.5575,6.0325,-4.6E-02));
#15538 = DIRECTION('',(-0.,0.,-1.));
#15539 = DIRECTION('',(4.440892098501E-15,-1.,-0.));
#15540 = ADVANCED_FACE('',(#15541),#15552,.F.);
#15541 = FACE_BOUND('',#15542,.T.);
#15542 = EDGE_LOOP('',(#15543,#15544,#15550,#15551));
#15543 = ORIENTED_EDGE('',*,*,#13628,.T.);
#15544 = ORIENTED_EDGE('',*,*,#15545,.T.);
#15545 = EDGE_CURVE('',#13629,#14462,#15546,.T.);
#15546 = LINE('',#15547,#15548);
#15547 = CARTESIAN_POINT('',(-11.7475,1.1875,-4.6E-02));
#15548 = VECTOR('',#15549,1.);
#15549 = DIRECTION('',(0.,0.,1.));
#15550 = ORIENTED_EDGE('',*,*,#14461,.F.);
#15551 = ORIENTED_EDGE('',*,*,#15545,.F.);
#15552 = CYLINDRICAL_SURFACE('',#15553,0.4);
#15553 = AXIS2_PLACEMENT_3D('',#15554,#15555,#15556);
#15554 = CARTESIAN_POINT('',(-11.7475,1.5875,-4.6E-02));
#15555 = DIRECTION('',(-0.,-0.,-1.));
#15556 = DIRECTION('',(-0.,-1.,0.));
#15557 = ADVANCED_FACE('',(#15558),#15569,.F.);
#15558 = FACE_BOUND('',#15559,.T.);
#15559 = EDGE_LOOP('',(#15560,#15561,#15567,#15568));
#15560 = ORIENTED_EDGE('',*,*,#13639,.T.);
#15561 = ORIENTED_EDGE('',*,*,#15562,.T.);
#15562 = EDGE_CURVE('',#13640,#14473,#15563,.T.);
#15563 = LINE('',#15564,#15565);
#15564 = CARTESIAN_POINT('',(-4.1275,1.1875,-4.6E-02));
#15565 = VECTOR('',#15566,1.);
#15566 = DIRECTION('',(0.,0.,1.));
#15567 = ORIENTED_EDGE('',*,*,#14472,.F.);
#15568 = ORIENTED_EDGE('',*,*,#15562,.F.);
#15569 = CYLINDRICAL_SURFACE('',#15570,0.4);
#15570 = AXIS2_PLACEMENT_3D('',#15571,#15572,#15573);
#15571 = CARTESIAN_POINT('',(-4.1275,1.5875,-4.6E-02));
#15572 = DIRECTION('',(-0.,-0.,-1.));
#15573 = DIRECTION('',(-2.22044604925E-15,-1.,0.));
#15574 = ADVANCED_FACE('',(#15575),#15586,.F.);
#15575 = FACE_BOUND('',#15576,.T.);
#15576 = EDGE_LOOP('',(#15577,#15578,#15584,#15585));
#15577 = ORIENTED_EDGE('',*,*,#13650,.T.);
#15578 = ORIENTED_EDGE('',*,*,#15579,.T.);
#15579 = EDGE_CURVE('',#13651,#14484,#15580,.T.);
#15580 = LINE('',#15581,#15582);
#15581 = CARTESIAN_POINT('',(-0.3175,1.1875,-4.6E-02));
#15582 = VECTOR('',#15583,1.);
#15583 = DIRECTION('',(0.,0.,1.));
#15584 = ORIENTED_EDGE('',*,*,#14483,.F.);
#15585 = ORIENTED_EDGE('',*,*,#15579,.F.);
#15586 = CYLINDRICAL_SURFACE('',#15587,0.4);
#15587 = AXIS2_PLACEMENT_3D('',#15588,#15589,#15590);
#15588 = CARTESIAN_POINT('',(-0.3175,1.5875,-4.6E-02));
#15589 = DIRECTION('',(-0.,-0.,-1.));
#15590 = DIRECTION('',(-0.,-1.,0.));
#15591 = ADVANCED_FACE('',(#15592),#15603,.F.);
#15592 = FACE_BOUND('',#15593,.T.);
#15593 = EDGE_LOOP('',(#15594,#15595,#15601,#15602));
#15594 = ORIENTED_EDGE('',*,*,#13661,.T.);
#15595 = ORIENTED_EDGE('',*,*,#15596,.T.);
#15596 = EDGE_CURVE('',#13662,#14495,#15597,.T.);
#15597 = LINE('',#15598,#15599);
#15598 = CARTESIAN_POINT('',(-0.3175,3.6875,-4.6E-02));
#15599 = VECTOR('',#15600,1.);
#15600 = DIRECTION('',(0.,0.,1.));
#15601 = ORIENTED_EDGE('',*,*,#14494,.F.);
#15602 = ORIENTED_EDGE('',*,*,#15596,.F.);
#15603 = CYLINDRICAL_SURFACE('',#15604,0.4);
#15604 = AXIS2_PLACEMENT_3D('',#15605,#15606,#15607);
#15605 = CARTESIAN_POINT('',(-0.3175,4.0875,-4.6E-02));
#15606 = DIRECTION('',(-0.,-0.,-1.));
#15607 = DIRECTION('',(-0.,-1.,0.));
#15608 = ADVANCED_FACE('',(#15609),#15620,.F.);
#15609 = FACE_BOUND('',#15610,.T.);
#15610 = EDGE_LOOP('',(#15611,#15612,#15618,#15619));
#15611 = ORIENTED_EDGE('',*,*,#13672,.T.);
#15612 = ORIENTED_EDGE('',*,*,#15613,.T.);
#15613 = EDGE_CURVE('',#13673,#14506,#15614,.T.);
#15614 = LINE('',#15615,#15616);
#15615 = CARTESIAN_POINT('',(-23.1775,8.1725,-4.6E-02));
#15616 = VECTOR('',#15617,1.);
#15617 = DIRECTION('',(0.,0.,1.));
#15618 = ORIENTED_EDGE('',*,*,#14505,.F.);
#15619 = ORIENTED_EDGE('',*,*,#15613,.F.);
#15620 = CYLINDRICAL_SURFACE('',#15621,0.4);
#15621 = AXIS2_PLACEMENT_3D('',#15622,#15623,#15624);
#15622 = CARTESIAN_POINT('',(-23.1775,8.5725,-4.6E-02));
#15623 = DIRECTION('',(-0.,0.,-1.));
#15624 = DIRECTION('',(8.881784197001E-15,-1.,-0.));
#15625 = ADVANCED_FACE('',(#15626),#15637,.F.);
#15626 = FACE_BOUND('',#15627,.T.);
#15627 = EDGE_LOOP('',(#15628,#15629,#15635,#15636));
#15628 = ORIENTED_EDGE('',*,*,#13683,.T.);
#15629 = ORIENTED_EDGE('',*,*,#15630,.T.);
#15630 = EDGE_CURVE('',#13684,#14517,#15631,.T.);
#15631 = LINE('',#15632,#15633);
#15632 = CARTESIAN_POINT('',(-15.5575,8.1725,-4.6E-02));
#15633 = VECTOR('',#15634,1.);
#15634 = DIRECTION('',(0.,0.,1.));
#15635 = ORIENTED_EDGE('',*,*,#14516,.F.);
#15636 = ORIENTED_EDGE('',*,*,#15630,.F.);
#15637 = CYLINDRICAL_SURFACE('',#15638,0.4);
#15638 = AXIS2_PLACEMENT_3D('',#15639,#15640,#15641);
#15639 = CARTESIAN_POINT('',(-15.5575,8.5725,-4.6E-02));
#15640 = DIRECTION('',(-0.,0.,-1.));
#15641 = DIRECTION('',(4.440892098501E-15,-1.,-0.));
#15642 = ADVANCED_FACE('',(#15643),#15654,.F.);
#15643 = FACE_BOUND('',#15644,.T.);
#15644 = EDGE_LOOP('',(#15645,#15646,#15652,#15653));
#15645 = ORIENTED_EDGE('',*,*,#13694,.T.);
#15646 = ORIENTED_EDGE('',*,*,#15647,.T.);
#15647 = EDGE_CURVE('',#13695,#14528,#15648,.T.);
#15648 = LINE('',#15649,#15650);
#15649 = CARTESIAN_POINT('',(-29.2735,9.5125,-4.6E-02));
#15650 = VECTOR('',#15651,1.);
#15651 = DIRECTION('',(0.,0.,1.));
#15652 = ORIENTED_EDGE('',*,*,#14527,.F.);
#15653 = ORIENTED_EDGE('',*,*,#15647,.F.);
#15654 = CYLINDRICAL_SURFACE('',#15655,1.6);
#15655 = AXIS2_PLACEMENT_3D('',#15656,#15657,#15658);
#15656 = CARTESIAN_POINT('',(-29.2735,11.1125,-4.6E-02));
#15657 = DIRECTION('',(-0.,-0.,-1.));
#15658 = DIRECTION('',(-0.,-1.,0.));
#15659 = ADVANCED_FACE('',(#15660),#15671,.F.);
#15660 = FACE_BOUND('',#15661,.T.);
#15661 = EDGE_LOOP('',(#15662,#15663,#15669,#15670));
#15662 = ORIENTED_EDGE('',*,*,#13705,.T.);
#15663 = ORIENTED_EDGE('',*,*,#15664,.T.);
#15664 = EDGE_CURVE('',#13706,#14539,#15665,.T.);
#15665 = LINE('',#15666,#15667);
#15666 = CARTESIAN_POINT('',(-25.0825,13.8875,-4.6E-02));
#15667 = VECTOR('',#15668,1.);
#15668 = DIRECTION('',(0.,0.,1.));
#15669 = ORIENTED_EDGE('',*,*,#14538,.F.);
#15670 = ORIENTED_EDGE('',*,*,#15664,.F.);
#15671 = CYLINDRICAL_SURFACE('',#15672,0.4);
#15672 = AXIS2_PLACEMENT_3D('',#15673,#15674,#15675);
#15673 = CARTESIAN_POINT('',(-25.0825,14.2875,-4.6E-02));
#15674 = DIRECTION('',(-0.,0.,-1.));
#15675 = DIRECTION('',(8.881784197001E-15,-1.,-0.));
#15676 = ADVANCED_FACE('',(#15677),#15688,.F.);
#15677 = FACE_BOUND('',#15678,.T.);
#15678 = EDGE_LOOP('',(#15679,#15680,#15686,#15687));
#15679 = ORIENTED_EDGE('',*,*,#13716,.T.);
#15680 = ORIENTED_EDGE('',*,*,#15681,.T.);
#15681 = EDGE_CURVE('',#13717,#14550,#15682,.T.);
#15682 = LINE('',#15683,#15684);
#15683 = CARTESIAN_POINT('',(-23.1775,10.7125,-4.6E-02));
#15684 = VECTOR('',#15685,1.);
#15685 = DIRECTION('',(0.,0.,1.));
#15686 = ORIENTED_EDGE('',*,*,#14549,.F.);
#15687 = ORIENTED_EDGE('',*,*,#15681,.F.);
#15688 = CYLINDRICAL_SURFACE('',#15689,0.4);
#15689 = AXIS2_PLACEMENT_3D('',#15690,#15691,#15692);
#15690 = CARTESIAN_POINT('',(-23.1775,11.1125,-4.6E-02));
#15691 = DIRECTION('',(-0.,0.,-1.));
#15692 = DIRECTION('',(8.881784197001E-15,-1.,-0.));
#15693 = ADVANCED_FACE('',(#15694),#15705,.F.);
#15694 = FACE_BOUND('',#15695,.T.);
#15695 = EDGE_LOOP('',(#15696,#15697,#15703,#15704));
#15696 = ORIENTED_EDGE('',*,*,#13727,.T.);
#15697 = ORIENTED_EDGE('',*,*,#15698,.T.);
#15698 = EDGE_CURVE('',#13728,#14561,#15699,.T.);
#15699 = LINE('',#15700,#15701);
#15700 = CARTESIAN_POINT('',(-15.5575,10.7125,-4.6E-02));
#15701 = VECTOR('',#15702,1.);
#15702 = DIRECTION('',(0.,0.,1.));
#15703 = ORIENTED_EDGE('',*,*,#14560,.F.);
#15704 = ORIENTED_EDGE('',*,*,#15698,.F.);
#15705 = CYLINDRICAL_SURFACE('',#15706,0.4);
#15706 = AXIS2_PLACEMENT_3D('',#15707,#15708,#15709);
#15707 = CARTESIAN_POINT('',(-15.5575,11.1125,-4.6E-02));
#15708 = DIRECTION('',(-0.,0.,-1.));
#15709 = DIRECTION('',(4.440892098501E-15,-1.,-0.));
#15710 = ADVANCED_FACE('',(#15711),#15722,.F.);
#15711 = FACE_BOUND('',#15712,.T.);
#15712 = EDGE_LOOP('',(#15713,#15714,#15720,#15721));
#15713 = ORIENTED_EDGE('',*,*,#13738,.T.);
#15714 = ORIENTED_EDGE('',*,*,#15715,.T.);
#15715 = EDGE_CURVE('',#13739,#14572,#15716,.T.);
#15716 = LINE('',#15717,#15718);
#15717 = CARTESIAN_POINT('',(-22.5825,13.8875,-4.6E-02));
#15718 = VECTOR('',#15719,1.);
#15719 = DIRECTION('',(0.,0.,1.));
#15720 = ORIENTED_EDGE('',*,*,#14571,.F.);
#15721 = ORIENTED_EDGE('',*,*,#15715,.F.);
#15722 = CYLINDRICAL_SURFACE('',#15723,0.4);
#15723 = AXIS2_PLACEMENT_3D('',#15724,#15725,#15726);
#15724 = CARTESIAN_POINT('',(-22.5825,14.2875,-4.6E-02));
#15725 = DIRECTION('',(-0.,0.,-1.));
#15726 = DIRECTION('',(8.881784197001E-15,-1.,-0.));
#15727 = ADVANCED_FACE('',(#15728),#15739,.F.);
#15728 = FACE_BOUND('',#15729,.T.);
#15729 = EDGE_LOOP('',(#15730,#15731,#15737,#15738));
#15730 = ORIENTED_EDGE('',*,*,#13749,.T.);
#15731 = ORIENTED_EDGE('',*,*,#15732,.T.);
#15732 = EDGE_CURVE('',#13750,#14583,#15733,.T.);
#15733 = LINE('',#15734,#15735);
#15734 = CARTESIAN_POINT('',(-18.0575,13.8875,-4.6E-02));
#15735 = VECTOR('',#15736,1.);
#15736 = DIRECTION('',(0.,0.,1.));
#15737 = ORIENTED_EDGE('',*,*,#14582,.F.);
#15738 = ORIENTED_EDGE('',*,*,#15732,.F.);
#15739 = CYLINDRICAL_SURFACE('',#15740,0.4);
#15740 = AXIS2_PLACEMENT_3D('',#15741,#15742,#15743);
#15741 = CARTESIAN_POINT('',(-18.0575,14.2875,-4.6E-02));
#15742 = DIRECTION('',(-0.,-0.,-1.));
#15743 = DIRECTION('',(-8.881784197001E-15,-1.,0.));
#15744 = ADVANCED_FACE('',(#15745),#15756,.F.);
#15745 = FACE_BOUND('',#15746,.T.);
#15746 = EDGE_LOOP('',(#15747,#15748,#15754,#15755));
#15747 = ORIENTED_EDGE('',*,*,#13760,.T.);
#15748 = ORIENTED_EDGE('',*,*,#15749,.T.);
#15749 = EDGE_CURVE('',#13761,#14594,#15750,.T.);
#15750 = LINE('',#15751,#15752);
#15751 = CARTESIAN_POINT('',(-15.5575,13.8875,-4.6E-02));
#15752 = VECTOR('',#15753,1.);
#15753 = DIRECTION('',(0.,0.,1.));
#15754 = ORIENTED_EDGE('',*,*,#14593,.F.);
#15755 = ORIENTED_EDGE('',*,*,#15749,.F.);
#15756 = CYLINDRICAL_SURFACE('',#15757,0.4);
#15757 = AXIS2_PLACEMENT_3D('',#15758,#15759,#15760);
#15758 = CARTESIAN_POINT('',(-15.5575,14.2875,-4.6E-02));
#15759 = DIRECTION('',(-0.,0.,-1.));
#15760 = DIRECTION('',(4.440892098501E-15,-1.,-0.));
#15761 = ADVANCED_FACE('',(#15762),#15773,.F.);
#15762 = FACE_BOUND('',#15763,.T.);
#15763 = EDGE_LOOP('',(#15764,#15765,#15771,#15772));
#15764 = ORIENTED_EDGE('',*,*,#13771,.T.);
#15765 = ORIENTED_EDGE('',*,*,#15766,.T.);
#15766 = EDGE_CURVE('',#13772,#14605,#15767,.T.);
#15767 = LINE('',#15768,#15769);
#15768 = CARTESIAN_POINT('',(-11.7475,13.8875,-4.6E-02));
#15769 = VECTOR('',#15770,1.);
#15770 = DIRECTION('',(0.,0.,1.));
#15771 = ORIENTED_EDGE('',*,*,#14604,.F.);
#15772 = ORIENTED_EDGE('',*,*,#15766,.F.);
#15773 = CYLINDRICAL_SURFACE('',#15774,0.4);
#15774 = AXIS2_PLACEMENT_3D('',#15775,#15776,#15777);
#15775 = CARTESIAN_POINT('',(-11.7475,14.2875,-4.6E-02));
#15776 = DIRECTION('',(-0.,-0.,-1.));
#15777 = DIRECTION('',(-0.,-1.,0.));
#15778 = ADVANCED_FACE('',(#15779),#15790,.F.);
#15779 = FACE_BOUND('',#15780,.T.);
#15780 = EDGE_LOOP('',(#15781,#15782,#15788,#15789));
#15781 = ORIENTED_EDGE('',*,*,#13782,.T.);
#15782 = ORIENTED_EDGE('',*,*,#15783,.T.);
#15783 = EDGE_CURVE('',#13783,#14616,#15784,.T.);
#15784 = LINE('',#15785,#15786);
#15785 = CARTESIAN_POINT('',(-4.1275,13.8875,-4.6E-02));
#15786 = VECTOR('',#15787,1.);
#15787 = DIRECTION('',(0.,0.,1.));
#15788 = ORIENTED_EDGE('',*,*,#14615,.F.);
#15789 = ORIENTED_EDGE('',*,*,#15783,.F.);
#15790 = CYLINDRICAL_SURFACE('',#15791,0.4);
#15791 = AXIS2_PLACEMENT_3D('',#15792,#15793,#15794);
#15792 = CARTESIAN_POINT('',(-4.1275,14.2875,-4.6E-02));
#15793 = DIRECTION('',(-0.,-0.,-1.));
#15794 = DIRECTION('',(-2.22044604925E-15,-1.,0.));
#15795 = ADVANCED_FACE('',(#15796),#15807,.F.);
#15796 = FACE_BOUND('',#15797,.T.);
#15797 = EDGE_LOOP('',(#15798,#15799,#15805,#15806));
#15798 = ORIENTED_EDGE('',*,*,#13793,.T.);
#15799 = ORIENTED_EDGE('',*,*,#15800,.T.);
#15800 = EDGE_CURVE('',#13794,#14627,#15801,.T.);
#15801 = LINE('',#15802,#15803);
#15802 = CARTESIAN_POINT('',(6.0325,1.1875,-4.6E-02));
#15803 = VECTOR('',#15804,1.);
#15804 = DIRECTION('',(0.,0.,1.));
#15805 = ORIENTED_EDGE('',*,*,#14626,.F.);
#15806 = ORIENTED_EDGE('',*,*,#15800,.F.);
#15807 = CYLINDRICAL_SURFACE('',#15808,0.4);
#15808 = AXIS2_PLACEMENT_3D('',#15809,#15810,#15811);
#15809 = CARTESIAN_POINT('',(6.0325,1.5875,-4.6E-02));
#15810 = DIRECTION('',(-0.,-0.,-1.));
#15811 = DIRECTION('',(-2.22044604925E-15,-1.,0.));
#15812 = ADVANCED_FACE('',(#15813),#15824,.F.);
#15813 = FACE_BOUND('',#15814,.T.);
#15814 = EDGE_LOOP('',(#15815,#15816,#15822,#15823));
#15815 = ORIENTED_EDGE('',*,*,#13804,.T.);
#15816 = ORIENTED_EDGE('',*,*,#15817,.T.);
#15817 = EDGE_CURVE('',#13805,#14638,#15818,.T.);
#15818 = LINE('',#15819,#15820);
#15819 = CARTESIAN_POINT('',(9.8425,3.0925,-4.6E-02));
#15820 = VECTOR('',#15821,1.);
#15821 = DIRECTION('',(0.,0.,1.));
#15822 = ORIENTED_EDGE('',*,*,#14637,.F.);
#15823 = ORIENTED_EDGE('',*,*,#15817,.F.);
#15824 = CYLINDRICAL_SURFACE('',#15825,0.4);
#15825 = AXIS2_PLACEMENT_3D('',#15826,#15827,#15828);
#15826 = CARTESIAN_POINT('',(9.8425,3.4925,-4.6E-02));
#15827 = DIRECTION('',(-0.,-0.,-1.));
#15828 = DIRECTION('',(-4.440892098501E-15,-1.,0.));
#15829 = ADVANCED_FACE('',(#15830),#15841,.F.);
#15830 = FACE_BOUND('',#15831,.T.);
#15831 = EDGE_LOOP('',(#15832,#15833,#15839,#15840));
#15832 = ORIENTED_EDGE('',*,*,#13815,.T.);
#15833 = ORIENTED_EDGE('',*,*,#15834,.T.);
#15834 = EDGE_CURVE('',#13816,#14649,#15835,.T.);
#15835 = LINE('',#15836,#15837);
#15836 = CARTESIAN_POINT('',(12.3825,3.0925,-4.6E-02));
#15837 = VECTOR('',#15838,1.);
#15838 = DIRECTION('',(0.,0.,1.));
#15839 = ORIENTED_EDGE('',*,*,#14648,.F.);
#15840 = ORIENTED_EDGE('',*,*,#15834,.F.);
#15841 = CYLINDRICAL_SURFACE('',#15842,0.4);
#15842 = AXIS2_PLACEMENT_3D('',#15843,#15844,#15845);
#15843 = CARTESIAN_POINT('',(12.3825,3.4925,-4.6E-02));
#15844 = DIRECTION('',(-0.,-0.,-1.));
#15845 = DIRECTION('',(-0.,-1.,0.));
#15846 = ADVANCED_FACE('',(#15847),#15858,.F.);
#15847 = FACE_BOUND('',#15848,.T.);
#15848 = EDGE_LOOP('',(#15849,#15850,#15856,#15857));
#15849 = ORIENTED_EDGE('',*,*,#13826,.T.);
#15850 = ORIENTED_EDGE('',*,*,#15851,.T.);
#15851 = EDGE_CURVE('',#13827,#14660,#15852,.T.);
#15852 = LINE('',#15853,#15854);
#15853 = CARTESIAN_POINT('',(14.9225,3.0925,-4.6E-02));
#15854 = VECTOR('',#15855,1.);
#15855 = DIRECTION('',(0.,0.,1.));
#15856 = ORIENTED_EDGE('',*,*,#14659,.F.);
#15857 = ORIENTED_EDGE('',*,*,#15851,.F.);
#15858 = CYLINDRICAL_SURFACE('',#15859,0.4);
#15859 = AXIS2_PLACEMENT_3D('',#15860,#15861,#15862);
#15860 = CARTESIAN_POINT('',(14.9225,3.4925,-4.6E-02));
#15861 = DIRECTION('',(-0.,-0.,-1.));
#15862 = DIRECTION('',(-0.,-1.,0.));
#15863 = ADVANCED_FACE('',(#15864),#15875,.F.);
#15864 = FACE_BOUND('',#15865,.T.);
#15865 = EDGE_LOOP('',(#15866,#15867,#15873,#15874));
#15866 = ORIENTED_EDGE('',*,*,#13837,.T.);
#15867 = ORIENTED_EDGE('',*,*,#15868,.T.);
#15868 = EDGE_CURVE('',#13838,#14671,#15869,.T.);
#15869 = LINE('',#15870,#15871);
#15870 = CARTESIAN_POINT('',(21.2725,1.1875,-4.6E-02));
#15871 = VECTOR('',#15872,1.);
#15872 = DIRECTION('',(0.,0.,1.));
#15873 = ORIENTED_EDGE('',*,*,#14670,.F.);
#15874 = ORIENTED_EDGE('',*,*,#15868,.F.);
#15875 = CYLINDRICAL_SURFACE('',#15876,0.4);
#15876 = AXIS2_PLACEMENT_3D('',#15877,#15878,#15879);
#15877 = CARTESIAN_POINT('',(21.2725,1.5875,-4.6E-02));
#15878 = DIRECTION('',(-0.,-0.,-1.));
#15879 = DIRECTION('',(-0.,-1.,0.));
#15880 = ADVANCED_FACE('',(#15881),#15892,.F.);
#15881 = FACE_BOUND('',#15882,.T.);
#15882 = EDGE_LOOP('',(#15883,#15884,#15890,#15891));
#15883 = ORIENTED_EDGE('',*,*,#13848,.T.);
#15884 = ORIENTED_EDGE('',*,*,#15885,.T.);
#15885 = EDGE_CURVE('',#13849,#14682,#15886,.T.);
#15886 = LINE('',#15887,#15888);
#15887 = CARTESIAN_POINT('',(26.3525,0.4575,-4.6E-02));
#15888 = VECTOR('',#15889,1.);
#15889 = DIRECTION('',(0.,0.,1.));
#15890 = ORIENTED_EDGE('',*,*,#14681,.F.);
#15891 = ORIENTED_EDGE('',*,*,#15885,.F.);
#15892 = CYLINDRICAL_SURFACE('',#15893,0.475);
#15893 = AXIS2_PLACEMENT_3D('',#15894,#15895,#15896);
#15894 = CARTESIAN_POINT('',(26.3525,0.9325,-4.6E-02));
#15895 = DIRECTION('',(-0.,-0.,-1.));
#15896 = DIRECTION('',(-0.,-1.,0.));
#15897 = ADVANCED_FACE('',(#15898),#15909,.F.);
#15898 = FACE_BOUND('',#15899,.T.);
#15899 = EDGE_LOOP('',(#15900,#15901,#15907,#15908));
#15900 = ORIENTED_EDGE('',*,*,#13859,.T.);
#15901 = ORIENTED_EDGE('',*,*,#15902,.T.);
#15902 = EDGE_CURVE('',#13860,#14693,#15903,.T.);
#15903 = LINE('',#15904,#15905);
#15904 = CARTESIAN_POINT('',(26.3525,2.9575,-4.6E-02));
#15905 = VECTOR('',#15906,1.);
#15906 = DIRECTION('',(0.,0.,1.));
#15907 = ORIENTED_EDGE('',*,*,#14692,.F.);
#15908 = ORIENTED_EDGE('',*,*,#15902,.F.);
#15909 = CYLINDRICAL_SURFACE('',#15910,0.475);
#15910 = AXIS2_PLACEMENT_3D('',#15911,#15912,#15913);
#15911 = CARTESIAN_POINT('',(26.3525,3.4325,-4.6E-02));
#15912 = DIRECTION('',(-0.,-0.,-1.));
#15913 = DIRECTION('',(-0.,-1.,0.));
#15914 = ADVANCED_FACE('',(#15915),#15926,.F.);
#15915 = FACE_BOUND('',#15916,.T.);
#15916 = EDGE_LOOP('',(#15917,#15918,#15924,#15925));
#15917 = ORIENTED_EDGE('',*,*,#13870,.T.);
#15918 = ORIENTED_EDGE('',*,*,#15919,.T.);
#15919 = EDGE_CURVE('',#13871,#14704,#15920,.T.);
#15920 = LINE('',#15921,#15922);
#15921 = CARTESIAN_POINT('',(17.4625,3.0925,-4.6E-02));
#15922 = VECTOR('',#15923,1.);
#15923 = DIRECTION('',(0.,0.,1.));
#15924 = ORIENTED_EDGE('',*,*,#14703,.F.);
#15925 = ORIENTED_EDGE('',*,*,#15919,.F.);
#15926 = CYLINDRICAL_SURFACE('',#15927,0.4);
#15927 = AXIS2_PLACEMENT_3D('',#15928,#15929,#15930);
#15928 = CARTESIAN_POINT('',(17.4625,3.4925,-4.6E-02));
#15929 = DIRECTION('',(-0.,-0.,-1.));
#15930 = DIRECTION('',(-0.,-1.,0.));
#15931 = ADVANCED_FACE('',(#15932),#15943,.F.);
#15932 = FACE_BOUND('',#15933,.T.);
#15933 = EDGE_LOOP('',(#15934,#15935,#15941,#15942));
#15934 = ORIENTED_EDGE('',*,*,#13881,.T.);
#15935 = ORIENTED_EDGE('',*,*,#15936,.T.);
#15936 = EDGE_CURVE('',#13882,#14715,#15937,.T.);
#15937 = LINE('',#15938,#15939);
#15938 = CARTESIAN_POINT('',(6.0325,13.8875,-4.6E-02));
#15939 = VECTOR('',#15940,1.);
#15940 = DIRECTION('',(0.,0.,1.));
#15941 = ORIENTED_EDGE('',*,*,#14714,.F.);
#15942 = ORIENTED_EDGE('',*,*,#15936,.F.);
#15943 = CYLINDRICAL_SURFACE('',#15944,0.4);
#15944 = AXIS2_PLACEMENT_3D('',#15945,#15946,#15947);
#15945 = CARTESIAN_POINT('',(6.0325,14.2875,-4.6E-02));
#15946 = DIRECTION('',(-0.,-0.,-1.));
#15947 = DIRECTION('',(-2.22044604925E-15,-1.,0.));
#15948 = ADVANCED_FACE('',(#15949),#15960,.F.);
#15949 = FACE_BOUND('',#15950,.T.);
#15950 = EDGE_LOOP('',(#15951,#15952,#15958,#15959));
#15951 = ORIENTED_EDGE('',*,*,#13892,.T.);
#15952 = ORIENTED_EDGE('',*,*,#15953,.T.);
#15953 = EDGE_CURVE('',#13893,#14726,#15954,.T.);
#15954 = LINE('',#15955,#15956);
#15955 = CARTESIAN_POINT('',(9.8425,10.7125,-4.6E-02));
#15956 = VECTOR('',#15957,1.);
#15957 = DIRECTION('',(0.,0.,1.));
#15958 = ORIENTED_EDGE('',*,*,#14725,.F.);
#15959 = ORIENTED_EDGE('',*,*,#15953,.F.);
#15960 = CYLINDRICAL_SURFACE('',#15961,0.4);
#15961 = AXIS2_PLACEMENT_3D('',#15962,#15963,#15964);
#15962 = CARTESIAN_POINT('',(9.8425,11.1125,-4.6E-02));
#15963 = DIRECTION('',(-0.,-0.,-1.));
#15964 = DIRECTION('',(-4.440892098501E-15,-1.,0.));
#15965 = ADVANCED_FACE('',(#15966),#15977,.F.);
#15966 = FACE_BOUND('',#15967,.T.);
#15967 = EDGE_LOOP('',(#15968,#15969,#15975,#15976));
#15968 = ORIENTED_EDGE('',*,*,#13903,.T.);
#15969 = ORIENTED_EDGE('',*,*,#15970,.T.);
#15970 = EDGE_CURVE('',#13904,#14737,#15971,.T.);
#15971 = LINE('',#15972,#15973);
#15972 = CARTESIAN_POINT('',(12.3825,10.7125,-4.6E-02));
#15973 = VECTOR('',#15974,1.);
#15974 = DIRECTION('',(0.,0.,1.));
#15975 = ORIENTED_EDGE('',*,*,#14736,.F.);
#15976 = ORIENTED_EDGE('',*,*,#15970,.F.);
#15977 = CYLINDRICAL_SURFACE('',#15978,0.4);
#15978 = AXIS2_PLACEMENT_3D('',#15979,#15980,#15981);
#15979 = CARTESIAN_POINT('',(12.3825,11.1125,-4.6E-02));
#15980 = DIRECTION('',(-0.,-0.,-1.));
#15981 = DIRECTION('',(-0.,-1.,0.));
#15982 = ADVANCED_FACE('',(#15983),#15994,.F.);
#15983 = FACE_BOUND('',#15984,.T.);
#15984 = EDGE_LOOP('',(#15985,#15986,#15992,#15993));
#15985 = ORIENTED_EDGE('',*,*,#13914,.T.);
#15986 = ORIENTED_EDGE('',*,*,#15987,.T.);
#15987 = EDGE_CURVE('',#13915,#14748,#15988,.T.);
#15988 = LINE('',#15989,#15990);
#15989 = CARTESIAN_POINT('',(14.9225,10.7125,-4.6E-02));
#15990 = VECTOR('',#15991,1.);
#15991 = DIRECTION('',(0.,0.,1.));
#15992 = ORIENTED_EDGE('',*,*,#14747,.F.);
#15993 = ORIENTED_EDGE('',*,*,#15987,.F.);
#15994 = CYLINDRICAL_SURFACE('',#15995,0.4);
#15995 = AXIS2_PLACEMENT_3D('',#15996,#15997,#15998);
#15996 = CARTESIAN_POINT('',(14.9225,11.1125,-4.6E-02));
#15997 = DIRECTION('',(-0.,-0.,-1.));
#15998 = DIRECTION('',(-0.,-1.,0.));
#15999 = ADVANCED_FACE('',(#16000),#16011,.F.);
#16000 = FACE_BOUND('',#16001,.T.);
#16001 = EDGE_LOOP('',(#16002,#16003,#16009,#16010));
#16002 = ORIENTED_EDGE('',*,*,#13925,.T.);
#16003 = ORIENTED_EDGE('',*,*,#16004,.T.);
#16004 = EDGE_CURVE('',#13926,#14759,#16005,.T.);
#16005 = LINE('',#16006,#16007);
#16006 = CARTESIAN_POINT('',(9.8425,13.8875,-4.6E-02));
#16007 = VECTOR('',#16008,1.);
#16008 = DIRECTION('',(0.,0.,1.));
#16009 = ORIENTED_EDGE('',*,*,#14758,.F.);
#16010 = ORIENTED_EDGE('',*,*,#16004,.F.);
#16011 = CYLINDRICAL_SURFACE('',#16012,0.4);
#16012 = AXIS2_PLACEMENT_3D('',#16013,#16014,#16015);
#16013 = CARTESIAN_POINT('',(9.8425,14.2875,-4.6E-02));
#16014 = DIRECTION('',(-0.,-0.,-1.));
#16015 = DIRECTION('',(-4.440892098501E-15,-1.,0.));
#16016 = ADVANCED_FACE('',(#16017),#16028,.F.);
#16017 = FACE_BOUND('',#16018,.T.);
#16018 = EDGE_LOOP('',(#16019,#16020,#16026,#16027));
#16019 = ORIENTED_EDGE('',*,*,#13936,.T.);
#16020 = ORIENTED_EDGE('',*,*,#16021,.T.);
#16021 = EDGE_CURVE('',#13937,#14770,#16022,.T.);
#16022 = LINE('',#16023,#16024);
#16023 = CARTESIAN_POINT('',(12.3425,13.8875,-4.6E-02));
#16024 = VECTOR('',#16025,1.);
#16025 = DIRECTION('',(0.,0.,1.));
#16026 = ORIENTED_EDGE('',*,*,#14769,.F.);
#16027 = ORIENTED_EDGE('',*,*,#16021,.F.);
#16028 = CYLINDRICAL_SURFACE('',#16029,0.4);
#16029 = AXIS2_PLACEMENT_3D('',#16030,#16031,#16032);
#16030 = CARTESIAN_POINT('',(12.3425,14.2875,-4.6E-02));
#16031 = DIRECTION('',(-0.,-0.,-1.));
#16032 = DIRECTION('',(-4.440892098501E-15,-1.,0.));
#16033 = ADVANCED_FACE('',(#16034),#16045,.F.);
#16034 = FACE_BOUND('',#16035,.T.);
#16035 = EDGE_LOOP('',(#16036,#16037,#16043,#16044));
#16036 = ORIENTED_EDGE('',*,*,#13947,.T.);
#16037 = ORIENTED_EDGE('',*,*,#16038,.T.);
#16038 = EDGE_CURVE('',#13948,#14781,#16039,.T.);
#16039 = LINE('',#16040,#16041);
#16040 = CARTESIAN_POINT('',(26.3525,9.4425,-4.6E-02));
#16041 = VECTOR('',#16042,1.);
#16042 = DIRECTION('',(0.,0.,1.));
#16043 = ORIENTED_EDGE('',*,*,#14780,.F.);
#16044 = ORIENTED_EDGE('',*,*,#16038,.F.);
#16045 = CYLINDRICAL_SURFACE('',#16046,0.4);
#16046 = AXIS2_PLACEMENT_3D('',#16047,#16048,#16049);
#16047 = CARTESIAN_POINT('',(26.3525,9.8425,-4.6E-02));
#16048 = DIRECTION('',(-0.,-0.,-1.));
#16049 = DIRECTION('',(-0.,-1.,0.));
#16050 = ADVANCED_FACE('',(#16051),#16062,.F.);
#16051 = FACE_BOUND('',#16052,.T.);
#16052 = EDGE_LOOP('',(#16053,#16054,#16060,#16061));
#16053 = ORIENTED_EDGE('',*,*,#13958,.T.);
#16054 = ORIENTED_EDGE('',*,*,#16055,.T.);
#16055 = EDGE_CURVE('',#13959,#14792,#16056,.T.);
#16056 = LINE('',#16057,#16058);
#16057 = CARTESIAN_POINT('',(28.3525,9.4425,-4.6E-02));
#16058 = VECTOR('',#16059,1.);
#16059 = DIRECTION('',(0.,0.,1.));
#16060 = ORIENTED_EDGE('',*,*,#14791,.F.);
#16061 = ORIENTED_EDGE('',*,*,#16055,.F.);
#16062 = CYLINDRICAL_SURFACE('',#16063,0.4);
#16063 = AXIS2_PLACEMENT_3D('',#16064,#16065,#16066);
#16064 = CARTESIAN_POINT('',(28.3525,9.8425,-4.6E-02));
#16065 = DIRECTION('',(-0.,-0.,-1.));
#16066 = DIRECTION('',(-0.,-1.,0.));
#16067 = ADVANCED_FACE('',(#16068),#16079,.F.);
#16068 = FACE_BOUND('',#16069,.T.);
#16069 = EDGE_LOOP('',(#16070,#16071,#16077,#16078));
#16070 = ORIENTED_EDGE('',*,*,#13969,.T.);
#16071 = ORIENTED_EDGE('',*,*,#16072,.T.);
#16072 = EDGE_CURVE('',#13970,#14803,#16073,.T.);
#16073 = LINE('',#16074,#16075);
#16074 = CARTESIAN_POINT('',(32.0675,9.4625,-4.6E-02));
#16075 = VECTOR('',#16076,1.);
#16076 = DIRECTION('',(0.,0.,1.));
#16077 = ORIENTED_EDGE('',*,*,#14802,.F.);
#16078 = ORIENTED_EDGE('',*,*,#16072,.F.);
#16079 = CYLINDRICAL_SURFACE('',#16080,0.4);
#16080 = AXIS2_PLACEMENT_3D('',#16081,#16082,#16083);
#16081 = CARTESIAN_POINT('',(32.0675,9.8625,-4.6E-02));
#16082 = DIRECTION('',(-0.,-0.,-1.));
#16083 = DIRECTION('',(-0.,-1.,0.));
#16084 = ADVANCED_FACE('',(#16085),#16096,.F.);
#16085 = FACE_BOUND('',#16086,.T.);
#16086 = EDGE_LOOP('',(#16087,#16088,#16094,#16095));
#16087 = ORIENTED_EDGE('',*,*,#13980,.T.);
#16088 = ORIENTED_EDGE('',*,*,#16089,.T.);
#16089 = EDGE_CURVE('',#13981,#14814,#16090,.T.);
#16090 = LINE('',#16091,#16092);
#16091 = CARTESIAN_POINT('',(17.4625,10.7125,-4.6E-02));
#16092 = VECTOR('',#16093,1.);
#16093 = DIRECTION('',(0.,0.,1.));
#16094 = ORIENTED_EDGE('',*,*,#14813,.F.);
#16095 = ORIENTED_EDGE('',*,*,#16089,.F.);
#16096 = CYLINDRICAL_SURFACE('',#16097,0.4);
#16097 = AXIS2_PLACEMENT_3D('',#16098,#16099,#16100);
#16098 = CARTESIAN_POINT('',(17.4625,11.1125,-4.6E-02));
#16099 = DIRECTION('',(-0.,-0.,-1.));
#16100 = DIRECTION('',(-0.,-1.,0.));
#16101 = ADVANCED_FACE('',(#16102),#16113,.F.);
#16102 = FACE_BOUND('',#16103,.T.);
#16103 = EDGE_LOOP('',(#16104,#16105,#16111,#16112));
#16104 = ORIENTED_EDGE('',*,*,#13991,.T.);
#16105 = ORIENTED_EDGE('',*,*,#16106,.T.);
#16106 = EDGE_CURVE('',#13992,#14825,#16107,.T.);
#16107 = LINE('',#16108,#16109);
#16108 = CARTESIAN_POINT('',(21.2725,13.8875,-4.6E-02));
#16109 = VECTOR('',#16110,1.);
#16110 = DIRECTION('',(0.,0.,1.));
#16111 = ORIENTED_EDGE('',*,*,#14824,.F.);
#16112 = ORIENTED_EDGE('',*,*,#16106,.F.);
#16113 = CYLINDRICAL_SURFACE('',#16114,0.4);
#16114 = AXIS2_PLACEMENT_3D('',#16115,#16116,#16117);
#16115 = CARTESIAN_POINT('',(21.2725,14.2875,-4.6E-02));
#16116 = DIRECTION('',(-0.,-0.,-1.));
#16117 = DIRECTION('',(-0.,-1.,0.));
#16118 = ADVANCED_FACE('',(#16119),#16130,.F.);
#16119 = FACE_BOUND('',#16120,.T.);
#16120 = EDGE_LOOP('',(#16121,#16122,#16128,#16129));
#16121 = ORIENTED_EDGE('',*,*,#14002,.T.);
#16122 = ORIENTED_EDGE('',*,*,#16123,.T.);
#16123 = EDGE_CURVE('',#14003,#14836,#16124,.T.);
#16124 = LINE('',#16125,#16126);
#16125 = CARTESIAN_POINT('',(32.0675,11.9625,-4.6E-02));
#16126 = VECTOR('',#16127,1.);
#16127 = DIRECTION('',(0.,0.,1.));
#16128 = ORIENTED_EDGE('',*,*,#14835,.F.);
#16129 = ORIENTED_EDGE('',*,*,#16123,.F.);
#16130 = CYLINDRICAL_SURFACE('',#16131,0.4);
#16131 = AXIS2_PLACEMENT_3D('',#16132,#16133,#16134);
#16132 = CARTESIAN_POINT('',(32.0675,12.3625,-4.6E-02));
#16133 = DIRECTION('',(-0.,-0.,-1.));
#16134 = DIRECTION('',(-0.,-1.,0.));
#16135 = ( GEOMETRIC_REPRESENTATION_CONTEXT(3) 
GLOBAL_UNCERTAINTY_ASSIGNED_CONTEXT((#16139)) 
GLOBAL_UNIT_ASSIGNED_CONTEXT((#16136,#16137,#16138)) 
REPRESENTATION_CONTEXT('Context #1',
  '3D Context with UNIT and UNCERTAINTY') );
#16136 = ( LENGTH_UNIT() NAMED_UNIT(*) SI_UNIT(.MILLI.,.METRE.) );
#16137 = ( NAMED_UNIT(*) PLANE_ANGLE_UNIT() SI_UNIT($,.RADIAN.) );
#16138 = ( NAMED_UNIT(*) SI_UNIT($,.STERADIAN.) SOLID_ANGLE_UNIT() );
#16139 = UNCERTAINTY_MEASURE_WITH_UNIT(LENGTH_MEASURE(1.E-07),#16136,
  'distance_accuracy_value','confusion accuracy');
#16140 = CONTEXT_DEPENDENT_SHAPE_REPRESENTATION(#16141,#16143);
#16141 = ( REPRESENTATION_RELATIONSHIP('','',#13075,#10) 
REPRESENTATION_RELATIONSHIP_WITH_TRANSFORMATION(#16142) 
SHAPE_REPRESENTATION_RELATIONSHIP() );
#16142 = ITEM_DEFINED_TRANSFORMATION('','',#11,#107);
#16143 = PRODUCT_DEFINITION_SHAPE('Placement','Placement of an item',
  #16144);
#16144 = NEXT_ASSEMBLY_USAGE_OCCURRENCE('24','=>[0:1:1:7]','',#5,#13070,
  $);
#16145 = PRODUCT_RELATED_PRODUCT_CATEGORY('part',$,(#13072));
#16146 = MECHANICAL_DESIGN_GEOMETRIC_PRESENTATION_REPRESENTATION('',(
    #16147,#16155,#16162,#16169,#16176,#16184,#16191,#16198,#16205,
    #16212,#16219,#16226),#1100);
#16147 = STYLED_ITEM('color',(#16148),#538);
#16148 = PRESENTATION_STYLE_ASSIGNMENT((#16149));
#16149 = SURFACE_STYLE_USAGE(.BOTH.,#16150);
#16150 = SURFACE_SIDE_STYLE('',(#16151));
#16151 = SURFACE_STYLE_FILL_AREA(#16152);
#16152 = FILL_AREA_STYLE('',(#16153));
#16153 = FILL_AREA_STYLE_COLOUR('',#16154);
#16154 = COLOUR_RGB('',0.823999987314,0.819999987296,0.781000009244);
#16155 = STYLED_ITEM('color',(#16156),#555);
#16156 = PRESENTATION_STYLE_ASSIGNMENT((#16157));
#16157 = SURFACE_STYLE_USAGE(.BOTH.,#16158);
#16158 = SURFACE_SIDE_STYLE('',(#16159));
#16159 = SURFACE_STYLE_FILL_AREA(#16160);
#16160 = FILL_AREA_STYLE('',(#16161));
#16161 = FILL_AREA_STYLE_COLOUR('',#16154);
#16162 = STYLED_ITEM('color',(#16163),#580);
#16163 = PRESENTATION_STYLE_ASSIGNMENT((#16164));
#16164 = SURFACE_STYLE_USAGE(.BOTH.,#16165);
#16165 = SURFACE_SIDE_STYLE('',(#16166));
#16166 = SURFACE_STYLE_FILL_AREA(#16167);
#16167 = FILL_AREA_STYLE('',(#16168));
#16168 = FILL_AREA_STYLE_COLOUR('',#16154);
#16169 = STYLED_ITEM('color',(#16170),#657);
#16170 = PRESENTATION_STYLE_ASSIGNMENT((#16171));
#16171 = SURFACE_STYLE_USAGE(.BOTH.,#16172);
#16172 = SURFACE_SIDE_STYLE('',(#16173));
#16173 = SURFACE_STYLE_FILL_AREA(#16174);
#16174 = FILL_AREA_STYLE('',(#16175));
#16175 = FILL_AREA_STYLE_COLOUR('',#16154);
#16176 = STYLED_ITEM('color',(#16177),#756);
#16177 = PRESENTATION_STYLE_ASSIGNMENT((#16178));
#16178 = SURFACE_STYLE_USAGE(.BOTH.,#16179);
#16179 = SURFACE_SIDE_STYLE('',(#16180));
#16180 = SURFACE_STYLE_FILL_AREA(#16181);
#16181 = FILL_AREA_STYLE('',(#16182));
#16182 = FILL_AREA_STYLE_COLOUR('',#16183);
#16183 = COLOUR_RGB('',0.809000013735,0.426000008053,0.147999998088);
#16184 = STYLED_ITEM('color',(#16185),#874);
#16185 = PRESENTATION_STYLE_ASSIGNMENT((#16186));
#16186 = SURFACE_STYLE_USAGE(.BOTH.,#16187);
#16187 = SURFACE_SIDE_STYLE('',(#16188));
#16188 = SURFACE_STYLE_FILL_AREA(#16189);
#16189 = FILL_AREA_STYLE('',(#16190));
#16190 = FILL_AREA_STYLE_COLOUR('',#16183);
#16191 = STYLED_ITEM('color',(#16192),#980);
#16192 = PRESENTATION_STYLE_ASSIGNMENT((#16193));
#16193 = SURFACE_STYLE_USAGE(.BOTH.,#16194);
#16194 = SURFACE_SIDE_STYLE('',(#16195));
#16195 = SURFACE_STYLE_FILL_AREA(#16196);
#16196 = FILL_AREA_STYLE('',(#16197));
#16197 = FILL_AREA_STYLE_COLOUR('',#16154);
#16198 = STYLED_ITEM('color',(#16199),#991);
#16199 = PRESENTATION_STYLE_ASSIGNMENT((#16200));
#16200 = SURFACE_STYLE_USAGE(.BOTH.,#16201);
#16201 = SURFACE_SIDE_STYLE('',(#16202));
#16202 = SURFACE_STYLE_FILL_AREA(#16203);
#16203 = FILL_AREA_STYLE('',(#16204));
#16204 = FILL_AREA_STYLE_COLOUR('',#16154);
#16205 = STYLED_ITEM('color',(#16206),#1038);
#16206 = PRESENTATION_STYLE_ASSIGNMENT((#16207));
#16207 = SURFACE_STYLE_USAGE(.BOTH.,#16208);
#16208 = SURFACE_SIDE_STYLE('',(#16209));
#16209 = SURFACE_STYLE_FILL_AREA(#16210);
#16210 = FILL_AREA_STYLE('',(#16211));
#16211 = FILL_AREA_STYLE_COLOUR('',#16154);
#16212 = STYLED_ITEM('color',(#16213),#1054);
#16213 = PRESENTATION_STYLE_ASSIGNMENT((#16214));
#16214 = SURFACE_STYLE_USAGE(.BOTH.,#16215);
#16215 = SURFACE_SIDE_STYLE('',(#16216));
#16216 = SURFACE_STYLE_FILL_AREA(#16217);
#16217 = FILL_AREA_STYLE('',(#16218));
#16218 = FILL_AREA_STYLE_COLOUR('',#16154);
#16219 = STYLED_ITEM('color',(#16220),#1066);
#16220 = PRESENTATION_STYLE_ASSIGNMENT((#16221));
#16221 = SURFACE_STYLE_USAGE(.BOTH.,#16222);
#16222 = SURFACE_SIDE_STYLE('',(#16223));
#16223 = SURFACE_STYLE_FILL_AREA(#16224);
#16224 = FILL_AREA_STYLE('',(#16225));
#16225 = FILL_AREA_STYLE_COLOUR('',#16154);
#16226 = STYLED_ITEM('color',(#16227),#1091);
#16227 = PRESENTATION_STYLE_ASSIGNMENT((#16228));
#16228 = SURFACE_STYLE_USAGE(.BOTH.,#16229);
#16229 = SURFACE_SIDE_STYLE('',(#16230));
#16230 = SURFACE_STYLE_FILL_AREA(#16231);
#16231 = FILL_AREA_STYLE('',(#16232));
#16232 = FILL_AREA_STYLE_COLOUR('',#16154);
#16233 = MECHANICAL_DESIGN_GEOMETRIC_PRESENTATION_REPRESENTATION('',(
    #16234,#16242,#16249,#16256,#16263,#16270,#16277,#16284,#16291,
    #16298,#16305,#16312,#16319,#16326,#16333,#16340,#16347),#512);
#16234 = STYLED_ITEM('color',(#16235),#127);
#16235 = PRESENTATION_STYLE_ASSIGNMENT((#16236));
#16236 = SURFACE_STYLE_USAGE(.BOTH.,#16237);
#16237 = SURFACE_SIDE_STYLE('',(#16238));
#16238 = SURFACE_STYLE_FILL_AREA(#16239);
#16239 = FILL_AREA_STYLE('',(#16240));
#16240 = FILL_AREA_STYLE_COLOUR('',#16241);
#16241 = COLOUR_RGB('',0.883000012551,0.711000022565,0.492000011028);
#16242 = STYLED_ITEM('color',(#16243),#160);
#16243 = PRESENTATION_STYLE_ASSIGNMENT((#16244));
#16244 = SURFACE_STYLE_USAGE(.BOTH.,#16245);
#16245 = SURFACE_SIDE_STYLE('',(#16246));
#16246 = SURFACE_STYLE_FILL_AREA(#16247);
#16247 = FILL_AREA_STYLE('',(#16248));
#16248 = FILL_AREA_STYLE_COLOUR('',#16241);
#16249 = STYLED_ITEM('color',(#16250),#186);
#16250 = PRESENTATION_STYLE_ASSIGNMENT((#16251));
#16251 = SURFACE_STYLE_USAGE(.BOTH.,#16252);
#16252 = SURFACE_SIDE_STYLE('',(#16253));
#16253 = SURFACE_STYLE_FILL_AREA(#16254);
#16254 = FILL_AREA_STYLE('',(#16255));
#16255 = FILL_AREA_STYLE_COLOUR('',#16241);
#16256 = STYLED_ITEM('color',(#16257),#206);
#16257 = PRESENTATION_STYLE_ASSIGNMENT((#16258));
#16258 = SURFACE_STYLE_USAGE(.BOTH.,#16259);
#16259 = SURFACE_SIDE_STYLE('',(#16260));
#16260 = SURFACE_STYLE_FILL_AREA(#16261);
#16261 = FILL_AREA_STYLE('',(#16262));
#16262 = FILL_AREA_STYLE_COLOUR('',#16241);
#16263 = STYLED_ITEM('color',(#16264),#226);
#16264 = PRESENTATION_STYLE_ASSIGNMENT((#16265));
#16265 = SURFACE_STYLE_USAGE(.BOTH.,#16266);
#16266 = SURFACE_SIDE_STYLE('',(#16267));
#16267 = SURFACE_STYLE_FILL_AREA(#16268);
#16268 = FILL_AREA_STYLE('',(#16269));
#16269 = FILL_AREA_STYLE_COLOUR('',#16241);
#16270 = STYLED_ITEM('color',(#16271),#251);
#16271 = PRESENTATION_STYLE_ASSIGNMENT((#16272));
#16272 = SURFACE_STYLE_USAGE(.BOTH.,#16273);
#16273 = SURFACE_SIDE_STYLE('',(#16274));
#16274 = SURFACE_STYLE_FILL_AREA(#16275);
#16275 = FILL_AREA_STYLE('',(#16276));
#16276 = FILL_AREA_STYLE_COLOUR('',#16154);
#16277 = STYLED_ITEM('color',(#16278),#276);
#16278 = PRESENTATION_STYLE_ASSIGNMENT((#16279));
#16279 = SURFACE_STYLE_USAGE(.BOTH.,#16280);
#16280 = SURFACE_SIDE_STYLE('',(#16281));
#16281 = SURFACE_STYLE_FILL_AREA(#16282);
#16282 = FILL_AREA_STYLE('',(#16283));
#16283 = FILL_AREA_STYLE_COLOUR('',#16241);
#16284 = STYLED_ITEM('color',(#16285),#296);
#16285 = PRESENTATION_STYLE_ASSIGNMENT((#16286));
#16286 = SURFACE_STYLE_USAGE(.BOTH.,#16287);
#16287 = SURFACE_SIDE_STYLE('',(#16288));
#16288 = SURFACE_STYLE_FILL_AREA(#16289);
#16289 = FILL_AREA_STYLE('',(#16290));
#16290 = FILL_AREA_STYLE_COLOUR('',#16154);
#16291 = STYLED_ITEM('color',(#16292),#322);
#16292 = PRESENTATION_STYLE_ASSIGNMENT((#16293));
#16293 = SURFACE_STYLE_USAGE(.BOTH.,#16294);
#16294 = SURFACE_SIDE_STYLE('',(#16295));
#16295 = SURFACE_STYLE_FILL_AREA(#16296);
#16296 = FILL_AREA_STYLE('',(#16297));
#16297 = FILL_AREA_STYLE_COLOUR('',#16241);
#16298 = STYLED_ITEM('color',(#16299),#347);
#16299 = PRESENTATION_STYLE_ASSIGNMENT((#16300));
#16300 = SURFACE_STYLE_USAGE(.BOTH.,#16301);
#16301 = SURFACE_SIDE_STYLE('',(#16302));
#16302 = SURFACE_STYLE_FILL_AREA(#16303);
#16303 = FILL_AREA_STYLE('',(#16304));
#16304 = FILL_AREA_STYLE_COLOUR('',#16154);
#16305 = STYLED_ITEM('color',(#16306),#372);
#16306 = PRESENTATION_STYLE_ASSIGNMENT((#16307));
#16307 = SURFACE_STYLE_USAGE(.BOTH.,#16308);
#16308 = SURFACE_SIDE_STYLE('',(#16309));
#16309 = SURFACE_STYLE_FILL_AREA(#16310);
#16310 = FILL_AREA_STYLE('',(#16311));
#16311 = FILL_AREA_STYLE_COLOUR('',#16241);
#16312 = STYLED_ITEM('color',(#16313),#398);
#16313 = PRESENTATION_STYLE_ASSIGNMENT((#16314));
#16314 = SURFACE_STYLE_USAGE(.BOTH.,#16315);
#16315 = SURFACE_SIDE_STYLE('',(#16316));
#16316 = SURFACE_STYLE_FILL_AREA(#16317);
#16317 = FILL_AREA_STYLE('',(#16318));
#16318 = FILL_AREA_STYLE_COLOUR('',#16154);
#16319 = STYLED_ITEM('color',(#16320),#407);
#16320 = PRESENTATION_STYLE_ASSIGNMENT((#16321));
#16321 = SURFACE_STYLE_USAGE(.BOTH.,#16322);
#16322 = SURFACE_SIDE_STYLE('',(#16323));
#16323 = SURFACE_STYLE_FILL_AREA(#16324);
#16324 = FILL_AREA_STYLE('',(#16325));
#16325 = FILL_AREA_STYLE_COLOUR('',#16241);
#16326 = STYLED_ITEM('color',(#16327),#427);
#16327 = PRESENTATION_STYLE_ASSIGNMENT((#16328));
#16328 = SURFACE_STYLE_USAGE(.BOTH.,#16329);
#16329 = SURFACE_SIDE_STYLE('',(#16330));
#16330 = SURFACE_STYLE_FILL_AREA(#16331);
#16331 = FILL_AREA_STYLE('',(#16332));
#16332 = FILL_AREA_STYLE_COLOUR('',#16154);
#16333 = STYLED_ITEM('color',(#16334),#452);
#16334 = PRESENTATION_STYLE_ASSIGNMENT((#16335));
#16335 = SURFACE_STYLE_USAGE(.BOTH.,#16336);
#16336 = SURFACE_SIDE_STYLE('',(#16337));
#16337 = SURFACE_STYLE_FILL_AREA(#16338);
#16338 = FILL_AREA_STYLE('',(#16339));
#16339 = FILL_AREA_STYLE_COLOUR('',#16154);
#16340 = STYLED_ITEM('color',(#16341),#478);
#16341 = PRESENTATION_STYLE_ASSIGNMENT((#16342));
#16342 = SURFACE_STYLE_USAGE(.BOTH.,#16343);
#16343 = SURFACE_SIDE_STYLE('',(#16344));
#16344 = SURFACE_STYLE_FILL_AREA(#16345);
#16345 = FILL_AREA_STYLE('',(#16346));
#16346 = FILL_AREA_STYLE_COLOUR('',#16154);
#16347 = STYLED_ITEM('color',(#16348),#503);
#16348 = PRESENTATION_STYLE_ASSIGNMENT((#16349));
#16349 = SURFACE_STYLE_USAGE(.BOTH.,#16350);
#16350 = SURFACE_SIDE_STYLE('',(#16351));
#16351 = SURFACE_STYLE_FILL_AREA(#16352);
#16352 = FILL_AREA_STYLE('',(#16353));
#16353 = FILL_AREA_STYLE_COLOUR('',#16154);
#16354 = MECHANICAL_DESIGN_GEOMETRIC_PRESENTATION_REPRESENTATION('',(
    #16355,#16362,#16369,#16377,#16384,#16392,#16399,#16406,#16413,
    #16420,#16427,#16434,#16441,#16448,#16455,#16462,#16469,#16476,
    #16483,#16490,#16498,#16505,#16512,#16519,#16526,#16533,#16540,
    #16547,#16554,#16561,#16568,#16575,#16582,#16589,#16596,#16603,
    #16610,#16617,#16624,#16631,#16638,#16645,#16652,#16659,#16666,
    #16673,#16680,#16687,#16694),#13012);
#16355 = STYLED_ITEM('color',(#16356),#10974);
#16356 = PRESENTATION_STYLE_ASSIGNMENT((#16357));
#16357 = SURFACE_STYLE_USAGE(.BOTH.,#16358);
#16358 = SURFACE_SIDE_STYLE('',(#16359));
#16359 = SURFACE_STYLE_FILL_AREA(#16360);
#16360 = FILL_AREA_STYLE('',(#16361));
#16361 = FILL_AREA_STYLE_COLOUR('',#16154);
#16362 = STYLED_ITEM('color',(#16363),#10991);
#16363 = PRESENTATION_STYLE_ASSIGNMENT((#16364));
#16364 = SURFACE_STYLE_USAGE(.BOTH.,#16365);
#16365 = SURFACE_SIDE_STYLE('',(#16366));
#16366 = SURFACE_STYLE_FILL_AREA(#16367);
#16367 = FILL_AREA_STYLE('',(#16368));
#16368 = FILL_AREA_STYLE_COLOUR('',#16154);
#16369 = STYLED_ITEM('color',(#16370),#11016);
#16370 = PRESENTATION_STYLE_ASSIGNMENT((#16371));
#16371 = SURFACE_STYLE_USAGE(.BOTH.,#16372);
#16372 = SURFACE_SIDE_STYLE('',(#16373));
#16373 = SURFACE_STYLE_FILL_AREA(#16374);
#16374 = FILL_AREA_STYLE('',(#16375));
#16375 = FILL_AREA_STYLE_COLOUR('',#16376);
#16376 = COLOUR_RGB('',0.136999991899,0.40200001271,0.726999997272);
#16377 = STYLED_ITEM('color',(#16378),#11065);
#16378 = PRESENTATION_STYLE_ASSIGNMENT((#16379));
#16379 = SURFACE_STYLE_USAGE(.BOTH.,#16380);
#16380 = SURFACE_SIDE_STYLE('',(#16381));
#16381 = SURFACE_STYLE_FILL_AREA(#16382);
#16382 = FILL_AREA_STYLE('',(#16383));
#16383 = FILL_AREA_STYLE_COLOUR('',#16376);
#16384 = STYLED_ITEM('color',(#16385),#11098);
#16385 = PRESENTATION_STYLE_ASSIGNMENT((#16386));
#16386 = SURFACE_STYLE_USAGE(.BOTH.,#16387);
#16387 = SURFACE_SIDE_STYLE('',(#16388));
#16388 = SURFACE_STYLE_FILL_AREA(#16389);
#16389 = FILL_AREA_STYLE('',(#16390));
#16390 = FILL_AREA_STYLE_COLOUR('',#16391);
#16391 = COLOUR_RGB('',0.690999977303,0.663999984767,0.597999987832);
#16392 = STYLED_ITEM('color',(#16393),#11116);
#16393 = PRESENTATION_STYLE_ASSIGNMENT((#16394));
#16394 = SURFACE_STYLE_USAGE(.BOTH.,#16395);
#16395 = SURFACE_SIDE_STYLE('',(#16396));
#16396 = SURFACE_STYLE_FILL_AREA(#16397);
#16397 = FILL_AREA_STYLE('',(#16398));
#16398 = FILL_AREA_STYLE_COLOUR('',#16154);
#16399 = STYLED_ITEM('color',(#16400),#11141);
#16400 = PRESENTATION_STYLE_ASSIGNMENT((#16401));
#16401 = SURFACE_STYLE_USAGE(.BOTH.,#16402);
#16402 = SURFACE_SIDE_STYLE('',(#16403));
#16403 = SURFACE_STYLE_FILL_AREA(#16404);
#16404 = FILL_AREA_STYLE('',(#16405));
#16405 = FILL_AREA_STYLE_COLOUR('',#16376);
#16406 = STYLED_ITEM('color',(#16407),#11173);
#16407 = PRESENTATION_STYLE_ASSIGNMENT((#16408));
#16408 = SURFACE_STYLE_USAGE(.BOTH.,#16409);
#16409 = SURFACE_SIDE_STYLE('',(#16410));
#16410 = SURFACE_STYLE_FILL_AREA(#16411);
#16411 = FILL_AREA_STYLE('',(#16412));
#16412 = FILL_AREA_STYLE_COLOUR('',#16391);
#16413 = STYLED_ITEM('color',(#16414),#11191);
#16414 = PRESENTATION_STYLE_ASSIGNMENT((#16415));
#16415 = SURFACE_STYLE_USAGE(.BOTH.,#16416);
#16416 = SURFACE_SIDE_STYLE('',(#16417));
#16417 = SURFACE_STYLE_FILL_AREA(#16418);
#16418 = FILL_AREA_STYLE('',(#16419));
#16419 = FILL_AREA_STYLE_COLOUR('',#16154);
#16420 = STYLED_ITEM('color',(#16421),#11200);
#16421 = PRESENTATION_STYLE_ASSIGNMENT((#16422));
#16422 = SURFACE_STYLE_USAGE(.BOTH.,#16423);
#16423 = SURFACE_SIDE_STYLE('',(#16424));
#16424 = SURFACE_STYLE_FILL_AREA(#16425);
#16425 = FILL_AREA_STYLE('',(#16426));
#16426 = FILL_AREA_STYLE_COLOUR('',#16376);
#16427 = STYLED_ITEM('color',(#16428),#11238);
#16428 = PRESENTATION_STYLE_ASSIGNMENT((#16429));
#16429 = SURFACE_STYLE_USAGE(.BOTH.,#16430);
#16430 = SURFACE_SIDE_STYLE('',(#16431));
#16431 = SURFACE_STYLE_FILL_AREA(#16432);
#16432 = FILL_AREA_STYLE('',(#16433));
#16433 = FILL_AREA_STYLE_COLOUR('',#16391);
#16434 = STYLED_ITEM('color',(#16435),#11260);
#16435 = PRESENTATION_STYLE_ASSIGNMENT((#16436));
#16436 = SURFACE_STYLE_USAGE(.BOTH.,#16437);
#16437 = SURFACE_SIDE_STYLE('',(#16438));
#16438 = SURFACE_STYLE_FILL_AREA(#16439);
#16439 = FILL_AREA_STYLE('',(#16440));
#16440 = FILL_AREA_STYLE_COLOUR('',#16376);
#16441 = STYLED_ITEM('color',(#16442),#11320);
#16442 = PRESENTATION_STYLE_ASSIGNMENT((#16443));
#16443 = SURFACE_STYLE_USAGE(.BOTH.,#16444);
#16444 = SURFACE_SIDE_STYLE('',(#16445));
#16445 = SURFACE_STYLE_FILL_AREA(#16446);
#16446 = FILL_AREA_STYLE('',(#16447));
#16447 = FILL_AREA_STYLE_COLOUR('',#16391);
#16448 = STYLED_ITEM('color',(#16449),#11348);
#16449 = PRESENTATION_STYLE_ASSIGNMENT((#16450));
#16450 = SURFACE_STYLE_USAGE(.BOTH.,#16451);
#16451 = SURFACE_SIDE_STYLE('',(#16452));
#16452 = SURFACE_STYLE_FILL_AREA(#16453);
#16453 = FILL_AREA_STYLE('',(#16454));
#16454 = FILL_AREA_STYLE_COLOUR('',#16376);
#16455 = STYLED_ITEM('color',(#16456),#11514);
#16456 = PRESENTATION_STYLE_ASSIGNMENT((#16457));
#16457 = SURFACE_STYLE_USAGE(.BOTH.,#16458);
#16458 = SURFACE_SIDE_STYLE('',(#16459));
#16459 = SURFACE_STYLE_FILL_AREA(#16460);
#16460 = FILL_AREA_STYLE('',(#16461));
#16461 = FILL_AREA_STYLE_COLOUR('',#16391);
#16462 = STYLED_ITEM('color',(#16463),#11580);
#16463 = PRESENTATION_STYLE_ASSIGNMENT((#16464));
#16464 = SURFACE_STYLE_USAGE(.BOTH.,#16465);
#16465 = SURFACE_SIDE_STYLE('',(#16466));
#16466 = SURFACE_STYLE_FILL_AREA(#16467);
#16467 = FILL_AREA_STYLE('',(#16468));
#16468 = FILL_AREA_STYLE_COLOUR('',#16376);
#16469 = STYLED_ITEM('color',(#16470),#11646);
#16470 = PRESENTATION_STYLE_ASSIGNMENT((#16471));
#16471 = SURFACE_STYLE_USAGE(.BOTH.,#16472);
#16472 = SURFACE_SIDE_STYLE('',(#16473));
#16473 = SURFACE_STYLE_FILL_AREA(#16474);
#16474 = FILL_AREA_STYLE('',(#16475));
#16475 = FILL_AREA_STYLE_COLOUR('',#16391);
#16476 = STYLED_ITEM('color',(#16477),#11764);
#16477 = PRESENTATION_STYLE_ASSIGNMENT((#16478));
#16478 = SURFACE_STYLE_USAGE(.BOTH.,#16479);
#16479 = SURFACE_SIDE_STYLE('',(#16480));
#16480 = SURFACE_STYLE_FILL_AREA(#16481);
#16481 = FILL_AREA_STYLE('',(#16482));
#16482 = FILL_AREA_STYLE_COLOUR('',#16376);
#16483 = STYLED_ITEM('color',(#16484),#11930);
#16484 = PRESENTATION_STYLE_ASSIGNMENT((#16485));
#16485 = SURFACE_STYLE_USAGE(.BOTH.,#16486);
#16486 = SURFACE_SIDE_STYLE('',(#16487));
#16487 = SURFACE_STYLE_FILL_AREA(#16488);
#16488 = FILL_AREA_STYLE('',(#16489));
#16489 = FILL_AREA_STYLE_COLOUR('',#16391);
#16490 = STYLED_ITEM('color',(#16491),#12010);
#16491 = PRESENTATION_STYLE_ASSIGNMENT((#16492));
#16492 = SURFACE_STYLE_USAGE(.BOTH.,#16493);
#16493 = SURFACE_SIDE_STYLE('',(#16494));
#16494 = SURFACE_STYLE_FILL_AREA(#16495);
#16495 = FILL_AREA_STYLE('',(#16496));
#16496 = FILL_AREA_STYLE_COLOUR('',#16497);
#16497 = COLOUR_RGB('',0.147999998088,0.144999993226,0.144999993226);
#16498 = STYLED_ITEM('color',(#16499),#12044);
#16499 = PRESENTATION_STYLE_ASSIGNMENT((#16500));
#16500 = SURFACE_STYLE_USAGE(.BOTH.,#16501);
#16501 = SURFACE_SIDE_STYLE('',(#16502));
#16502 = SURFACE_STYLE_FILL_AREA(#16503);
#16503 = FILL_AREA_STYLE('',(#16504));
#16504 = FILL_AREA_STYLE_COLOUR('',#16391);
#16505 = STYLED_ITEM('color',(#16506),#12124);
#16506 = PRESENTATION_STYLE_ASSIGNMENT((#16507));
#16507 = SURFACE_STYLE_USAGE(.BOTH.,#16508);
#16508 = SURFACE_SIDE_STYLE('',(#16509));
#16509 = SURFACE_STYLE_FILL_AREA(#16510);
#16510 = FILL_AREA_STYLE('',(#16511));
#16511 = FILL_AREA_STYLE_COLOUR('',#16376);
#16512 = STYLED_ITEM('color',(#16513),#12156);
#16513 = PRESENTATION_STYLE_ASSIGNMENT((#16514));
#16514 = SURFACE_STYLE_USAGE(.BOTH.,#16515);
#16515 = SURFACE_SIDE_STYLE('',(#16516));
#16516 = SURFACE_STYLE_FILL_AREA(#16517);
#16517 = FILL_AREA_STYLE('',(#16518));
#16518 = FILL_AREA_STYLE_COLOUR('',#16497);
#16519 = STYLED_ITEM('color',(#16520),#12222);
#16520 = PRESENTATION_STYLE_ASSIGNMENT((#16521));
#16521 = SURFACE_STYLE_USAGE(.BOTH.,#16522);
#16522 = SURFACE_SIDE_STYLE('',(#16523));
#16523 = SURFACE_STYLE_FILL_AREA(#16524);
#16524 = FILL_AREA_STYLE('',(#16525));
#16525 = FILL_AREA_STYLE_COLOUR('',#16391);
#16526 = STYLED_ITEM('color',(#16527),#12299);
#16527 = PRESENTATION_STYLE_ASSIGNMENT((#16528));
#16528 = SURFACE_STYLE_USAGE(.BOTH.,#16529);
#16529 = SURFACE_SIDE_STYLE('',(#16530));
#16530 = SURFACE_STYLE_FILL_AREA(#16531);
#16531 = FILL_AREA_STYLE('',(#16532));
#16532 = FILL_AREA_STYLE_COLOUR('',#16376);
#16533 = STYLED_ITEM('color',(#16534),#12333);
#16534 = PRESENTATION_STYLE_ASSIGNMENT((#16535));
#16535 = SURFACE_STYLE_USAGE(.BOTH.,#16536);
#16536 = SURFACE_SIDE_STYLE('',(#16537));
#16537 = SURFACE_STYLE_FILL_AREA(#16538);
#16538 = FILL_AREA_STYLE('',(#16539));
#16539 = FILL_AREA_STYLE_COLOUR('',#16497);
#16540 = STYLED_ITEM('color',(#16541),#12348);
#16541 = PRESENTATION_STYLE_ASSIGNMENT((#16542));
#16542 = SURFACE_STYLE_USAGE(.BOTH.,#16543);
#16543 = SURFACE_SIDE_STYLE('',(#16544));
#16544 = SURFACE_STYLE_FILL_AREA(#16545);
#16545 = FILL_AREA_STYLE('',(#16546));
#16546 = FILL_AREA_STYLE_COLOUR('',#16391);
#16547 = STYLED_ITEM('color',(#16548),#12366);
#16548 = PRESENTATION_STYLE_ASSIGNMENT((#16549));
#16549 = SURFACE_STYLE_USAGE(.BOTH.,#16550);
#16550 = SURFACE_SIDE_STYLE('',(#16551));
#16551 = SURFACE_STYLE_FILL_AREA(#16552);
#16552 = FILL_AREA_STYLE('',(#16553));
#16553 = FILL_AREA_STYLE_COLOUR('',#16376);
#16554 = STYLED_ITEM('color',(#16555),#12398);
#16555 = PRESENTATION_STYLE_ASSIGNMENT((#16556));
#16556 = SURFACE_STYLE_USAGE(.BOTH.,#16557);
#16557 = SURFACE_SIDE_STYLE('',(#16558));
#16558 = SURFACE_STYLE_FILL_AREA(#16559);
#16559 = FILL_AREA_STYLE('',(#16560));
#16560 = FILL_AREA_STYLE_COLOUR('',#16391);
#16561 = STYLED_ITEM('color',(#16562),#12416);
#16562 = PRESENTATION_STYLE_ASSIGNMENT((#16563));
#16563 = SURFACE_STYLE_USAGE(.BOTH.,#16564);
#16564 = SURFACE_SIDE_STYLE('',(#16565));
#16565 = SURFACE_STYLE_FILL_AREA(#16566);
#16566 = FILL_AREA_STYLE('',(#16567));
#16567 = FILL_AREA_STYLE_COLOUR('',#16376);
#16568 = STYLED_ITEM('color',(#16569),#12559);
#16569 = PRESENTATION_STYLE_ASSIGNMENT((#16570));
#16570 = SURFACE_STYLE_USAGE(.BOTH.,#16571);
#16571 = SURFACE_SIDE_STYLE('',(#16572));
#16572 = SURFACE_STYLE_FILL_AREA(#16573);
#16573 = FILL_AREA_STYLE('',(#16574));
#16574 = FILL_AREA_STYLE_COLOUR('',#16391);
#16575 = STYLED_ITEM('color',(#16576),#12611);
#16576 = PRESENTATION_STYLE_ASSIGNMENT((#16577));
#16577 = SURFACE_STYLE_USAGE(.BOTH.,#16578);
#16578 = SURFACE_SIDE_STYLE('',(#16579));
#16579 = SURFACE_STYLE_FILL_AREA(#16580);
#16580 = FILL_AREA_STYLE('',(#16581));
#16581 = FILL_AREA_STYLE_COLOUR('',#16154);
#16582 = STYLED_ITEM('color',(#16583),#12635);
#16583 = PRESENTATION_STYLE_ASSIGNMENT((#16584));
#16584 = SURFACE_STYLE_USAGE(.BOTH.,#16585);
#16585 = SURFACE_SIDE_STYLE('',(#16586));
#16586 = SURFACE_STYLE_FILL_AREA(#16587);
#16587 = FILL_AREA_STYLE('',(#16588));
#16588 = FILL_AREA_STYLE_COLOUR('',#16154);
#16589 = STYLED_ITEM('color',(#16590),#12659);
#16590 = PRESENTATION_STYLE_ASSIGNMENT((#16591));
#16591 = SURFACE_STYLE_USAGE(.BOTH.,#16592);
#16592 = SURFACE_SIDE_STYLE('',(#16593));
#16593 = SURFACE_STYLE_FILL_AREA(#16594);
#16594 = FILL_AREA_STYLE('',(#16595));
#16595 = FILL_AREA_STYLE_COLOUR('',#16154);
#16596 = STYLED_ITEM('color',(#16597),#12683);
#16597 = PRESENTATION_STYLE_ASSIGNMENT((#16598));
#16598 = SURFACE_STYLE_USAGE(.BOTH.,#16599);
#16599 = SURFACE_SIDE_STYLE('',(#16600));
#16600 = SURFACE_STYLE_FILL_AREA(#16601);
#16601 = FILL_AREA_STYLE('',(#16602));
#16602 = FILL_AREA_STYLE_COLOUR('',#16154);
#16603 = STYLED_ITEM('color',(#16604),#12745);
#16604 = PRESENTATION_STYLE_ASSIGNMENT((#16605));
#16605 = SURFACE_STYLE_USAGE(.BOTH.,#16606);
#16606 = SURFACE_SIDE_STYLE('',(#16607));
#16607 = SURFACE_STYLE_FILL_AREA(#16608);
#16608 = FILL_AREA_STYLE('',(#16609));
#16609 = FILL_AREA_STYLE_COLOUR('',#16154);
#16610 = STYLED_ITEM('color',(#16611),#12762);
#16611 = PRESENTATION_STYLE_ASSIGNMENT((#16612));
#16612 = SURFACE_STYLE_USAGE(.BOTH.,#16613);
#16613 = SURFACE_SIDE_STYLE('',(#16614));
#16614 = SURFACE_STYLE_FILL_AREA(#16615);
#16615 = FILL_AREA_STYLE('',(#16616));
#16616 = FILL_AREA_STYLE_COLOUR('',#16154);
#16617 = STYLED_ITEM('color',(#16618),#12786);
#16618 = PRESENTATION_STYLE_ASSIGNMENT((#16619));
#16619 = SURFACE_STYLE_USAGE(.BOTH.,#16620);
#16620 = SURFACE_SIDE_STYLE('',(#16621));
#16621 = SURFACE_STYLE_FILL_AREA(#16622);
#16622 = FILL_AREA_STYLE('',(#16623));
#16623 = FILL_AREA_STYLE_COLOUR('',#16154);
#16624 = STYLED_ITEM('color',(#16625),#12802);
#16625 = PRESENTATION_STYLE_ASSIGNMENT((#16626));
#16626 = SURFACE_STYLE_USAGE(.BOTH.,#16627);
#16627 = SURFACE_SIDE_STYLE('',(#16628));
#16628 = SURFACE_STYLE_FILL_AREA(#16629);
#16629 = FILL_AREA_STYLE('',(#16630));
#16630 = FILL_AREA_STYLE_COLOUR('',#16154);
#16631 = STYLED_ITEM('color',(#16632),#12826);
#16632 = PRESENTATION_STYLE_ASSIGNMENT((#16633));
#16633 = SURFACE_STYLE_USAGE(.BOTH.,#16634);
#16634 = SURFACE_SIDE_STYLE('',(#16635));
#16635 = SURFACE_STYLE_FILL_AREA(#16636);
#16636 = FILL_AREA_STYLE('',(#16637));
#16637 = FILL_AREA_STYLE_COLOUR('',#16154);
#16638 = STYLED_ITEM('color',(#16639),#12838);
#16639 = PRESENTATION_STYLE_ASSIGNMENT((#16640));
#16640 = SURFACE_STYLE_USAGE(.BOTH.,#16641);
#16641 = SURFACE_SIDE_STYLE('',(#16642));
#16642 = SURFACE_STYLE_FILL_AREA(#16643);
#16643 = FILL_AREA_STYLE('',(#16644));
#16644 = FILL_AREA_STYLE_COLOUR('',#16154);
#16645 = STYLED_ITEM('color',(#16646),#12854);
#16646 = PRESENTATION_STYLE_ASSIGNMENT((#16647));
#16647 = SURFACE_STYLE_USAGE(.BOTH.,#16648);
#16648 = SURFACE_SIDE_STYLE('',(#16649));
#16649 = SURFACE_STYLE_FILL_AREA(#16650);
#16650 = FILL_AREA_STYLE('',(#16651));
#16651 = FILL_AREA_STYLE_COLOUR('',#16154);
#16652 = STYLED_ITEM('color',(#16653),#12866);
#16653 = PRESENTATION_STYLE_ASSIGNMENT((#16654));
#16654 = SURFACE_STYLE_USAGE(.BOTH.,#16655);
#16655 = SURFACE_SIDE_STYLE('',(#16656));
#16656 = SURFACE_STYLE_FILL_AREA(#16657);
#16657 = FILL_AREA_STYLE('',(#16658));
#16658 = FILL_AREA_STYLE_COLOUR('',#16154);
#16659 = STYLED_ITEM('color',(#16660),#12878);
#16660 = PRESENTATION_STYLE_ASSIGNMENT((#16661));
#16661 = SURFACE_STYLE_USAGE(.BOTH.,#16662);
#16662 = SURFACE_SIDE_STYLE('',(#16663));
#16663 = SURFACE_STYLE_FILL_AREA(#16664);
#16664 = FILL_AREA_STYLE('',(#16665));
#16665 = FILL_AREA_STYLE_COLOUR('',#16154);
#16666 = STYLED_ITEM('color',(#16667),#12892);
#16667 = PRESENTATION_STYLE_ASSIGNMENT((#16668));
#16668 = SURFACE_STYLE_USAGE(.BOTH.,#16669);
#16669 = SURFACE_SIDE_STYLE('',(#16670));
#16670 = SURFACE_STYLE_FILL_AREA(#16671);
#16671 = FILL_AREA_STYLE('',(#16672));
#16672 = FILL_AREA_STYLE_COLOUR('',#16391);
#16673 = STYLED_ITEM('color',(#16674),#12925);
#16674 = PRESENTATION_STYLE_ASSIGNMENT((#16675));
#16675 = SURFACE_STYLE_USAGE(.BOTH.,#16676);
#16676 = SURFACE_SIDE_STYLE('',(#16677));
#16677 = SURFACE_STYLE_FILL_AREA(#16678);
#16678 = FILL_AREA_STYLE('',(#16679));
#16679 = FILL_AREA_STYLE_COLOUR('',#16391);
#16680 = STYLED_ITEM('color',(#16681),#12957);
#16681 = PRESENTATION_STYLE_ASSIGNMENT((#16682));
#16682 = SURFACE_STYLE_USAGE(.BOTH.,#16683);
#16683 = SURFACE_SIDE_STYLE('',(#16684));
#16684 = SURFACE_STYLE_FILL_AREA(#16685);
#16685 = FILL_AREA_STYLE('',(#16686));
#16686 = FILL_AREA_STYLE_COLOUR('',#16376);
#16687 = STYLED_ITEM('color',(#16688),#12974);
#16688 = PRESENTATION_STYLE_ASSIGNMENT((#16689));
#16689 = SURFACE_STYLE_USAGE(.BOTH.,#16690);
#16690 = SURFACE_SIDE_STYLE('',(#16691));
#16691 = SURFACE_STYLE_FILL_AREA(#16692);
#16692 = FILL_AREA_STYLE('',(#16693));
#16693 = FILL_AREA_STYLE_COLOUR('',#16376);
#16694 = STYLED_ITEM('color',(#16695),#13001);
#16695 = PRESENTATION_STYLE_ASSIGNMENT((#16696));
#16696 = SURFACE_STYLE_USAGE(.BOTH.,#16697);
#16697 = SURFACE_SIDE_STYLE('',(#16698));
#16698 = SURFACE_STYLE_FILL_AREA(#16699);
#16699 = FILL_AREA_STYLE('',(#16700));
#16700 = FILL_AREA_STYLE_COLOUR('',#16154);
#16701 = MECHANICAL_DESIGN_GEOMETRIC_PRESENTATION_REPRESENTATION('',(
    #16702),#16135);
#16702 = STYLED_ITEM('color',(#16703),#13076);
#16703 = PRESENTATION_STYLE_ASSIGNMENT((#16704));
#16704 = SURFACE_STYLE_USAGE(.BOTH.,#16705);
#16705 = SURFACE_SIDE_STYLE('',(#16706));
#16706 = SURFACE_STYLE_FILL_AREA(#16707);
#16707 = FILL_AREA_STYLE('',(#16708));
#16708 = FILL_AREA_STYLE_COLOUR('',#16709);
#16709 = COLOUR_RGB('',0.313304153717,0.484529207832,0.410020903123);
#16710 = MECHANICAL_DESIGN_GEOMETRIC_PRESENTATION_REPRESENTATION('',(
    #16711,#16719,#16726,#16733,#16740,#16747,#16754,#16761,#16768,
    #16775,#16782,#16789,#16796,#16803,#16810,#16817,#16824,#16831,
    #16838,#16845,#16852,#16859,#16866,#16873,#16880,#16887,#16894,
    #16901,#16908,#16915,#16922,#16929,#16936,#16943,#16950,#16957,
    #16964,#16971,#16978,#16985,#16992,#16999,#17006,#17013,#17020,
    #17027,#17034,#17041,#17048,#17055,#17062,#17069,#17076,#17083,
    #17090,#17097,#17104,#17111,#17118,#17125,#17132,#17139,#17146,
    #17153,#17161,#17168,#17175,#17182,#17189,#17196,#17203,#17210,
    #17217,#17224,#17231,#17238,#17245,#17252,#17259,#17266,#17273,
    #17280,#17287,#17294,#17301,#17308,#17315,#17322,#17329,#17336,
    #17343,#17350,#17357,#17364,#17371,#17378,#17385,#17392,#17399,
    #17406,#17413,#17420,#17427,#17434,#17441,#17448,#17455,#17462,
    #17469,#17476,#17483,#17490,#17497,#17504,#17511,#17518,#17525,
    #17532,#17539,#17546,#17553,#17560,#17567,#17574,#17581,#17588,
    #17595,#17602,#17609,#17616,#17623,#17630,#17637,#17644,#17651,
    #17658,#17665,#17672,#17679,#17686,#17693,#17700,#17707,#17714,
    #17721,#17728,#17735,#17742,#17749,#17756,#17763,#17770,#17777,
    #17784,#17791,#17798,#17805,#17812,#17819,#17826,#17833,#17840,
    #17847,#17854,#17861),#10933);
#16711 = STYLED_ITEM('color',(#16712),#5932);
#16712 = PRESENTATION_STYLE_ASSIGNMENT((#16713));
#16713 = SURFACE_STYLE_USAGE(.BOTH.,#16714);
#16714 = SURFACE_SIDE_STYLE('',(#16715));
#16715 = SURFACE_STYLE_FILL_AREA(#16716);
#16716 = FILL_AREA_STYLE('',(#16717));
#16717 = FILL_AREA_STYLE_COLOUR('',#16718);
#16718 = COLOUR_RGB('',0.894117649055,0.890196087049,0.811764731185);
#16719 = STYLED_ITEM('color',(#16720),#6100);
#16720 = PRESENTATION_STYLE_ASSIGNMENT((#16721));
#16721 = SURFACE_STYLE_USAGE(.BOTH.,#16722);
#16722 = SURFACE_SIDE_STYLE('',(#16723));
#16723 = SURFACE_STYLE_FILL_AREA(#16724);
#16724 = FILL_AREA_STYLE('',(#16725));
#16725 = FILL_AREA_STYLE_COLOUR('',#16718);
#16726 = STYLED_ITEM('color',(#16727),#6147);
#16727 = PRESENTATION_STYLE_ASSIGNMENT((#16728));
#16728 = SURFACE_STYLE_USAGE(.BOTH.,#16729);
#16729 = SURFACE_SIDE_STYLE('',(#16730));
#16730 = SURFACE_STYLE_FILL_AREA(#16731);
#16731 = FILL_AREA_STYLE('',(#16732));
#16732 = FILL_AREA_STYLE_COLOUR('',#16718);
#16733 = STYLED_ITEM('color',(#16734),#6187);
#16734 = PRESENTATION_STYLE_ASSIGNMENT((#16735));
#16735 = SURFACE_STYLE_USAGE(.BOTH.,#16736);
#16736 = SURFACE_SIDE_STYLE('',(#16737));
#16737 = SURFACE_STYLE_FILL_AREA(#16738);
#16738 = FILL_AREA_STYLE('',(#16739));
#16739 = FILL_AREA_STYLE_COLOUR('',#16718);
#16740 = STYLED_ITEM('color',(#16741),#6211);
#16741 = PRESENTATION_STYLE_ASSIGNMENT((#16742));
#16742 = SURFACE_STYLE_USAGE(.BOTH.,#16743);
#16743 = SURFACE_SIDE_STYLE('',(#16744));
#16744 = SURFACE_STYLE_FILL_AREA(#16745);
#16745 = FILL_AREA_STYLE('',(#16746));
#16746 = FILL_AREA_STYLE_COLOUR('',#16718);
#16747 = STYLED_ITEM('color',(#16748),#6251);
#16748 = PRESENTATION_STYLE_ASSIGNMENT((#16749));
#16749 = SURFACE_STYLE_USAGE(.BOTH.,#16750);
#16750 = SURFACE_SIDE_STYLE('',(#16751));
#16751 = SURFACE_STYLE_FILL_AREA(#16752);
#16752 = FILL_AREA_STYLE('',(#16753));
#16753 = FILL_AREA_STYLE_COLOUR('',#16718);
#16754 = STYLED_ITEM('color',(#16755),#6275);
#16755 = PRESENTATION_STYLE_ASSIGNMENT((#16756));
#16756 = SURFACE_STYLE_USAGE(.BOTH.,#16757);
#16757 = SURFACE_SIDE_STYLE('',(#16758));
#16758 = SURFACE_STYLE_FILL_AREA(#16759);
#16759 = FILL_AREA_STYLE('',(#16760));
#16760 = FILL_AREA_STYLE_COLOUR('',#16718);
#16761 = STYLED_ITEM('color',(#16762),#6315);
#16762 = PRESENTATION_STYLE_ASSIGNMENT((#16763));
#16763 = SURFACE_STYLE_USAGE(.BOTH.,#16764);
#16764 = SURFACE_SIDE_STYLE('',(#16765));
#16765 = SURFACE_STYLE_FILL_AREA(#16766);
#16766 = FILL_AREA_STYLE('',(#16767));
#16767 = FILL_AREA_STYLE_COLOUR('',#16718);
#16768 = STYLED_ITEM('color',(#16769),#6339);
#16769 = PRESENTATION_STYLE_ASSIGNMENT((#16770));
#16770 = SURFACE_STYLE_USAGE(.BOTH.,#16771);
#16771 = SURFACE_SIDE_STYLE('',(#16772));
#16772 = SURFACE_STYLE_FILL_AREA(#16773);
#16773 = FILL_AREA_STYLE('',(#16774));
#16774 = FILL_AREA_STYLE_COLOUR('',#16718);
#16775 = STYLED_ITEM('color',(#16776),#6379);
#16776 = PRESENTATION_STYLE_ASSIGNMENT((#16777));
#16777 = SURFACE_STYLE_USAGE(.BOTH.,#16778);
#16778 = SURFACE_SIDE_STYLE('',(#16779));
#16779 = SURFACE_STYLE_FILL_AREA(#16780);
#16780 = FILL_AREA_STYLE('',(#16781));
#16781 = FILL_AREA_STYLE_COLOUR('',#16718);
#16782 = STYLED_ITEM('color',(#16783),#6403);
#16783 = PRESENTATION_STYLE_ASSIGNMENT((#16784));
#16784 = SURFACE_STYLE_USAGE(.BOTH.,#16785);
#16785 = SURFACE_SIDE_STYLE('',(#16786));
#16786 = SURFACE_STYLE_FILL_AREA(#16787);
#16787 = FILL_AREA_STYLE('',(#16788));
#16788 = FILL_AREA_STYLE_COLOUR('',#16718);
#16789 = STYLED_ITEM('color',(#16790),#6443);
#16790 = PRESENTATION_STYLE_ASSIGNMENT((#16791));
#16791 = SURFACE_STYLE_USAGE(.BOTH.,#16792);
#16792 = SURFACE_SIDE_STYLE('',(#16793));
#16793 = SURFACE_STYLE_FILL_AREA(#16794);
#16794 = FILL_AREA_STYLE('',(#16795));
#16795 = FILL_AREA_STYLE_COLOUR('',#16718);
#16796 = STYLED_ITEM('color',(#16797),#6467);
#16797 = PRESENTATION_STYLE_ASSIGNMENT((#16798));
#16798 = SURFACE_STYLE_USAGE(.BOTH.,#16799);
#16799 = SURFACE_SIDE_STYLE('',(#16800));
#16800 = SURFACE_STYLE_FILL_AREA(#16801);
#16801 = FILL_AREA_STYLE('',(#16802));
#16802 = FILL_AREA_STYLE_COLOUR('',#16718);
#16803 = STYLED_ITEM('color',(#16804),#6507);
#16804 = PRESENTATION_STYLE_ASSIGNMENT((#16805));
#16805 = SURFACE_STYLE_USAGE(.BOTH.,#16806);
#16806 = SURFACE_SIDE_STYLE('',(#16807));
#16807 = SURFACE_STYLE_FILL_AREA(#16808);
#16808 = FILL_AREA_STYLE('',(#16809));
#16809 = FILL_AREA_STYLE_COLOUR('',#16718);
#16810 = STYLED_ITEM('color',(#16811),#6531);
#16811 = PRESENTATION_STYLE_ASSIGNMENT((#16812));
#16812 = SURFACE_STYLE_USAGE(.BOTH.,#16813);
#16813 = SURFACE_SIDE_STYLE('',(#16814));
#16814 = SURFACE_STYLE_FILL_AREA(#16815);
#16815 = FILL_AREA_STYLE('',(#16816));
#16816 = FILL_AREA_STYLE_COLOUR('',#16718);
#16817 = STYLED_ITEM('color',(#16818),#6571);
#16818 = PRESENTATION_STYLE_ASSIGNMENT((#16819));
#16819 = SURFACE_STYLE_USAGE(.BOTH.,#16820);
#16820 = SURFACE_SIDE_STYLE('',(#16821));
#16821 = SURFACE_STYLE_FILL_AREA(#16822);
#16822 = FILL_AREA_STYLE('',(#16823));
#16823 = FILL_AREA_STYLE_COLOUR('',#16718);
#16824 = STYLED_ITEM('color',(#16825),#6595);
#16825 = PRESENTATION_STYLE_ASSIGNMENT((#16826));
#16826 = SURFACE_STYLE_USAGE(.BOTH.,#16827);
#16827 = SURFACE_SIDE_STYLE('',(#16828));
#16828 = SURFACE_STYLE_FILL_AREA(#16829);
#16829 = FILL_AREA_STYLE('',(#16830));
#16830 = FILL_AREA_STYLE_COLOUR('',#16718);
#16831 = STYLED_ITEM('color',(#16832),#6635);
#16832 = PRESENTATION_STYLE_ASSIGNMENT((#16833));
#16833 = SURFACE_STYLE_USAGE(.BOTH.,#16834);
#16834 = SURFACE_SIDE_STYLE('',(#16835));
#16835 = SURFACE_STYLE_FILL_AREA(#16836);
#16836 = FILL_AREA_STYLE('',(#16837));
#16837 = FILL_AREA_STYLE_COLOUR('',#16718);
#16838 = STYLED_ITEM('color',(#16839),#6675);
#16839 = PRESENTATION_STYLE_ASSIGNMENT((#16840));
#16840 = SURFACE_STYLE_USAGE(.BOTH.,#16841);
#16841 = SURFACE_SIDE_STYLE('',(#16842));
#16842 = SURFACE_STYLE_FILL_AREA(#16843);
#16843 = FILL_AREA_STYLE('',(#16844));
#16844 = FILL_AREA_STYLE_COLOUR('',#16718);
#16845 = STYLED_ITEM('color',(#16846),#6715);
#16846 = PRESENTATION_STYLE_ASSIGNMENT((#16847));
#16847 = SURFACE_STYLE_USAGE(.BOTH.,#16848);
#16848 = SURFACE_SIDE_STYLE('',(#16849));
#16849 = SURFACE_STYLE_FILL_AREA(#16850);
#16850 = FILL_AREA_STYLE('',(#16851));
#16851 = FILL_AREA_STYLE_COLOUR('',#16718);
#16852 = STYLED_ITEM('color',(#16853),#6803);
#16853 = PRESENTATION_STYLE_ASSIGNMENT((#16854));
#16854 = SURFACE_STYLE_USAGE(.BOTH.,#16855);
#16855 = SURFACE_SIDE_STYLE('',(#16856));
#16856 = SURFACE_STYLE_FILL_AREA(#16857);
#16857 = FILL_AREA_STYLE('',(#16858));
#16858 = FILL_AREA_STYLE_COLOUR('',#16718);
#16859 = STYLED_ITEM('color',(#16860),#6836);
#16860 = PRESENTATION_STYLE_ASSIGNMENT((#16861));
#16861 = SURFACE_STYLE_USAGE(.BOTH.,#16862);
#16862 = SURFACE_SIDE_STYLE('',(#16863));
#16863 = SURFACE_STYLE_FILL_AREA(#16864);
#16864 = FILL_AREA_STYLE('',(#16865));
#16865 = FILL_AREA_STYLE_COLOUR('',#16718);
#16866 = STYLED_ITEM('color',(#16867),#6860);
#16867 = PRESENTATION_STYLE_ASSIGNMENT((#16868));
#16868 = SURFACE_STYLE_USAGE(.BOTH.,#16869);
#16869 = SURFACE_SIDE_STYLE('',(#16870));
#16870 = SURFACE_STYLE_FILL_AREA(#16871);
#16871 = FILL_AREA_STYLE('',(#16872));
#16872 = FILL_AREA_STYLE_COLOUR('',#16718);
#16873 = STYLED_ITEM('color',(#16874),#6932);
#16874 = PRESENTATION_STYLE_ASSIGNMENT((#16875));
#16875 = SURFACE_STYLE_USAGE(.BOTH.,#16876);
#16876 = SURFACE_SIDE_STYLE('',(#16877));
#16877 = SURFACE_STYLE_FILL_AREA(#16878);
#16878 = FILL_AREA_STYLE('',(#16879));
#16879 = FILL_AREA_STYLE_COLOUR('',#16718);
#16880 = STYLED_ITEM('color',(#16881),#7122);
#16881 = PRESENTATION_STYLE_ASSIGNMENT((#16882));
#16882 = SURFACE_STYLE_USAGE(.BOTH.,#16883);
#16883 = SURFACE_SIDE_STYLE('',(#16884));
#16884 = SURFACE_STYLE_FILL_AREA(#16885);
#16885 = FILL_AREA_STYLE('',(#16886));
#16886 = FILL_AREA_STYLE_COLOUR('',#16718);
#16887 = STYLED_ITEM('color',(#16888),#7139);
#16888 = PRESENTATION_STYLE_ASSIGNMENT((#16889));
#16889 = SURFACE_STYLE_USAGE(.BOTH.,#16890);
#16890 = SURFACE_SIDE_STYLE('',(#16891));
#16891 = SURFACE_STYLE_FILL_AREA(#16892);
#16892 = FILL_AREA_STYLE('',(#16893));
#16893 = FILL_AREA_STYLE_COLOUR('',#16718);
#16894 = STYLED_ITEM('color',(#16895),#7185);
#16895 = PRESENTATION_STYLE_ASSIGNMENT((#16896));
#16896 = SURFACE_STYLE_USAGE(.BOTH.,#16897);
#16897 = SURFACE_SIDE_STYLE('',(#16898));
#16898 = SURFACE_STYLE_FILL_AREA(#16899);
#16899 = FILL_AREA_STYLE('',(#16900));
#16900 = FILL_AREA_STYLE_COLOUR('',#16718);
#16901 = STYLED_ITEM('color',(#16902),#7202);
#16902 = PRESENTATION_STYLE_ASSIGNMENT((#16903));
#16903 = SURFACE_STYLE_USAGE(.BOTH.,#16904);
#16904 = SURFACE_SIDE_STYLE('',(#16905));
#16905 = SURFACE_STYLE_FILL_AREA(#16906);
#16906 = FILL_AREA_STYLE('',(#16907));
#16907 = FILL_AREA_STYLE_COLOUR('',#16718);
#16908 = STYLED_ITEM('color',(#16909),#7248);
#16909 = PRESENTATION_STYLE_ASSIGNMENT((#16910));
#16910 = SURFACE_STYLE_USAGE(.BOTH.,#16911);
#16911 = SURFACE_SIDE_STYLE('',(#16912));
#16912 = SURFACE_STYLE_FILL_AREA(#16913);
#16913 = FILL_AREA_STYLE('',(#16914));
#16914 = FILL_AREA_STYLE_COLOUR('',#16718);
#16915 = STYLED_ITEM('color',(#16916),#7265);
#16916 = PRESENTATION_STYLE_ASSIGNMENT((#16917));
#16917 = SURFACE_STYLE_USAGE(.BOTH.,#16918);
#16918 = SURFACE_SIDE_STYLE('',(#16919));
#16919 = SURFACE_STYLE_FILL_AREA(#16920);
#16920 = FILL_AREA_STYLE('',(#16921));
#16921 = FILL_AREA_STYLE_COLOUR('',#16718);
#16922 = STYLED_ITEM('color',(#16923),#7311);
#16923 = PRESENTATION_STYLE_ASSIGNMENT((#16924));
#16924 = SURFACE_STYLE_USAGE(.BOTH.,#16925);
#16925 = SURFACE_SIDE_STYLE('',(#16926));
#16926 = SURFACE_STYLE_FILL_AREA(#16927);
#16927 = FILL_AREA_STYLE('',(#16928));
#16928 = FILL_AREA_STYLE_COLOUR('',#16718);
#16929 = STYLED_ITEM('color',(#16930),#7328);
#16930 = PRESENTATION_STYLE_ASSIGNMENT((#16931));
#16931 = SURFACE_STYLE_USAGE(.BOTH.,#16932);
#16932 = SURFACE_SIDE_STYLE('',(#16933));
#16933 = SURFACE_STYLE_FILL_AREA(#16934);
#16934 = FILL_AREA_STYLE('',(#16935));
#16935 = FILL_AREA_STYLE_COLOUR('',#16718);
#16936 = STYLED_ITEM('color',(#16937),#7374);
#16937 = PRESENTATION_STYLE_ASSIGNMENT((#16938));
#16938 = SURFACE_STYLE_USAGE(.BOTH.,#16939);
#16939 = SURFACE_SIDE_STYLE('',(#16940));
#16940 = SURFACE_STYLE_FILL_AREA(#16941);
#16941 = FILL_AREA_STYLE('',(#16942));
#16942 = FILL_AREA_STYLE_COLOUR('',#16718);
#16943 = STYLED_ITEM('color',(#16944),#7398);
#16944 = PRESENTATION_STYLE_ASSIGNMENT((#16945));
#16945 = SURFACE_STYLE_USAGE(.BOTH.,#16946);
#16946 = SURFACE_SIDE_STYLE('',(#16947));
#16947 = SURFACE_STYLE_FILL_AREA(#16948);
#16948 = FILL_AREA_STYLE('',(#16949));
#16949 = FILL_AREA_STYLE_COLOUR('',#16718);
#16950 = STYLED_ITEM('color',(#16951),#7463);
#16951 = PRESENTATION_STYLE_ASSIGNMENT((#16952));
#16952 = SURFACE_STYLE_USAGE(.BOTH.,#16953);
#16953 = SURFACE_SIDE_STYLE('',(#16954));
#16954 = SURFACE_STYLE_FILL_AREA(#16955);
#16955 = FILL_AREA_STYLE('',(#16956));
#16956 = FILL_AREA_STYLE_COLOUR('',#16718);
#16957 = STYLED_ITEM('color',(#16958),#7480);
#16958 = PRESENTATION_STYLE_ASSIGNMENT((#16959));
#16959 = SURFACE_STYLE_USAGE(.BOTH.,#16960);
#16960 = SURFACE_SIDE_STYLE('',(#16961));
#16961 = SURFACE_STYLE_FILL_AREA(#16962);
#16962 = FILL_AREA_STYLE('',(#16963));
#16963 = FILL_AREA_STYLE_COLOUR('',#16718);
#16964 = STYLED_ITEM('color',(#16965),#7492);
#16965 = PRESENTATION_STYLE_ASSIGNMENT((#16966));
#16966 = SURFACE_STYLE_USAGE(.BOTH.,#16967);
#16967 = SURFACE_SIDE_STYLE('',(#16968));
#16968 = SURFACE_STYLE_FILL_AREA(#16969);
#16969 = FILL_AREA_STYLE('',(#16970));
#16970 = FILL_AREA_STYLE_COLOUR('',#16718);
#16971 = STYLED_ITEM('color',(#16972),#7523);
#16972 = PRESENTATION_STYLE_ASSIGNMENT((#16973));
#16973 = SURFACE_STYLE_USAGE(.BOTH.,#16974);
#16974 = SURFACE_SIDE_STYLE('',(#16975));
#16975 = SURFACE_STYLE_FILL_AREA(#16976);
#16976 = FILL_AREA_STYLE('',(#16977));
#16977 = FILL_AREA_STYLE_COLOUR('',#16718);
#16978 = STYLED_ITEM('color',(#16979),#7548);
#16979 = PRESENTATION_STYLE_ASSIGNMENT((#16980));
#16980 = SURFACE_STYLE_USAGE(.BOTH.,#16981);
#16981 = SURFACE_SIDE_STYLE('',(#16982));
#16982 = SURFACE_STYLE_FILL_AREA(#16983);
#16983 = FILL_AREA_STYLE('',(#16984));
#16984 = FILL_AREA_STYLE_COLOUR('',#16718);
#16985 = STYLED_ITEM('color',(#16986),#7565);
#16986 = PRESENTATION_STYLE_ASSIGNMENT((#16987));
#16987 = SURFACE_STYLE_USAGE(.BOTH.,#16988);
#16988 = SURFACE_SIDE_STYLE('',(#16989));
#16989 = SURFACE_STYLE_FILL_AREA(#16990);
#16990 = FILL_AREA_STYLE('',(#16991));
#16991 = FILL_AREA_STYLE_COLOUR('',#16718);
#16992 = STYLED_ITEM('color',(#16993),#7597);
#16993 = PRESENTATION_STYLE_ASSIGNMENT((#16994));
#16994 = SURFACE_STYLE_USAGE(.BOTH.,#16995);
#16995 = SURFACE_SIDE_STYLE('',(#16996));
#16996 = SURFACE_STYLE_FILL_AREA(#16997);
#16997 = FILL_AREA_STYLE('',(#16998));
#16998 = FILL_AREA_STYLE_COLOUR('',#16718);
#16999 = STYLED_ITEM('color',(#17000),#7621);
#17000 = PRESENTATION_STYLE_ASSIGNMENT((#17001));
#17001 = SURFACE_STYLE_USAGE(.BOTH.,#17002);
#17002 = SURFACE_SIDE_STYLE('',(#17003));
#17003 = SURFACE_STYLE_FILL_AREA(#17004);
#17004 = FILL_AREA_STYLE('',(#17005));
#17005 = FILL_AREA_STYLE_COLOUR('',#16718);
#17006 = STYLED_ITEM('color',(#17007),#7638);
#17007 = PRESENTATION_STYLE_ASSIGNMENT((#17008));
#17008 = SURFACE_STYLE_USAGE(.BOTH.,#17009);
#17009 = SURFACE_SIDE_STYLE('',(#17010));
#17010 = SURFACE_STYLE_FILL_AREA(#17011);
#17011 = FILL_AREA_STYLE('',(#17012));
#17012 = FILL_AREA_STYLE_COLOUR('',#16718);
#17013 = STYLED_ITEM('color',(#17014),#7650);
#17014 = PRESENTATION_STYLE_ASSIGNMENT((#17015));
#17015 = SURFACE_STYLE_USAGE(.BOTH.,#17016);
#17016 = SURFACE_SIDE_STYLE('',(#17017));
#17017 = SURFACE_STYLE_FILL_AREA(#17018);
#17018 = FILL_AREA_STYLE('',(#17019));
#17019 = FILL_AREA_STYLE_COLOUR('',#16718);
#17020 = STYLED_ITEM('color',(#17021),#7674);
#17021 = PRESENTATION_STYLE_ASSIGNMENT((#17022));
#17022 = SURFACE_STYLE_USAGE(.BOTH.,#17023);
#17023 = SURFACE_SIDE_STYLE('',(#17024));
#17024 = SURFACE_STYLE_FILL_AREA(#17025);
#17025 = FILL_AREA_STYLE('',(#17026));
#17026 = FILL_AREA_STYLE_COLOUR('',#16718);
#17027 = STYLED_ITEM('color',(#17028),#7699);
#17028 = PRESENTATION_STYLE_ASSIGNMENT((#17029));
#17029 = SURFACE_STYLE_USAGE(.BOTH.,#17030);
#17030 = SURFACE_SIDE_STYLE('',(#17031));
#17031 = SURFACE_STYLE_FILL_AREA(#17032);
#17032 = FILL_AREA_STYLE('',(#17033));
#17033 = FILL_AREA_STYLE_COLOUR('',#16718);
#17034 = STYLED_ITEM('color',(#17035),#7876);
#17035 = PRESENTATION_STYLE_ASSIGNMENT((#17036));
#17036 = SURFACE_STYLE_USAGE(.BOTH.,#17037);
#17037 = SURFACE_SIDE_STYLE('',(#17038));
#17038 = SURFACE_STYLE_FILL_AREA(#17039);
#17039 = FILL_AREA_STYLE('',(#17040));
#17040 = FILL_AREA_STYLE_COLOUR('',#16718);
#17041 = STYLED_ITEM('color',(#17042),#7893);
#17042 = PRESENTATION_STYLE_ASSIGNMENT((#17043));
#17043 = SURFACE_STYLE_USAGE(.BOTH.,#17044);
#17044 = SURFACE_SIDE_STYLE('',(#17045));
#17045 = SURFACE_STYLE_FILL_AREA(#17046);
#17046 = FILL_AREA_STYLE('',(#17047));
#17047 = FILL_AREA_STYLE_COLOUR('',#16718);
#17048 = STYLED_ITEM('color',(#17049),#7910);
#17049 = PRESENTATION_STYLE_ASSIGNMENT((#17050));
#17050 = SURFACE_STYLE_USAGE(.BOTH.,#17051);
#17051 = SURFACE_SIDE_STYLE('',(#17052));
#17052 = SURFACE_STYLE_FILL_AREA(#17053);
#17053 = FILL_AREA_STYLE('',(#17054));
#17054 = FILL_AREA_STYLE_COLOUR('',#16718);
#17055 = STYLED_ITEM('color',(#17056),#7927);
#17056 = PRESENTATION_STYLE_ASSIGNMENT((#17057));
#17057 = SURFACE_STYLE_USAGE(.BOTH.,#17058);
#17058 = SURFACE_SIDE_STYLE('',(#17059));
#17059 = SURFACE_STYLE_FILL_AREA(#17060);
#17060 = FILL_AREA_STYLE('',(#17061));
#17061 = FILL_AREA_STYLE_COLOUR('',#16718);
#17062 = STYLED_ITEM('color',(#17063),#7944);
#17063 = PRESENTATION_STYLE_ASSIGNMENT((#17064));
#17064 = SURFACE_STYLE_USAGE(.BOTH.,#17065);
#17065 = SURFACE_SIDE_STYLE('',(#17066));
#17066 = SURFACE_STYLE_FILL_AREA(#17067);
#17067 = FILL_AREA_STYLE('',(#17068));
#17068 = FILL_AREA_STYLE_COLOUR('',#16718);
#17069 = STYLED_ITEM('color',(#17070),#7961);
#17070 = PRESENTATION_STYLE_ASSIGNMENT((#17071));
#17071 = SURFACE_STYLE_USAGE(.BOTH.,#17072);
#17072 = SURFACE_SIDE_STYLE('',(#17073));
#17073 = SURFACE_STYLE_FILL_AREA(#17074);
#17074 = FILL_AREA_STYLE('',(#17075));
#17075 = FILL_AREA_STYLE_COLOUR('',#16718);
#17076 = STYLED_ITEM('color',(#17077),#7978);
#17077 = PRESENTATION_STYLE_ASSIGNMENT((#17078));
#17078 = SURFACE_STYLE_USAGE(.BOTH.,#17079);
#17079 = SURFACE_SIDE_STYLE('',(#17080));
#17080 = SURFACE_STYLE_FILL_AREA(#17081);
#17081 = FILL_AREA_STYLE('',(#17082));
#17082 = FILL_AREA_STYLE_COLOUR('',#16718);
#17083 = STYLED_ITEM('color',(#17084),#7995);
#17084 = PRESENTATION_STYLE_ASSIGNMENT((#17085));
#17085 = SURFACE_STYLE_USAGE(.BOTH.,#17086);
#17086 = SURFACE_SIDE_STYLE('',(#17087));
#17087 = SURFACE_STYLE_FILL_AREA(#17088);
#17088 = FILL_AREA_STYLE('',(#17089));
#17089 = FILL_AREA_STYLE_COLOUR('',#16718);
#17090 = STYLED_ITEM('color',(#17091),#8012);
#17091 = PRESENTATION_STYLE_ASSIGNMENT((#17092));
#17092 = SURFACE_STYLE_USAGE(.BOTH.,#17093);
#17093 = SURFACE_SIDE_STYLE('',(#17094));
#17094 = SURFACE_STYLE_FILL_AREA(#17095);
#17095 = FILL_AREA_STYLE('',(#17096));
#17096 = FILL_AREA_STYLE_COLOUR('',#16718);
#17097 = STYLED_ITEM('color',(#17098),#8029);
#17098 = PRESENTATION_STYLE_ASSIGNMENT((#17099));
#17099 = SURFACE_STYLE_USAGE(.BOTH.,#17100);
#17100 = SURFACE_SIDE_STYLE('',(#17101));
#17101 = SURFACE_STYLE_FILL_AREA(#17102);
#17102 = FILL_AREA_STYLE('',(#17103));
#17103 = FILL_AREA_STYLE_COLOUR('',#16718);
#17104 = STYLED_ITEM('color',(#17105),#8046);
#17105 = PRESENTATION_STYLE_ASSIGNMENT((#17106));
#17106 = SURFACE_STYLE_USAGE(.BOTH.,#17107);
#17107 = SURFACE_SIDE_STYLE('',(#17108));
#17108 = SURFACE_STYLE_FILL_AREA(#17109);
#17109 = FILL_AREA_STYLE('',(#17110));
#17110 = FILL_AREA_STYLE_COLOUR('',#16718);
#17111 = STYLED_ITEM('color',(#17112),#8063);
#17112 = PRESENTATION_STYLE_ASSIGNMENT((#17113));
#17113 = SURFACE_STYLE_USAGE(.BOTH.,#17114);
#17114 = SURFACE_SIDE_STYLE('',(#17115));
#17115 = SURFACE_STYLE_FILL_AREA(#17116);
#17116 = FILL_AREA_STYLE('',(#17117));
#17117 = FILL_AREA_STYLE_COLOUR('',#16718);
#17118 = STYLED_ITEM('color',(#17119),#8080);
#17119 = PRESENTATION_STYLE_ASSIGNMENT((#17120));
#17120 = SURFACE_STYLE_USAGE(.BOTH.,#17121);
#17121 = SURFACE_SIDE_STYLE('',(#17122));
#17122 = SURFACE_STYLE_FILL_AREA(#17123);
#17123 = FILL_AREA_STYLE('',(#17124));
#17124 = FILL_AREA_STYLE_COLOUR('',#16718);
#17125 = STYLED_ITEM('color',(#17126),#8097);
#17126 = PRESENTATION_STYLE_ASSIGNMENT((#17127));
#17127 = SURFACE_STYLE_USAGE(.BOTH.,#17128);
#17128 = SURFACE_SIDE_STYLE('',(#17129));
#17129 = SURFACE_STYLE_FILL_AREA(#17130);
#17130 = FILL_AREA_STYLE('',(#17131));
#17131 = FILL_AREA_STYLE_COLOUR('',#16718);
#17132 = STYLED_ITEM('color',(#17133),#8114);
#17133 = PRESENTATION_STYLE_ASSIGNMENT((#17134));
#17134 = SURFACE_STYLE_USAGE(.BOTH.,#17135);
#17135 = SURFACE_SIDE_STYLE('',(#17136));
#17136 = SURFACE_STYLE_FILL_AREA(#17137);
#17137 = FILL_AREA_STYLE('',(#17138));
#17138 = FILL_AREA_STYLE_COLOUR('',#16718);
#17139 = STYLED_ITEM('color',(#17140),#8131);
#17140 = PRESENTATION_STYLE_ASSIGNMENT((#17141));
#17141 = SURFACE_STYLE_USAGE(.BOTH.,#17142);
#17142 = SURFACE_SIDE_STYLE('',(#17143));
#17143 = SURFACE_STYLE_FILL_AREA(#17144);
#17144 = FILL_AREA_STYLE('',(#17145));
#17145 = FILL_AREA_STYLE_COLOUR('',#16718);
#17146 = STYLED_ITEM('color',(#17147),#8148);
#17147 = PRESENTATION_STYLE_ASSIGNMENT((#17148));
#17148 = SURFACE_STYLE_USAGE(.BOTH.,#17149);
#17149 = SURFACE_SIDE_STYLE('',(#17150));
#17150 = SURFACE_STYLE_FILL_AREA(#17151);
#17151 = FILL_AREA_STYLE('',(#17152));
#17152 = FILL_AREA_STYLE_COLOUR('',#16718);
#17153 = STYLED_ITEM('color',(#17154),#8160);
#17154 = PRESENTATION_STYLE_ASSIGNMENT((#17155));
#17155 = SURFACE_STYLE_USAGE(.BOTH.,#17156);
#17156 = SURFACE_SIDE_STYLE('',(#17157));
#17157 = SURFACE_STYLE_FILL_AREA(#17158);
#17158 = FILL_AREA_STYLE('',(#17159));
#17159 = FILL_AREA_STYLE_COLOUR('',#17160);
#17160 = COLOUR_RGB('',0.823529417451,0.819607860991,0.780392170416);
#17161 = STYLED_ITEM('color',(#17162),#8257);
#17162 = PRESENTATION_STYLE_ASSIGNMENT((#17163));
#17163 = SURFACE_STYLE_USAGE(.BOTH.,#17164);
#17164 = SURFACE_SIDE_STYLE('',(#17165));
#17165 = SURFACE_STYLE_FILL_AREA(#17166);
#17166 = FILL_AREA_STYLE('',(#17167));
#17167 = FILL_AREA_STYLE_COLOUR('',#17160);
#17168 = STYLED_ITEM('color',(#17169),#8281);
#17169 = PRESENTATION_STYLE_ASSIGNMENT((#17170));
#17170 = SURFACE_STYLE_USAGE(.BOTH.,#17171);
#17171 = SURFACE_SIDE_STYLE('',(#17172));
#17172 = SURFACE_STYLE_FILL_AREA(#17173);
#17173 = FILL_AREA_STYLE('',(#17174));
#17174 = FILL_AREA_STYLE_COLOUR('',#17160);
#17175 = STYLED_ITEM('color',(#17176),#8371);
#17176 = PRESENTATION_STYLE_ASSIGNMENT((#17177));
#17177 = SURFACE_STYLE_USAGE(.BOTH.,#17178);
#17178 = SURFACE_SIDE_STYLE('',(#17179));
#17179 = SURFACE_STYLE_FILL_AREA(#17180);
#17180 = FILL_AREA_STYLE('',(#17181));
#17181 = FILL_AREA_STYLE_COLOUR('',#17160);
#17182 = STYLED_ITEM('color',(#17183),#8388);
#17183 = PRESENTATION_STYLE_ASSIGNMENT((#17184));
#17184 = SURFACE_STYLE_USAGE(.BOTH.,#17185);
#17185 = SURFACE_SIDE_STYLE('',(#17186));
#17186 = SURFACE_STYLE_FILL_AREA(#17187);
#17187 = FILL_AREA_STYLE('',(#17188));
#17188 = FILL_AREA_STYLE_COLOUR('',#17160);
#17189 = STYLED_ITEM('color',(#17190),#8419);
#17190 = PRESENTATION_STYLE_ASSIGNMENT((#17191));
#17191 = SURFACE_STYLE_USAGE(.BOTH.,#17192);
#17192 = SURFACE_SIDE_STYLE('',(#17193));
#17193 = SURFACE_STYLE_FILL_AREA(#17194);
#17194 = FILL_AREA_STYLE('',(#17195));
#17195 = FILL_AREA_STYLE_COLOUR('',#17160);
#17196 = STYLED_ITEM('color',(#17197),#8477);
#17197 = PRESENTATION_STYLE_ASSIGNMENT((#17198));
#17198 = SURFACE_STYLE_USAGE(.BOTH.,#17199);
#17199 = SURFACE_SIDE_STYLE('',(#17200));
#17200 = SURFACE_STYLE_FILL_AREA(#17201);
#17201 = FILL_AREA_STYLE('',(#17202));
#17202 = FILL_AREA_STYLE_COLOUR('',#17160);
#17203 = STYLED_ITEM('color',(#17204),#8501);
#17204 = PRESENTATION_STYLE_ASSIGNMENT((#17205));
#17205 = SURFACE_STYLE_USAGE(.BOTH.,#17206);
#17206 = SURFACE_SIDE_STYLE('',(#17207));
#17207 = SURFACE_STYLE_FILL_AREA(#17208);
#17208 = FILL_AREA_STYLE('',(#17209));
#17209 = FILL_AREA_STYLE_COLOUR('',#17160);
#17210 = STYLED_ITEM('color',(#17211),#8552);
#17211 = PRESENTATION_STYLE_ASSIGNMENT((#17212));
#17212 = SURFACE_STYLE_USAGE(.BOTH.,#17213);
#17213 = SURFACE_SIDE_STYLE('',(#17214));
#17214 = SURFACE_STYLE_FILL_AREA(#17215);
#17215 = FILL_AREA_STYLE('',(#17216));
#17216 = FILL_AREA_STYLE_COLOUR('',#17160);
#17217 = STYLED_ITEM('color',(#17218),#8583);
#17218 = PRESENTATION_STYLE_ASSIGNMENT((#17219));
#17219 = SURFACE_STYLE_USAGE(.BOTH.,#17220);
#17220 = SURFACE_SIDE_STYLE('',(#17221));
#17221 = SURFACE_STYLE_FILL_AREA(#17222);
#17222 = FILL_AREA_STYLE('',(#17223));
#17223 = FILL_AREA_STYLE_COLOUR('',#17160);
#17224 = STYLED_ITEM('color',(#17225),#8641);
#17225 = PRESENTATION_STYLE_ASSIGNMENT((#17226));
#17226 = SURFACE_STYLE_USAGE(.BOTH.,#17227);
#17227 = SURFACE_SIDE_STYLE('',(#17228));
#17228 = SURFACE_STYLE_FILL_AREA(#17229);
#17229 = FILL_AREA_STYLE('',(#17230));
#17230 = FILL_AREA_STYLE_COLOUR('',#17160);
#17231 = STYLED_ITEM('color',(#17232),#8665);
#17232 = PRESENTATION_STYLE_ASSIGNMENT((#17233));
#17233 = SURFACE_STYLE_USAGE(.BOTH.,#17234);
#17234 = SURFACE_SIDE_STYLE('',(#17235));
#17235 = SURFACE_STYLE_FILL_AREA(#17236);
#17236 = FILL_AREA_STYLE('',(#17237));
#17237 = FILL_AREA_STYLE_COLOUR('',#17160);
#17238 = STYLED_ITEM('color',(#17239),#8716);
#17239 = PRESENTATION_STYLE_ASSIGNMENT((#17240));
#17240 = SURFACE_STYLE_USAGE(.BOTH.,#17241);
#17241 = SURFACE_SIDE_STYLE('',(#17242));
#17242 = SURFACE_STYLE_FILL_AREA(#17243);
#17243 = FILL_AREA_STYLE('',(#17244));
#17244 = FILL_AREA_STYLE_COLOUR('',#17160);
#17245 = STYLED_ITEM('color',(#17246),#8813);
#17246 = PRESENTATION_STYLE_ASSIGNMENT((#17247));
#17247 = SURFACE_STYLE_USAGE(.BOTH.,#17248);
#17248 = SURFACE_SIDE_STYLE('',(#17249));
#17249 = SURFACE_STYLE_FILL_AREA(#17250);
#17250 = FILL_AREA_STYLE('',(#17251));
#17251 = FILL_AREA_STYLE_COLOUR('',#17160);
#17252 = STYLED_ITEM('color',(#17253),#8837);
#17253 = PRESENTATION_STYLE_ASSIGNMENT((#17254));
#17254 = SURFACE_STYLE_USAGE(.BOTH.,#17255);
#17255 = SURFACE_SIDE_STYLE('',(#17256));
#17256 = SURFACE_STYLE_FILL_AREA(#17257);
#17257 = FILL_AREA_STYLE('',(#17258));
#17258 = FILL_AREA_STYLE_COLOUR('',#17160);
#17259 = STYLED_ITEM('color',(#17260),#8927);
#17260 = PRESENTATION_STYLE_ASSIGNMENT((#17261));
#17261 = SURFACE_STYLE_USAGE(.BOTH.,#17262);
#17262 = SURFACE_SIDE_STYLE('',(#17263));
#17263 = SURFACE_STYLE_FILL_AREA(#17264);
#17264 = FILL_AREA_STYLE('',(#17265));
#17265 = FILL_AREA_STYLE_COLOUR('',#17160);
#17266 = STYLED_ITEM('color',(#17267),#8944);
#17267 = PRESENTATION_STYLE_ASSIGNMENT((#17268));
#17268 = SURFACE_STYLE_USAGE(.BOTH.,#17269);
#17269 = SURFACE_SIDE_STYLE('',(#17270));
#17270 = SURFACE_STYLE_FILL_AREA(#17271);
#17271 = FILL_AREA_STYLE('',(#17272));
#17272 = FILL_AREA_STYLE_COLOUR('',#16718);
#17273 = STYLED_ITEM('color',(#17274),#8969);
#17274 = PRESENTATION_STYLE_ASSIGNMENT((#17275));
#17275 = SURFACE_STYLE_USAGE(.BOTH.,#17276);
#17276 = SURFACE_SIDE_STYLE('',(#17277));
#17277 = SURFACE_STYLE_FILL_AREA(#17278);
#17278 = FILL_AREA_STYLE('',(#17279));
#17279 = FILL_AREA_STYLE_COLOUR('',#16718);
#17280 = STYLED_ITEM('color',(#17281),#8986);
#17281 = PRESENTATION_STYLE_ASSIGNMENT((#17282));
#17282 = SURFACE_STYLE_USAGE(.BOTH.,#17283);
#17283 = SURFACE_SIDE_STYLE('',(#17284));
#17284 = SURFACE_STYLE_FILL_AREA(#17285);
#17285 = FILL_AREA_STYLE('',(#17286));
#17286 = FILL_AREA_STYLE_COLOUR('',#16718);
#17287 = STYLED_ITEM('color',(#17288),#9013);
#17288 = PRESENTATION_STYLE_ASSIGNMENT((#17289));
#17289 = SURFACE_STYLE_USAGE(.BOTH.,#17290);
#17290 = SURFACE_SIDE_STYLE('',(#17291));
#17291 = SURFACE_STYLE_FILL_AREA(#17292);
#17292 = FILL_AREA_STYLE('',(#17293));
#17293 = FILL_AREA_STYLE_COLOUR('',#16718);
#17294 = STYLED_ITEM('color',(#17295),#9040);
#17295 = PRESENTATION_STYLE_ASSIGNMENT((#17296));
#17296 = SURFACE_STYLE_USAGE(.BOTH.,#17297);
#17297 = SURFACE_SIDE_STYLE('',(#17298));
#17298 = SURFACE_STYLE_FILL_AREA(#17299);
#17299 = FILL_AREA_STYLE('',(#17300));
#17300 = FILL_AREA_STYLE_COLOUR('',#16718);
#17301 = STYLED_ITEM('color',(#17302),#9057);
#17302 = PRESENTATION_STYLE_ASSIGNMENT((#17303));
#17303 = SURFACE_STYLE_USAGE(.BOTH.,#17304);
#17304 = SURFACE_SIDE_STYLE('',(#17305));
#17305 = SURFACE_STYLE_FILL_AREA(#17306);
#17306 = FILL_AREA_STYLE('',(#17307));
#17307 = FILL_AREA_STYLE_COLOUR('',#16718);
#17308 = STYLED_ITEM('color',(#17309),#9205);
#17309 = PRESENTATION_STYLE_ASSIGNMENT((#17310));
#17310 = SURFACE_STYLE_USAGE(.BOTH.,#17311);
#17311 = SURFACE_SIDE_STYLE('',(#17312));
#17312 = SURFACE_STYLE_FILL_AREA(#17313);
#17313 = FILL_AREA_STYLE('',(#17314));
#17314 = FILL_AREA_STYLE_COLOUR('',#17160);
#17315 = STYLED_ITEM('color',(#17316),#9222);
#17316 = PRESENTATION_STYLE_ASSIGNMENT((#17317));
#17317 = SURFACE_STYLE_USAGE(.BOTH.,#17318);
#17318 = SURFACE_SIDE_STYLE('',(#17319));
#17319 = SURFACE_STYLE_FILL_AREA(#17320);
#17320 = FILL_AREA_STYLE('',(#17321));
#17321 = FILL_AREA_STYLE_COLOUR('',#17160);
#17322 = STYLED_ITEM('color',(#17323),#9239);
#17323 = PRESENTATION_STYLE_ASSIGNMENT((#17324));
#17324 = SURFACE_STYLE_USAGE(.BOTH.,#17325);
#17325 = SURFACE_SIDE_STYLE('',(#17326));
#17326 = SURFACE_STYLE_FILL_AREA(#17327);
#17327 = FILL_AREA_STYLE('',(#17328));
#17328 = FILL_AREA_STYLE_COLOUR('',#17160);
#17329 = STYLED_ITEM('color',(#17330),#9256);
#17330 = PRESENTATION_STYLE_ASSIGNMENT((#17331));
#17331 = SURFACE_STYLE_USAGE(.BOTH.,#17332);
#17332 = SURFACE_SIDE_STYLE('',(#17333));
#17333 = SURFACE_STYLE_FILL_AREA(#17334);
#17334 = FILL_AREA_STYLE('',(#17335));
#17335 = FILL_AREA_STYLE_COLOUR('',#17160);
#17336 = STYLED_ITEM('color',(#17337),#9289);
#17337 = PRESENTATION_STYLE_ASSIGNMENT((#17338));
#17338 = SURFACE_STYLE_USAGE(.BOTH.,#17339);
#17339 = SURFACE_SIDE_STYLE('',(#17340));
#17340 = SURFACE_STYLE_FILL_AREA(#17341);
#17341 = FILL_AREA_STYLE('',(#17342));
#17342 = FILL_AREA_STYLE_COLOUR('',#17160);
#17343 = STYLED_ITEM('color',(#17344),#9329);
#17344 = PRESENTATION_STYLE_ASSIGNMENT((#17345));
#17345 = SURFACE_STYLE_USAGE(.BOTH.,#17346);
#17346 = SURFACE_SIDE_STYLE('',(#17347));
#17347 = SURFACE_STYLE_FILL_AREA(#17348);
#17348 = FILL_AREA_STYLE('',(#17349));
#17349 = FILL_AREA_STYLE_COLOUR('',#17160);
#17350 = STYLED_ITEM('color',(#17351),#9360);
#17351 = PRESENTATION_STYLE_ASSIGNMENT((#17352));
#17352 = SURFACE_STYLE_USAGE(.BOTH.,#17353);
#17353 = SURFACE_SIDE_STYLE('',(#17354));
#17354 = SURFACE_STYLE_FILL_AREA(#17355);
#17355 = FILL_AREA_STYLE('',(#17356));
#17356 = FILL_AREA_STYLE_COLOUR('',#17160);
#17357 = STYLED_ITEM('color',(#17358),#9377);
#17358 = PRESENTATION_STYLE_ASSIGNMENT((#17359));
#17359 = SURFACE_STYLE_USAGE(.BOTH.,#17360);
#17360 = SURFACE_SIDE_STYLE('',(#17361));
#17361 = SURFACE_STYLE_FILL_AREA(#17362);
#17362 = FILL_AREA_STYLE('',(#17363));
#17363 = FILL_AREA_STYLE_COLOUR('',#17160);
#17364 = STYLED_ITEM('color',(#17365),#9394);
#17365 = PRESENTATION_STYLE_ASSIGNMENT((#17366));
#17366 = SURFACE_STYLE_USAGE(.BOTH.,#17367);
#17367 = SURFACE_SIDE_STYLE('',(#17368));
#17368 = SURFACE_STYLE_FILL_AREA(#17369);
#17369 = FILL_AREA_STYLE('',(#17370));
#17370 = FILL_AREA_STYLE_COLOUR('',#17160);
#17371 = STYLED_ITEM('color',(#17372),#9406);
#17372 = PRESENTATION_STYLE_ASSIGNMENT((#17373));
#17373 = SURFACE_STYLE_USAGE(.BOTH.,#17374);
#17374 = SURFACE_SIDE_STYLE('',(#17375));
#17375 = SURFACE_STYLE_FILL_AREA(#17376);
#17376 = FILL_AREA_STYLE('',(#17377));
#17377 = FILL_AREA_STYLE_COLOUR('',#17160);
#17378 = STYLED_ITEM('color',(#17379),#9439);
#17379 = PRESENTATION_STYLE_ASSIGNMENT((#17380));
#17380 = SURFACE_STYLE_USAGE(.BOTH.,#17381);
#17381 = SURFACE_SIDE_STYLE('',(#17382));
#17382 = SURFACE_STYLE_FILL_AREA(#17383);
#17383 = FILL_AREA_STYLE('',(#17384));
#17384 = FILL_AREA_STYLE_COLOUR('',#17160);
#17385 = STYLED_ITEM('color',(#17386),#9456);
#17386 = PRESENTATION_STYLE_ASSIGNMENT((#17387));
#17387 = SURFACE_STYLE_USAGE(.BOTH.,#17388);
#17388 = SURFACE_SIDE_STYLE('',(#17389));
#17389 = SURFACE_STYLE_FILL_AREA(#17390);
#17390 = FILL_AREA_STYLE('',(#17391));
#17391 = FILL_AREA_STYLE_COLOUR('',#17160);
#17392 = STYLED_ITEM('color',(#17393),#9473);
#17393 = PRESENTATION_STYLE_ASSIGNMENT((#17394));
#17394 = SURFACE_STYLE_USAGE(.BOTH.,#17395);
#17395 = SURFACE_SIDE_STYLE('',(#17396));
#17396 = SURFACE_STYLE_FILL_AREA(#17397);
#17397 = FILL_AREA_STYLE('',(#17398));
#17398 = FILL_AREA_STYLE_COLOUR('',#17160);
#17399 = STYLED_ITEM('color',(#17400),#9490);
#17400 = PRESENTATION_STYLE_ASSIGNMENT((#17401));
#17401 = SURFACE_STYLE_USAGE(.BOTH.,#17402);
#17402 = SURFACE_SIDE_STYLE('',(#17403));
#17403 = SURFACE_STYLE_FILL_AREA(#17404);
#17404 = FILL_AREA_STYLE('',(#17405));
#17405 = FILL_AREA_STYLE_COLOUR('',#17160);
#17406 = STYLED_ITEM('color',(#17407),#9521);
#17407 = PRESENTATION_STYLE_ASSIGNMENT((#17408));
#17408 = SURFACE_STYLE_USAGE(.BOTH.,#17409);
#17409 = SURFACE_SIDE_STYLE('',(#17410));
#17410 = SURFACE_STYLE_FILL_AREA(#17411);
#17411 = FILL_AREA_STYLE('',(#17412));
#17412 = FILL_AREA_STYLE_COLOUR('',#17160);
#17413 = STYLED_ITEM('color',(#17414),#9538);
#17414 = PRESENTATION_STYLE_ASSIGNMENT((#17415));
#17415 = SURFACE_STYLE_USAGE(.BOTH.,#17416);
#17416 = SURFACE_SIDE_STYLE('',(#17417));
#17417 = SURFACE_STYLE_FILL_AREA(#17418);
#17418 = FILL_AREA_STYLE('',(#17419));
#17419 = FILL_AREA_STYLE_COLOUR('',#17160);
#17420 = STYLED_ITEM('color',(#17421),#9569);
#17421 = PRESENTATION_STYLE_ASSIGNMENT((#17422));
#17422 = SURFACE_STYLE_USAGE(.BOTH.,#17423);
#17423 = SURFACE_SIDE_STYLE('',(#17424));
#17424 = SURFACE_STYLE_FILL_AREA(#17425);
#17425 = FILL_AREA_STYLE('',(#17426));
#17426 = FILL_AREA_STYLE_COLOUR('',#17160);
#17427 = STYLED_ITEM('color',(#17428),#9586);
#17428 = PRESENTATION_STYLE_ASSIGNMENT((#17429));
#17429 = SURFACE_STYLE_USAGE(.BOTH.,#17430);
#17430 = SURFACE_SIDE_STYLE('',(#17431));
#17431 = SURFACE_STYLE_FILL_AREA(#17432);
#17432 = FILL_AREA_STYLE('',(#17433));
#17433 = FILL_AREA_STYLE_COLOUR('',#17160);
#17434 = STYLED_ITEM('color',(#17435),#9603);
#17435 = PRESENTATION_STYLE_ASSIGNMENT((#17436));
#17436 = SURFACE_STYLE_USAGE(.BOTH.,#17437);
#17437 = SURFACE_SIDE_STYLE('',(#17438));
#17438 = SURFACE_STYLE_FILL_AREA(#17439);
#17439 = FILL_AREA_STYLE('',(#17440));
#17440 = FILL_AREA_STYLE_COLOUR('',#17160);
#17441 = STYLED_ITEM('color',(#17442),#9620);
#17442 = PRESENTATION_STYLE_ASSIGNMENT((#17443));
#17443 = SURFACE_STYLE_USAGE(.BOTH.,#17444);
#17444 = SURFACE_SIDE_STYLE('',(#17445));
#17445 = SURFACE_STYLE_FILL_AREA(#17446);
#17446 = FILL_AREA_STYLE('',(#17447));
#17447 = FILL_AREA_STYLE_COLOUR('',#17160);
#17448 = STYLED_ITEM('color',(#17449),#9651);
#17449 = PRESENTATION_STYLE_ASSIGNMENT((#17450));
#17450 = SURFACE_STYLE_USAGE(.BOTH.,#17451);
#17451 = SURFACE_SIDE_STYLE('',(#17452));
#17452 = SURFACE_STYLE_FILL_AREA(#17453);
#17453 = FILL_AREA_STYLE('',(#17454));
#17454 = FILL_AREA_STYLE_COLOUR('',#17160);
#17455 = STYLED_ITEM('color',(#17456),#9668);
#17456 = PRESENTATION_STYLE_ASSIGNMENT((#17457));
#17457 = SURFACE_STYLE_USAGE(.BOTH.,#17458);
#17458 = SURFACE_SIDE_STYLE('',(#17459));
#17459 = SURFACE_STYLE_FILL_AREA(#17460);
#17460 = FILL_AREA_STYLE('',(#17461));
#17461 = FILL_AREA_STYLE_COLOUR('',#17160);
#17462 = STYLED_ITEM('color',(#17463),#9699);
#17463 = PRESENTATION_STYLE_ASSIGNMENT((#17464));
#17464 = SURFACE_STYLE_USAGE(.BOTH.,#17465);
#17465 = SURFACE_SIDE_STYLE('',(#17466));
#17466 = SURFACE_STYLE_FILL_AREA(#17467);
#17467 = FILL_AREA_STYLE('',(#17468));
#17468 = FILL_AREA_STYLE_COLOUR('',#17160);
#17469 = STYLED_ITEM('color',(#17470),#9716);
#17470 = PRESENTATION_STYLE_ASSIGNMENT((#17471));
#17471 = SURFACE_STYLE_USAGE(.BOTH.,#17472);
#17472 = SURFACE_SIDE_STYLE('',(#17473));
#17473 = SURFACE_STYLE_FILL_AREA(#17474);
#17474 = FILL_AREA_STYLE('',(#17475));
#17475 = FILL_AREA_STYLE_COLOUR('',#17160);
#17476 = STYLED_ITEM('color',(#17477),#9733);
#17477 = PRESENTATION_STYLE_ASSIGNMENT((#17478));
#17478 = SURFACE_STYLE_USAGE(.BOTH.,#17479);
#17479 = SURFACE_SIDE_STYLE('',(#17480));
#17480 = SURFACE_STYLE_FILL_AREA(#17481);
#17481 = FILL_AREA_STYLE('',(#17482));
#17482 = FILL_AREA_STYLE_COLOUR('',#17160);
#17483 = STYLED_ITEM('color',(#17484),#9750);
#17484 = PRESENTATION_STYLE_ASSIGNMENT((#17485));
#17485 = SURFACE_STYLE_USAGE(.BOTH.,#17486);
#17486 = SURFACE_SIDE_STYLE('',(#17487));
#17487 = SURFACE_STYLE_FILL_AREA(#17488);
#17488 = FILL_AREA_STYLE('',(#17489));
#17489 = FILL_AREA_STYLE_COLOUR('',#17160);
#17490 = STYLED_ITEM('color',(#17491),#9783);
#17491 = PRESENTATION_STYLE_ASSIGNMENT((#17492));
#17492 = SURFACE_STYLE_USAGE(.BOTH.,#17493);
#17493 = SURFACE_SIDE_STYLE('',(#17494));
#17494 = SURFACE_STYLE_FILL_AREA(#17495);
#17495 = FILL_AREA_STYLE('',(#17496));
#17496 = FILL_AREA_STYLE_COLOUR('',#17160);
#17497 = STYLED_ITEM('color',(#17498),#9823);
#17498 = PRESENTATION_STYLE_ASSIGNMENT((#17499));
#17499 = SURFACE_STYLE_USAGE(.BOTH.,#17500);
#17500 = SURFACE_SIDE_STYLE('',(#17501));
#17501 = SURFACE_STYLE_FILL_AREA(#17502);
#17502 = FILL_AREA_STYLE('',(#17503));
#17503 = FILL_AREA_STYLE_COLOUR('',#17160);
#17504 = STYLED_ITEM('color',(#17505),#9854);
#17505 = PRESENTATION_STYLE_ASSIGNMENT((#17506));
#17506 = SURFACE_STYLE_USAGE(.BOTH.,#17507);
#17507 = SURFACE_SIDE_STYLE('',(#17508));
#17508 = SURFACE_STYLE_FILL_AREA(#17509);
#17509 = FILL_AREA_STYLE('',(#17510));
#17510 = FILL_AREA_STYLE_COLOUR('',#17160);
#17511 = STYLED_ITEM('color',(#17512),#9871);
#17512 = PRESENTATION_STYLE_ASSIGNMENT((#17513));
#17513 = SURFACE_STYLE_USAGE(.BOTH.,#17514);
#17514 = SURFACE_SIDE_STYLE('',(#17515));
#17515 = SURFACE_STYLE_FILL_AREA(#17516);
#17516 = FILL_AREA_STYLE('',(#17517));
#17517 = FILL_AREA_STYLE_COLOUR('',#17160);
#17518 = STYLED_ITEM('color',(#17519),#9888);
#17519 = PRESENTATION_STYLE_ASSIGNMENT((#17520));
#17520 = SURFACE_STYLE_USAGE(.BOTH.,#17521);
#17521 = SURFACE_SIDE_STYLE('',(#17522));
#17522 = SURFACE_STYLE_FILL_AREA(#17523);
#17523 = FILL_AREA_STYLE('',(#17524));
#17524 = FILL_AREA_STYLE_COLOUR('',#17160);
#17525 = STYLED_ITEM('color',(#17526),#9900);
#17526 = PRESENTATION_STYLE_ASSIGNMENT((#17527));
#17527 = SURFACE_STYLE_USAGE(.BOTH.,#17528);
#17528 = SURFACE_SIDE_STYLE('',(#17529));
#17529 = SURFACE_STYLE_FILL_AREA(#17530);
#17530 = FILL_AREA_STYLE('',(#17531));
#17531 = FILL_AREA_STYLE_COLOUR('',#17160);
#17532 = STYLED_ITEM('color',(#17533),#9933);
#17533 = PRESENTATION_STYLE_ASSIGNMENT((#17534));
#17534 = SURFACE_STYLE_USAGE(.BOTH.,#17535);
#17535 = SURFACE_SIDE_STYLE('',(#17536));
#17536 = SURFACE_STYLE_FILL_AREA(#17537);
#17537 = FILL_AREA_STYLE('',(#17538));
#17538 = FILL_AREA_STYLE_COLOUR('',#17160);
#17539 = STYLED_ITEM('color',(#17540),#9964);
#17540 = PRESENTATION_STYLE_ASSIGNMENT((#17541));
#17541 = SURFACE_STYLE_USAGE(.BOTH.,#17542);
#17542 = SURFACE_SIDE_STYLE('',(#17543));
#17543 = SURFACE_STYLE_FILL_AREA(#17544);
#17544 = FILL_AREA_STYLE('',(#17545));
#17545 = FILL_AREA_STYLE_COLOUR('',#17160);
#17546 = STYLED_ITEM('color',(#17547),#9988);
#17547 = PRESENTATION_STYLE_ASSIGNMENT((#17548));
#17548 = SURFACE_STYLE_USAGE(.BOTH.,#17549);
#17549 = SURFACE_SIDE_STYLE('',(#17550));
#17550 = SURFACE_STYLE_FILL_AREA(#17551);
#17551 = FILL_AREA_STYLE('',(#17552));
#17552 = FILL_AREA_STYLE_COLOUR('',#17160);
#17553 = STYLED_ITEM('color',(#17554),#10012);
#17554 = PRESENTATION_STYLE_ASSIGNMENT((#17555));
#17555 = SURFACE_STYLE_USAGE(.BOTH.,#17556);
#17556 = SURFACE_SIDE_STYLE('',(#17557));
#17557 = SURFACE_STYLE_FILL_AREA(#17558);
#17558 = FILL_AREA_STYLE('',(#17559));
#17559 = FILL_AREA_STYLE_COLOUR('',#17160);
#17560 = STYLED_ITEM('color',(#17561),#10029);
#17561 = PRESENTATION_STYLE_ASSIGNMENT((#17562));
#17562 = SURFACE_STYLE_USAGE(.BOTH.,#17563);
#17563 = SURFACE_SIDE_STYLE('',(#17564));
#17564 = SURFACE_STYLE_FILL_AREA(#17565);
#17565 = FILL_AREA_STYLE('',(#17566));
#17566 = FILL_AREA_STYLE_COLOUR('',#17160);
#17567 = STYLED_ITEM('color',(#17568),#10060);
#17568 = PRESENTATION_STYLE_ASSIGNMENT((#17569));
#17569 = SURFACE_STYLE_USAGE(.BOTH.,#17570);
#17570 = SURFACE_SIDE_STYLE('',(#17571));
#17571 = SURFACE_STYLE_FILL_AREA(#17572);
#17572 = FILL_AREA_STYLE('',(#17573));
#17573 = FILL_AREA_STYLE_COLOUR('',#17160);
#17574 = STYLED_ITEM('color',(#17575),#10084);
#17575 = PRESENTATION_STYLE_ASSIGNMENT((#17576));
#17576 = SURFACE_STYLE_USAGE(.BOTH.,#17577);
#17577 = SURFACE_SIDE_STYLE('',(#17578));
#17578 = SURFACE_STYLE_FILL_AREA(#17579);
#17579 = FILL_AREA_STYLE('',(#17580));
#17580 = FILL_AREA_STYLE_COLOUR('',#17160);
#17581 = STYLED_ITEM('color',(#17582),#10108);
#17582 = PRESENTATION_STYLE_ASSIGNMENT((#17583));
#17583 = SURFACE_STYLE_USAGE(.BOTH.,#17584);
#17584 = SURFACE_SIDE_STYLE('',(#17585));
#17585 = SURFACE_STYLE_FILL_AREA(#17586);
#17586 = FILL_AREA_STYLE('',(#17587));
#17587 = FILL_AREA_STYLE_COLOUR('',#17160);
#17588 = STYLED_ITEM('color',(#17589),#10125);
#17589 = PRESENTATION_STYLE_ASSIGNMENT((#17590));
#17590 = SURFACE_STYLE_USAGE(.BOTH.,#17591);
#17591 = SURFACE_SIDE_STYLE('',(#17592));
#17592 = SURFACE_STYLE_FILL_AREA(#17593);
#17593 = FILL_AREA_STYLE('',(#17594));
#17594 = FILL_AREA_STYLE_COLOUR('',#17160);
#17595 = STYLED_ITEM('color',(#17596),#10156);
#17596 = PRESENTATION_STYLE_ASSIGNMENT((#17597));
#17597 = SURFACE_STYLE_USAGE(.BOTH.,#17598);
#17598 = SURFACE_SIDE_STYLE('',(#17599));
#17599 = SURFACE_STYLE_FILL_AREA(#17600);
#17600 = FILL_AREA_STYLE('',(#17601));
#17601 = FILL_AREA_STYLE_COLOUR('',#17160);
#17602 = STYLED_ITEM('color',(#17603),#10180);
#17603 = PRESENTATION_STYLE_ASSIGNMENT((#17604));
#17604 = SURFACE_STYLE_USAGE(.BOTH.,#17605);
#17605 = SURFACE_SIDE_STYLE('',(#17606));
#17606 = SURFACE_STYLE_FILL_AREA(#17607);
#17607 = FILL_AREA_STYLE('',(#17608));
#17608 = FILL_AREA_STYLE_COLOUR('',#17160);
#17609 = STYLED_ITEM('color',(#17610),#10204);
#17610 = PRESENTATION_STYLE_ASSIGNMENT((#17611));
#17611 = SURFACE_STYLE_USAGE(.BOTH.,#17612);
#17612 = SURFACE_SIDE_STYLE('',(#17613));
#17613 = SURFACE_STYLE_FILL_AREA(#17614);
#17614 = FILL_AREA_STYLE('',(#17615));
#17615 = FILL_AREA_STYLE_COLOUR('',#17160);
#17616 = STYLED_ITEM('color',(#17617),#10221);
#17617 = PRESENTATION_STYLE_ASSIGNMENT((#17618));
#17618 = SURFACE_STYLE_USAGE(.BOTH.,#17619);
#17619 = SURFACE_SIDE_STYLE('',(#17620));
#17620 = SURFACE_STYLE_FILL_AREA(#17621);
#17621 = FILL_AREA_STYLE('',(#17622));
#17622 = FILL_AREA_STYLE_COLOUR('',#17160);
#17623 = STYLED_ITEM('color',(#17624),#10252);
#17624 = PRESENTATION_STYLE_ASSIGNMENT((#17625));
#17625 = SURFACE_STYLE_USAGE(.BOTH.,#17626);
#17626 = SURFACE_SIDE_STYLE('',(#17627));
#17627 = SURFACE_STYLE_FILL_AREA(#17628);
#17628 = FILL_AREA_STYLE('',(#17629));
#17629 = FILL_AREA_STYLE_COLOUR('',#17160);
#17630 = STYLED_ITEM('color',(#17631),#10276);
#17631 = PRESENTATION_STYLE_ASSIGNMENT((#17632));
#17632 = SURFACE_STYLE_USAGE(.BOTH.,#17633);
#17633 = SURFACE_SIDE_STYLE('',(#17634));
#17634 = SURFACE_STYLE_FILL_AREA(#17635);
#17635 = FILL_AREA_STYLE('',(#17636));
#17636 = FILL_AREA_STYLE_COLOUR('',#17160);
#17637 = STYLED_ITEM('color',(#17638),#10300);
#17638 = PRESENTATION_STYLE_ASSIGNMENT((#17639));
#17639 = SURFACE_STYLE_USAGE(.BOTH.,#17640);
#17640 = SURFACE_SIDE_STYLE('',(#17641));
#17641 = SURFACE_STYLE_FILL_AREA(#17642);
#17642 = FILL_AREA_STYLE('',(#17643));
#17643 = FILL_AREA_STYLE_COLOUR('',#17160);
#17644 = STYLED_ITEM('color',(#17645),#10317);
#17645 = PRESENTATION_STYLE_ASSIGNMENT((#17646));
#17646 = SURFACE_STYLE_USAGE(.BOTH.,#17647);
#17647 = SURFACE_SIDE_STYLE('',(#17648));
#17648 = SURFACE_STYLE_FILL_AREA(#17649);
#17649 = FILL_AREA_STYLE('',(#17650));
#17650 = FILL_AREA_STYLE_COLOUR('',#17160);
#17651 = STYLED_ITEM('color',(#17652),#10334);
#17652 = PRESENTATION_STYLE_ASSIGNMENT((#17653));
#17653 = SURFACE_STYLE_USAGE(.BOTH.,#17654);
#17654 = SURFACE_SIDE_STYLE('',(#17655));
#17655 = SURFACE_STYLE_FILL_AREA(#17656);
#17656 = FILL_AREA_STYLE('',(#17657));
#17657 = FILL_AREA_STYLE_COLOUR('',#17160);
#17658 = STYLED_ITEM('color',(#17659),#10351);
#17659 = PRESENTATION_STYLE_ASSIGNMENT((#17660));
#17660 = SURFACE_STYLE_USAGE(.BOTH.,#17661);
#17661 = SURFACE_SIDE_STYLE('',(#17662));
#17662 = SURFACE_STYLE_FILL_AREA(#17663);
#17663 = FILL_AREA_STYLE('',(#17664));
#17664 = FILL_AREA_STYLE_COLOUR('',#17160);
#17665 = STYLED_ITEM('color',(#17666),#10363);
#17666 = PRESENTATION_STYLE_ASSIGNMENT((#17667));
#17667 = SURFACE_STYLE_USAGE(.BOTH.,#17668);
#17668 = SURFACE_SIDE_STYLE('',(#17669));
#17669 = SURFACE_STYLE_FILL_AREA(#17670);
#17670 = FILL_AREA_STYLE('',(#17671));
#17671 = FILL_AREA_STYLE_COLOUR('',#17160);
#17672 = STYLED_ITEM('color',(#17673),#10380);
#17673 = PRESENTATION_STYLE_ASSIGNMENT((#17674));
#17674 = SURFACE_STYLE_USAGE(.BOTH.,#17675);
#17675 = SURFACE_SIDE_STYLE('',(#17676));
#17676 = SURFACE_STYLE_FILL_AREA(#17677);
#17677 = FILL_AREA_STYLE('',(#17678));
#17678 = FILL_AREA_STYLE_COLOUR('',#17160);
#17679 = STYLED_ITEM('color',(#17680),#10397);
#17680 = PRESENTATION_STYLE_ASSIGNMENT((#17681));
#17681 = SURFACE_STYLE_USAGE(.BOTH.,#17682);
#17682 = SURFACE_SIDE_STYLE('',(#17683));
#17683 = SURFACE_STYLE_FILL_AREA(#17684);
#17684 = FILL_AREA_STYLE('',(#17685));
#17685 = FILL_AREA_STYLE_COLOUR('',#17160);
#17686 = STYLED_ITEM('color',(#17687),#10409);
#17687 = PRESENTATION_STYLE_ASSIGNMENT((#17688));
#17688 = SURFACE_STYLE_USAGE(.BOTH.,#17689);
#17689 = SURFACE_SIDE_STYLE('',(#17690));
#17690 = SURFACE_STYLE_FILL_AREA(#17691);
#17691 = FILL_AREA_STYLE('',(#17692));
#17692 = FILL_AREA_STYLE_COLOUR('',#17160);
#17693 = STYLED_ITEM('color',(#17694),#10426);
#17694 = PRESENTATION_STYLE_ASSIGNMENT((#17695));
#17695 = SURFACE_STYLE_USAGE(.BOTH.,#17696);
#17696 = SURFACE_SIDE_STYLE('',(#17697));
#17697 = SURFACE_STYLE_FILL_AREA(#17698);
#17698 = FILL_AREA_STYLE('',(#17699));
#17699 = FILL_AREA_STYLE_COLOUR('',#17160);
#17700 = STYLED_ITEM('color',(#17701),#10443);
#17701 = PRESENTATION_STYLE_ASSIGNMENT((#17702));
#17702 = SURFACE_STYLE_USAGE(.BOTH.,#17703);
#17703 = SURFACE_SIDE_STYLE('',(#17704));
#17704 = SURFACE_STYLE_FILL_AREA(#17705);
#17705 = FILL_AREA_STYLE('',(#17706));
#17706 = FILL_AREA_STYLE_COLOUR('',#17160);
#17707 = STYLED_ITEM('color',(#17708),#10455);
#17708 = PRESENTATION_STYLE_ASSIGNMENT((#17709));
#17709 = SURFACE_STYLE_USAGE(.BOTH.,#17710);
#17710 = SURFACE_SIDE_STYLE('',(#17711));
#17711 = SURFACE_STYLE_FILL_AREA(#17712);
#17712 = FILL_AREA_STYLE('',(#17713));
#17713 = FILL_AREA_STYLE_COLOUR('',#17160);
#17714 = STYLED_ITEM('color',(#17715),#10472);
#17715 = PRESENTATION_STYLE_ASSIGNMENT((#17716));
#17716 = SURFACE_STYLE_USAGE(.BOTH.,#17717);
#17717 = SURFACE_SIDE_STYLE('',(#17718));
#17718 = SURFACE_STYLE_FILL_AREA(#17719);
#17719 = FILL_AREA_STYLE('',(#17720));
#17720 = FILL_AREA_STYLE_COLOUR('',#17160);
#17721 = STYLED_ITEM('color',(#17722),#10489);
#17722 = PRESENTATION_STYLE_ASSIGNMENT((#17723));
#17723 = SURFACE_STYLE_USAGE(.BOTH.,#17724);
#17724 = SURFACE_SIDE_STYLE('',(#17725));
#17725 = SURFACE_STYLE_FILL_AREA(#17726);
#17726 = FILL_AREA_STYLE('',(#17727));
#17727 = FILL_AREA_STYLE_COLOUR('',#17160);
#17728 = STYLED_ITEM('color',(#17729),#10501);
#17729 = PRESENTATION_STYLE_ASSIGNMENT((#17730));
#17730 = SURFACE_STYLE_USAGE(.BOTH.,#17731);
#17731 = SURFACE_SIDE_STYLE('',(#17732));
#17732 = SURFACE_STYLE_FILL_AREA(#17733);
#17733 = FILL_AREA_STYLE('',(#17734));
#17734 = FILL_AREA_STYLE_COLOUR('',#17160);
#17735 = STYLED_ITEM('color',(#17736),#10532);
#17736 = PRESENTATION_STYLE_ASSIGNMENT((#17737));
#17737 = SURFACE_STYLE_USAGE(.BOTH.,#17738);
#17738 = SURFACE_SIDE_STYLE('',(#17739));
#17739 = SURFACE_STYLE_FILL_AREA(#17740);
#17740 = FILL_AREA_STYLE('',(#17741));
#17741 = FILL_AREA_STYLE_COLOUR('',#17160);
#17742 = STYLED_ITEM('color',(#17743),#10556);
#17743 = PRESENTATION_STYLE_ASSIGNMENT((#17744));
#17744 = SURFACE_STYLE_USAGE(.BOTH.,#17745);
#17745 = SURFACE_SIDE_STYLE('',(#17746));
#17746 = SURFACE_STYLE_FILL_AREA(#17747);
#17747 = FILL_AREA_STYLE('',(#17748));
#17748 = FILL_AREA_STYLE_COLOUR('',#17160);
#17749 = STYLED_ITEM('color',(#17750),#10580);
#17750 = PRESENTATION_STYLE_ASSIGNMENT((#17751));
#17751 = SURFACE_STYLE_USAGE(.BOTH.,#17752);
#17752 = SURFACE_SIDE_STYLE('',(#17753));
#17753 = SURFACE_STYLE_FILL_AREA(#17754);
#17754 = FILL_AREA_STYLE('',(#17755));
#17755 = FILL_AREA_STYLE_COLOUR('',#17160);
#17756 = STYLED_ITEM('color',(#17757),#10597);
#17757 = PRESENTATION_STYLE_ASSIGNMENT((#17758));
#17758 = SURFACE_STYLE_USAGE(.BOTH.,#17759);
#17759 = SURFACE_SIDE_STYLE('',(#17760));
#17760 = SURFACE_STYLE_FILL_AREA(#17761);
#17761 = FILL_AREA_STYLE('',(#17762));
#17762 = FILL_AREA_STYLE_COLOUR('',#17160);
#17763 = STYLED_ITEM('color',(#17764),#10628);
#17764 = PRESENTATION_STYLE_ASSIGNMENT((#17765));
#17765 = SURFACE_STYLE_USAGE(.BOTH.,#17766);
#17766 = SURFACE_SIDE_STYLE('',(#17767));
#17767 = SURFACE_STYLE_FILL_AREA(#17768);
#17768 = FILL_AREA_STYLE('',(#17769));
#17769 = FILL_AREA_STYLE_COLOUR('',#17160);
#17770 = STYLED_ITEM('color',(#17771),#10652);
#17771 = PRESENTATION_STYLE_ASSIGNMENT((#17772));
#17772 = SURFACE_STYLE_USAGE(.BOTH.,#17773);
#17773 = SURFACE_SIDE_STYLE('',(#17774));
#17774 = SURFACE_STYLE_FILL_AREA(#17775);
#17775 = FILL_AREA_STYLE('',(#17776));
#17776 = FILL_AREA_STYLE_COLOUR('',#17160);
#17777 = STYLED_ITEM('color',(#17778),#10676);
#17778 = PRESENTATION_STYLE_ASSIGNMENT((#17779));
#17779 = SURFACE_STYLE_USAGE(.BOTH.,#17780);
#17780 = SURFACE_SIDE_STYLE('',(#17781));
#17781 = SURFACE_STYLE_FILL_AREA(#17782);
#17782 = FILL_AREA_STYLE('',(#17783));
#17783 = FILL_AREA_STYLE_COLOUR('',#17160);
#17784 = STYLED_ITEM('color',(#17785),#10693);
#17785 = PRESENTATION_STYLE_ASSIGNMENT((#17786));
#17786 = SURFACE_STYLE_USAGE(.BOTH.,#17787);
#17787 = SURFACE_SIDE_STYLE('',(#17788));
#17788 = SURFACE_STYLE_FILL_AREA(#17789);
#17789 = FILL_AREA_STYLE('',(#17790));
#17790 = FILL_AREA_STYLE_COLOUR('',#17160);
#17791 = STYLED_ITEM('color',(#17792),#10724);
#17792 = PRESENTATION_STYLE_ASSIGNMENT((#17793));
#17793 = SURFACE_STYLE_USAGE(.BOTH.,#17794);
#17794 = SURFACE_SIDE_STYLE('',(#17795));
#17795 = SURFACE_STYLE_FILL_AREA(#17796);
#17796 = FILL_AREA_STYLE('',(#17797));
#17797 = FILL_AREA_STYLE_COLOUR('',#17160);
#17798 = STYLED_ITEM('color',(#17799),#10748);
#17799 = PRESENTATION_STYLE_ASSIGNMENT((#17800));
#17800 = SURFACE_STYLE_USAGE(.BOTH.,#17801);
#17801 = SURFACE_SIDE_STYLE('',(#17802));
#17802 = SURFACE_STYLE_FILL_AREA(#17803);
#17803 = FILL_AREA_STYLE('',(#17804));
#17804 = FILL_AREA_STYLE_COLOUR('',#17160);
#17805 = STYLED_ITEM('color',(#17806),#10772);
#17806 = PRESENTATION_STYLE_ASSIGNMENT((#17807));
#17807 = SURFACE_STYLE_USAGE(.BOTH.,#17808);
#17808 = SURFACE_SIDE_STYLE('',(#17809));
#17809 = SURFACE_STYLE_FILL_AREA(#17810);
#17810 = FILL_AREA_STYLE('',(#17811));
#17811 = FILL_AREA_STYLE_COLOUR('',#17160);
#17812 = STYLED_ITEM('color',(#17813),#10789);
#17813 = PRESENTATION_STYLE_ASSIGNMENT((#17814));
#17814 = SURFACE_STYLE_USAGE(.BOTH.,#17815);
#17815 = SURFACE_SIDE_STYLE('',(#17816));
#17816 = SURFACE_STYLE_FILL_AREA(#17817);
#17817 = FILL_AREA_STYLE('',(#17818));
#17818 = FILL_AREA_STYLE_COLOUR('',#17160);
#17819 = STYLED_ITEM('color',(#17820),#10820);
#17820 = PRESENTATION_STYLE_ASSIGNMENT((#17821));
#17821 = SURFACE_STYLE_USAGE(.BOTH.,#17822);
#17822 = SURFACE_SIDE_STYLE('',(#17823));
#17823 = SURFACE_STYLE_FILL_AREA(#17824);
#17824 = FILL_AREA_STYLE('',(#17825));
#17825 = FILL_AREA_STYLE_COLOUR('',#17160);
#17826 = STYLED_ITEM('color',(#17827),#10844);
#17827 = PRESENTATION_STYLE_ASSIGNMENT((#17828));
#17828 = SURFACE_STYLE_USAGE(.BOTH.,#17829);
#17829 = SURFACE_SIDE_STYLE('',(#17830));
#17830 = SURFACE_STYLE_FILL_AREA(#17831);
#17831 = FILL_AREA_STYLE('',(#17832));
#17832 = FILL_AREA_STYLE_COLOUR('',#17160);
#17833 = STYLED_ITEM('color',(#17834),#10868);
#17834 = PRESENTATION_STYLE_ASSIGNMENT((#17835));
#17835 = SURFACE_STYLE_USAGE(.BOTH.,#17836);
#17836 = SURFACE_SIDE_STYLE('',(#17837));
#17837 = SURFACE_STYLE_FILL_AREA(#17838);
#17838 = FILL_AREA_STYLE('',(#17839));
#17839 = FILL_AREA_STYLE_COLOUR('',#17160);
#17840 = STYLED_ITEM('color',(#17841),#10885);
#17841 = PRESENTATION_STYLE_ASSIGNMENT((#17842));
#17842 = SURFACE_STYLE_USAGE(.BOTH.,#17843);
#17843 = SURFACE_SIDE_STYLE('',(#17844));
#17844 = SURFACE_STYLE_FILL_AREA(#17845);
#17845 = FILL_AREA_STYLE('',(#17846));
#17846 = FILL_AREA_STYLE_COLOUR('',#17160);
#17847 = STYLED_ITEM('color',(#17848),#10897);
#17848 = PRESENTATION_STYLE_ASSIGNMENT((#17849));
#17849 = SURFACE_STYLE_USAGE(.BOTH.,#17850);
#17850 = SURFACE_SIDE_STYLE('',(#17851));
#17851 = SURFACE_STYLE_FILL_AREA(#17852);
#17852 = FILL_AREA_STYLE('',(#17853));
#17853 = FILL_AREA_STYLE_COLOUR('',#17160);
#17854 = STYLED_ITEM('color',(#17855),#10909);
#17855 = PRESENTATION_STYLE_ASSIGNMENT((#17856));
#17856 = SURFACE_STYLE_USAGE(.BOTH.,#17857);
#17857 = SURFACE_SIDE_STYLE('',(#17858));
#17858 = SURFACE_STYLE_FILL_AREA(#17859);
#17859 = FILL_AREA_STYLE('',(#17860));
#17860 = FILL_AREA_STYLE_COLOUR('',#17160);
#17861 = STYLED_ITEM('color',(#17862),#10921);
#17862 = PRESENTATION_STYLE_ASSIGNMENT((#17863));
#17863 = SURFACE_STYLE_USAGE(.BOTH.,#17864);
#17864 = SURFACE_SIDE_STYLE('',(#17865));
#17865 = SURFACE_STYLE_FILL_AREA(#17866);
#17866 = FILL_AREA_STYLE('',(#17867));
#17867 = FILL_AREA_STYLE_COLOUR('',#17160);
#17868 = MECHANICAL_DESIGN_GEOMETRIC_PRESENTATION_REPRESENTATION('',(
    #17869,#17876,#17883,#17890,#17897,#17904,#17911,#17918,#17925,
    #17932,#17939,#17946,#17953,#17960,#17967,#17974,#17981,#17988,
    #17995,#18002,#18009,#18016,#18023,#18030,#18037,#18044,#18051,
    #18058,#18065,#18072,#18079,#18086,#18093,#18100,#18107,#18114,
    #18121,#18128,#18135,#18142,#18149,#18156,#18163,#18170,#18177,
    #18184,#18191,#18198,#18205,#18212,#18219,#18226,#18233,#18240,
    #18247,#18254,#18261,#18268,#18275,#18282,#18289,#18296,#18303,
    #18310,#18317,#18324,#18331,#18338,#18345,#18352,#18359,#18366,
    #18373,#18380,#18387,#18394,#18401,#18408,#18415,#18422,#18429,
    #18436,#18443,#18450,#18457,#18464,#18471,#18478,#18485,#18492,
    #18499,#18506,#18513,#18520,#18527,#18534,#18541,#18548,#18555,
    #18562,#18569,#18576,#18583,#18590,#18597,#18604,#18611,#18618,
    #18625,#18632,#18639,#18646,#18653,#18660,#18667,#18674,#18681,
    #18688,#18695,#18702,#18709,#18716,#18723,#18730,#18737,#18744,
    #18751,#18758,#18765,#18772,#18779,#18786,#18793,#18800,#18807,
    #18814,#18821,#18828,#18835,#18842,#18849,#18856,#18863,#18870,
    #18877,#18884,#18891,#18898),#5896);
#17869 = STYLED_ITEM('color',(#17870),#1126);
#17870 = PRESENTATION_STYLE_ASSIGNMENT((#17871));
#17871 = SURFACE_STYLE_USAGE(.BOTH.,#17872);
#17872 = SURFACE_SIDE_STYLE('',(#17873));
#17873 = SURFACE_STYLE_FILL_AREA(#17874);
#17874 = FILL_AREA_STYLE('',(#17875));
#17875 = FILL_AREA_STYLE_COLOUR('',#16497);
#17876 = STYLED_ITEM('color',(#17877),#1166);
#17877 = PRESENTATION_STYLE_ASSIGNMENT((#17878));
#17878 = SURFACE_STYLE_USAGE(.BOTH.,#17879);
#17879 = SURFACE_SIDE_STYLE('',(#17880));
#17880 = SURFACE_STYLE_FILL_AREA(#17881);
#17881 = FILL_AREA_STYLE('',(#17882));
#17882 = FILL_AREA_STYLE_COLOUR('',#16497);
#17883 = STYLED_ITEM('color',(#17884),#1259);
#17884 = PRESENTATION_STYLE_ASSIGNMENT((#17885));
#17885 = SURFACE_STYLE_USAGE(.BOTH.,#17886);
#17886 = SURFACE_SIDE_STYLE('',(#17887));
#17887 = SURFACE_STYLE_FILL_AREA(#17888);
#17888 = FILL_AREA_STYLE('',(#17889));
#17889 = FILL_AREA_STYLE_COLOUR('',#16497);
#17890 = STYLED_ITEM('color',(#17891),#1282);
#17891 = PRESENTATION_STYLE_ASSIGNMENT((#17892));
#17892 = SURFACE_STYLE_USAGE(.BOTH.,#17893);
#17893 = SURFACE_SIDE_STYLE('',(#17894));
#17894 = SURFACE_STYLE_FILL_AREA(#17895);
#17895 = FILL_AREA_STYLE('',(#17896));
#17896 = FILL_AREA_STYLE_COLOUR('',#16497);
#17897 = STYLED_ITEM('color',(#17898),#1369);
#17898 = PRESENTATION_STYLE_ASSIGNMENT((#17899));
#17899 = SURFACE_STYLE_USAGE(.BOTH.,#17900);
#17900 = SURFACE_SIDE_STYLE('',(#17901));
#17901 = SURFACE_STYLE_FILL_AREA(#17902);
#17902 = FILL_AREA_STYLE('',(#17903));
#17903 = FILL_AREA_STYLE_COLOUR('',#16497);
#17904 = STYLED_ITEM('color',(#17905),#1386);
#17905 = PRESENTATION_STYLE_ASSIGNMENT((#17906));
#17906 = SURFACE_STYLE_USAGE(.BOTH.,#17907);
#17907 = SURFACE_SIDE_STYLE('',(#17908));
#17908 = SURFACE_STYLE_FILL_AREA(#17909);
#17909 = FILL_AREA_STYLE('',(#17910));
#17910 = FILL_AREA_STYLE_COLOUR('',#16497);
#17911 = STYLED_ITEM('color',(#17912),#1416);
#17912 = PRESENTATION_STYLE_ASSIGNMENT((#17913));
#17913 = SURFACE_STYLE_USAGE(.BOTH.,#17914);
#17914 = SURFACE_SIDE_STYLE('',(#17915));
#17915 = SURFACE_STYLE_FILL_AREA(#17916);
#17916 = FILL_AREA_STYLE('',(#17917));
#17917 = FILL_AREA_STYLE_COLOUR('',#16497);
#17918 = STYLED_ITEM('color',(#17919),#1446);
#17919 = PRESENTATION_STYLE_ASSIGNMENT((#17920));
#17920 = SURFACE_STYLE_USAGE(.BOTH.,#17921);
#17921 = SURFACE_SIDE_STYLE('',(#17922));
#17922 = SURFACE_STYLE_FILL_AREA(#17923);
#17923 = FILL_AREA_STYLE('',(#17924));
#17924 = FILL_AREA_STYLE_COLOUR('',#16154);
#17925 = STYLED_ITEM('color',(#17926),#1477);
#17926 = PRESENTATION_STYLE_ASSIGNMENT((#17927));
#17927 = SURFACE_STYLE_USAGE(.BOTH.,#17928);
#17928 = SURFACE_SIDE_STYLE('',(#17929));
#17929 = SURFACE_STYLE_FILL_AREA(#17930);
#17930 = FILL_AREA_STYLE('',(#17931));
#17931 = FILL_AREA_STYLE_COLOUR('',#16154);
#17932 = STYLED_ITEM('color',(#17933),#1508);
#17933 = PRESENTATION_STYLE_ASSIGNMENT((#17934));
#17934 = SURFACE_STYLE_USAGE(.BOTH.,#17935);
#17935 = SURFACE_SIDE_STYLE('',(#17936));
#17936 = SURFACE_STYLE_FILL_AREA(#17937);
#17937 = FILL_AREA_STYLE('',(#17938));
#17938 = FILL_AREA_STYLE_COLOUR('',#16497);
#17939 = STYLED_ITEM('color',(#17940),#1539);
#17940 = PRESENTATION_STYLE_ASSIGNMENT((#17941));
#17941 = SURFACE_STYLE_USAGE(.BOTH.,#17942);
#17942 = SURFACE_SIDE_STYLE('',(#17943));
#17943 = SURFACE_STYLE_FILL_AREA(#17944);
#17944 = FILL_AREA_STYLE('',(#17945));
#17945 = FILL_AREA_STYLE_COLOUR('',#16497);
#17946 = STYLED_ITEM('color',(#17947),#1570);
#17947 = PRESENTATION_STYLE_ASSIGNMENT((#17948));
#17948 = SURFACE_STYLE_USAGE(.BOTH.,#17949);
#17949 = SURFACE_SIDE_STYLE('',(#17950));
#17950 = SURFACE_STYLE_FILL_AREA(#17951);
#17951 = FILL_AREA_STYLE('',(#17952));
#17952 = FILL_AREA_STYLE_COLOUR('',#16154);
#17953 = STYLED_ITEM('color',(#17954),#1601);
#17954 = PRESENTATION_STYLE_ASSIGNMENT((#17955));
#17955 = SURFACE_STYLE_USAGE(.BOTH.,#17956);
#17956 = SURFACE_SIDE_STYLE('',(#17957));
#17957 = SURFACE_STYLE_FILL_AREA(#17958);
#17958 = FILL_AREA_STYLE('',(#17959));
#17959 = FILL_AREA_STYLE_COLOUR('',#16154);
#17960 = STYLED_ITEM('color',(#17961),#1632);
#17961 = PRESENTATION_STYLE_ASSIGNMENT((#17962));
#17962 = SURFACE_STYLE_USAGE(.BOTH.,#17963);
#17963 = SURFACE_SIDE_STYLE('',(#17964));
#17964 = SURFACE_STYLE_FILL_AREA(#17965);
#17965 = FILL_AREA_STYLE('',(#17966));
#17966 = FILL_AREA_STYLE_COLOUR('',#16497);
#17967 = STYLED_ITEM('color',(#17968),#1663);
#17968 = PRESENTATION_STYLE_ASSIGNMENT((#17969));
#17969 = SURFACE_STYLE_USAGE(.BOTH.,#17970);
#17970 = SURFACE_SIDE_STYLE('',(#17971));
#17971 = SURFACE_STYLE_FILL_AREA(#17972);
#17972 = FILL_AREA_STYLE('',(#17973));
#17973 = FILL_AREA_STYLE_COLOUR('',#16497);
#17974 = STYLED_ITEM('color',(#17975),#1686);
#17975 = PRESENTATION_STYLE_ASSIGNMENT((#17976));
#17976 = SURFACE_STYLE_USAGE(.BOTH.,#17977);
#17977 = SURFACE_SIDE_STYLE('',(#17978));
#17978 = SURFACE_STYLE_FILL_AREA(#17979);
#17979 = FILL_AREA_STYLE('',(#17980));
#17980 = FILL_AREA_STYLE_COLOUR('',#16497);
#17981 = STYLED_ITEM('color',(#17982),#1710);
#17982 = PRESENTATION_STYLE_ASSIGNMENT((#17983));
#17983 = SURFACE_STYLE_USAGE(.BOTH.,#17984);
#17984 = SURFACE_SIDE_STYLE('',(#17985));
#17985 = SURFACE_STYLE_FILL_AREA(#17986);
#17986 = FILL_AREA_STYLE('',(#17987));
#17987 = FILL_AREA_STYLE_COLOUR('',#16497);
#17988 = STYLED_ITEM('color',(#17989),#1740);
#17989 = PRESENTATION_STYLE_ASSIGNMENT((#17990));
#17990 = SURFACE_STYLE_USAGE(.BOTH.,#17991);
#17991 = SURFACE_SIDE_STYLE('',(#17992));
#17992 = SURFACE_STYLE_FILL_AREA(#17993);
#17993 = FILL_AREA_STYLE('',(#17994));
#17994 = FILL_AREA_STYLE_COLOUR('',#16154);
#17995 = STYLED_ITEM('color',(#17996),#1771);
#17996 = PRESENTATION_STYLE_ASSIGNMENT((#17997));
#17997 = SURFACE_STYLE_USAGE(.BOTH.,#17998);
#17998 = SURFACE_SIDE_STYLE('',(#17999));
#17999 = SURFACE_STYLE_FILL_AREA(#18000);
#18000 = FILL_AREA_STYLE('',(#18001));
#18001 = FILL_AREA_STYLE_COLOUR('',#16154);
#18002 = STYLED_ITEM('color',(#18003),#1802);
#18003 = PRESENTATION_STYLE_ASSIGNMENT((#18004));
#18004 = SURFACE_STYLE_USAGE(.BOTH.,#18005);
#18005 = SURFACE_SIDE_STYLE('',(#18006));
#18006 = SURFACE_STYLE_FILL_AREA(#18007);
#18007 = FILL_AREA_STYLE('',(#18008));
#18008 = FILL_AREA_STYLE_COLOUR('',#16497);
#18009 = STYLED_ITEM('color',(#18010),#1833);
#18010 = PRESENTATION_STYLE_ASSIGNMENT((#18011));
#18011 = SURFACE_STYLE_USAGE(.BOTH.,#18012);
#18012 = SURFACE_SIDE_STYLE('',(#18013));
#18013 = SURFACE_STYLE_FILL_AREA(#18014);
#18014 = FILL_AREA_STYLE('',(#18015));
#18015 = FILL_AREA_STYLE_COLOUR('',#16497);
#18016 = STYLED_ITEM('color',(#18017),#1864);
#18017 = PRESENTATION_STYLE_ASSIGNMENT((#18018));
#18018 = SURFACE_STYLE_USAGE(.BOTH.,#18019);
#18019 = SURFACE_SIDE_STYLE('',(#18020));
#18020 = SURFACE_STYLE_FILL_AREA(#18021);
#18021 = FILL_AREA_STYLE('',(#18022));
#18022 = FILL_AREA_STYLE_COLOUR('',#16154);
#18023 = STYLED_ITEM('color',(#18024),#1895);
#18024 = PRESENTATION_STYLE_ASSIGNMENT((#18025));
#18025 = SURFACE_STYLE_USAGE(.BOTH.,#18026);
#18026 = SURFACE_SIDE_STYLE('',(#18027));
#18027 = SURFACE_STYLE_FILL_AREA(#18028);
#18028 = FILL_AREA_STYLE('',(#18029));
#18029 = FILL_AREA_STYLE_COLOUR('',#16154);
#18030 = STYLED_ITEM('color',(#18031),#1926);
#18031 = PRESENTATION_STYLE_ASSIGNMENT((#18032));
#18032 = SURFACE_STYLE_USAGE(.BOTH.,#18033);
#18033 = SURFACE_SIDE_STYLE('',(#18034));
#18034 = SURFACE_STYLE_FILL_AREA(#18035);
#18035 = FILL_AREA_STYLE('',(#18036));
#18036 = FILL_AREA_STYLE_COLOUR('',#16497);
#18037 = STYLED_ITEM('color',(#18038),#1957);
#18038 = PRESENTATION_STYLE_ASSIGNMENT((#18039));
#18039 = SURFACE_STYLE_USAGE(.BOTH.,#18040);
#18040 = SURFACE_SIDE_STYLE('',(#18041));
#18041 = SURFACE_STYLE_FILL_AREA(#18042);
#18042 = FILL_AREA_STYLE('',(#18043));
#18043 = FILL_AREA_STYLE_COLOUR('',#16497);
#18044 = STYLED_ITEM('color',(#18045),#1974);
#18045 = PRESENTATION_STYLE_ASSIGNMENT((#18046));
#18046 = SURFACE_STYLE_USAGE(.BOTH.,#18047);
#18047 = SURFACE_SIDE_STYLE('',(#18048));
#18048 = SURFACE_STYLE_FILL_AREA(#18049);
#18049 = FILL_AREA_STYLE('',(#18050));
#18050 = FILL_AREA_STYLE_COLOUR('',#16497);
#18051 = STYLED_ITEM('color',(#18052),#2004);
#18052 = PRESENTATION_STYLE_ASSIGNMENT((#18053));
#18053 = SURFACE_STYLE_USAGE(.BOTH.,#18054);
#18054 = SURFACE_SIDE_STYLE('',(#18055));
#18055 = SURFACE_STYLE_FILL_AREA(#18056);
#18056 = FILL_AREA_STYLE('',(#18057));
#18057 = FILL_AREA_STYLE_COLOUR('',#16154);
#18058 = STYLED_ITEM('color',(#18059),#2062);
#18059 = PRESENTATION_STYLE_ASSIGNMENT((#18060));
#18060 = SURFACE_STYLE_USAGE(.BOTH.,#18061);
#18061 = SURFACE_SIDE_STYLE('',(#18062));
#18062 = SURFACE_STYLE_FILL_AREA(#18063);
#18063 = FILL_AREA_STYLE('',(#18064));
#18064 = FILL_AREA_STYLE_COLOUR('',#16154);
#18065 = STYLED_ITEM('color',(#18066),#2120);
#18066 = PRESENTATION_STYLE_ASSIGNMENT((#18067));
#18067 = SURFACE_STYLE_USAGE(.BOTH.,#18068);
#18068 = SURFACE_SIDE_STYLE('',(#18069));
#18069 = SURFACE_STYLE_FILL_AREA(#18070);
#18070 = FILL_AREA_STYLE('',(#18071));
#18071 = FILL_AREA_STYLE_COLOUR('',#16497);
#18072 = STYLED_ITEM('color',(#18073),#2150);
#18073 = PRESENTATION_STYLE_ASSIGNMENT((#18074));
#18074 = SURFACE_STYLE_USAGE(.BOTH.,#18075);
#18075 = SURFACE_SIDE_STYLE('',(#18076));
#18076 = SURFACE_STYLE_FILL_AREA(#18077);
#18077 = FILL_AREA_STYLE('',(#18078));
#18078 = FILL_AREA_STYLE_COLOUR('',#16154);
#18079 = STYLED_ITEM('color',(#18080),#2208);
#18080 = PRESENTATION_STYLE_ASSIGNMENT((#18081));
#18081 = SURFACE_STYLE_USAGE(.BOTH.,#18082);
#18082 = SURFACE_SIDE_STYLE('',(#18083));
#18083 = SURFACE_STYLE_FILL_AREA(#18084);
#18084 = FILL_AREA_STYLE('',(#18085));
#18085 = FILL_AREA_STYLE_COLOUR('',#16154);
#18086 = STYLED_ITEM('color',(#18087),#2225);
#18087 = PRESENTATION_STYLE_ASSIGNMENT((#18088));
#18088 = SURFACE_STYLE_USAGE(.BOTH.,#18089);
#18089 = SURFACE_SIDE_STYLE('',(#18090));
#18090 = SURFACE_STYLE_FILL_AREA(#18091);
#18091 = FILL_AREA_STYLE('',(#18092));
#18092 = FILL_AREA_STYLE_COLOUR('',#16154);
#18093 = STYLED_ITEM('color',(#18094),#2250);
#18094 = PRESENTATION_STYLE_ASSIGNMENT((#18095));
#18095 = SURFACE_STYLE_USAGE(.BOTH.,#18096);
#18096 = SURFACE_SIDE_STYLE('',(#18097));
#18097 = SURFACE_STYLE_FILL_AREA(#18098);
#18098 = FILL_AREA_STYLE('',(#18099));
#18099 = FILL_AREA_STYLE_COLOUR('',#16154);
#18100 = STYLED_ITEM('color',(#18101),#2300);
#18101 = PRESENTATION_STYLE_ASSIGNMENT((#18102));
#18102 = SURFACE_STYLE_USAGE(.BOTH.,#18103);
#18103 = SURFACE_SIDE_STYLE('',(#18104));
#18104 = SURFACE_STYLE_FILL_AREA(#18105);
#18105 = FILL_AREA_STYLE('',(#18106));
#18106 = FILL_AREA_STYLE_COLOUR('',#16497);
#18107 = STYLED_ITEM('color',(#18108),#2331);
#18108 = PRESENTATION_STYLE_ASSIGNMENT((#18109));
#18109 = SURFACE_STYLE_USAGE(.BOTH.,#18110);
#18110 = SURFACE_SIDE_STYLE('',(#18111));
#18111 = SURFACE_STYLE_FILL_AREA(#18112);
#18112 = FILL_AREA_STYLE('',(#18113));
#18113 = FILL_AREA_STYLE_COLOUR('',#16154);
#18114 = STYLED_ITEM('color',(#18115),#2389);
#18115 = PRESENTATION_STYLE_ASSIGNMENT((#18116));
#18116 = SURFACE_STYLE_USAGE(.BOTH.,#18117);
#18117 = SURFACE_SIDE_STYLE('',(#18118));
#18118 = SURFACE_STYLE_FILL_AREA(#18119);
#18119 = FILL_AREA_STYLE('',(#18120));
#18120 = FILL_AREA_STYLE_COLOUR('',#16154);
#18121 = STYLED_ITEM('color',(#18122),#2447);
#18122 = PRESENTATION_STYLE_ASSIGNMENT((#18123));
#18123 = SURFACE_STYLE_USAGE(.BOTH.,#18124);
#18124 = SURFACE_SIDE_STYLE('',(#18125));
#18125 = SURFACE_STYLE_FILL_AREA(#18126);
#18126 = FILL_AREA_STYLE('',(#18127));
#18127 = FILL_AREA_STYLE_COLOUR('',#16497);
#18128 = STYLED_ITEM('color',(#18129),#2478);
#18129 = PRESENTATION_STYLE_ASSIGNMENT((#18130));
#18130 = SURFACE_STYLE_USAGE(.BOTH.,#18131);
#18131 = SURFACE_SIDE_STYLE('',(#18132));
#18132 = SURFACE_STYLE_FILL_AREA(#18133);
#18133 = FILL_AREA_STYLE('',(#18134));
#18134 = FILL_AREA_STYLE_COLOUR('',#16154);
#18135 = STYLED_ITEM('color',(#18136),#2536);
#18136 = PRESENTATION_STYLE_ASSIGNMENT((#18137));
#18137 = SURFACE_STYLE_USAGE(.BOTH.,#18138);
#18138 = SURFACE_SIDE_STYLE('',(#18139));
#18139 = SURFACE_STYLE_FILL_AREA(#18140);
#18140 = FILL_AREA_STYLE('',(#18141));
#18141 = FILL_AREA_STYLE_COLOUR('',#16154);
#18142 = STYLED_ITEM('color',(#18143),#2553);
#18143 = PRESENTATION_STYLE_ASSIGNMENT((#18144));
#18144 = SURFACE_STYLE_USAGE(.BOTH.,#18145);
#18145 = SURFACE_SIDE_STYLE('',(#18146));
#18146 = SURFACE_STYLE_FILL_AREA(#18147);
#18147 = FILL_AREA_STYLE('',(#18148));
#18148 = FILL_AREA_STYLE_COLOUR('',#16154);
#18149 = STYLED_ITEM('color',(#18150),#2578);
#18150 = PRESENTATION_STYLE_ASSIGNMENT((#18151));
#18151 = SURFACE_STYLE_USAGE(.BOTH.,#18152);
#18152 = SURFACE_SIDE_STYLE('',(#18153));
#18153 = SURFACE_STYLE_FILL_AREA(#18154);
#18154 = FILL_AREA_STYLE('',(#18155));
#18155 = FILL_AREA_STYLE_COLOUR('',#16154);
#18156 = STYLED_ITEM('color',(#18157),#2628);
#18157 = PRESENTATION_STYLE_ASSIGNMENT((#18158));
#18158 = SURFACE_STYLE_USAGE(.BOTH.,#18159);
#18159 = SURFACE_SIDE_STYLE('',(#18160));
#18160 = SURFACE_STYLE_FILL_AREA(#18161);
#18161 = FILL_AREA_STYLE('',(#18162));
#18162 = FILL_AREA_STYLE_COLOUR('',#16497);
#18163 = STYLED_ITEM('color',(#18164),#2659);
#18164 = PRESENTATION_STYLE_ASSIGNMENT((#18165));
#18165 = SURFACE_STYLE_USAGE(.BOTH.,#18166);
#18166 = SURFACE_SIDE_STYLE('',(#18167));
#18167 = SURFACE_STYLE_FILL_AREA(#18168);
#18168 = FILL_AREA_STYLE('',(#18169));
#18169 = FILL_AREA_STYLE_COLOUR('',#16497);
#18170 = STYLED_ITEM('color',(#18171),#2682);
#18171 = PRESENTATION_STYLE_ASSIGNMENT((#18172));
#18172 = SURFACE_STYLE_USAGE(.BOTH.,#18173);
#18173 = SURFACE_SIDE_STYLE('',(#18174));
#18174 = SURFACE_STYLE_FILL_AREA(#18175);
#18175 = FILL_AREA_STYLE('',(#18176));
#18176 = FILL_AREA_STYLE_COLOUR('',#16497);
#18177 = STYLED_ITEM('color',(#18178),#2706);
#18178 = PRESENTATION_STYLE_ASSIGNMENT((#18179));
#18179 = SURFACE_STYLE_USAGE(.BOTH.,#18180);
#18180 = SURFACE_SIDE_STYLE('',(#18181));
#18181 = SURFACE_STYLE_FILL_AREA(#18182);
#18182 = FILL_AREA_STYLE('',(#18183));
#18183 = FILL_AREA_STYLE_COLOUR('',#16154);
#18184 = STYLED_ITEM('color',(#18185),#2764);
#18185 = PRESENTATION_STYLE_ASSIGNMENT((#18186));
#18186 = SURFACE_STYLE_USAGE(.BOTH.,#18187);
#18187 = SURFACE_SIDE_STYLE('',(#18188));
#18188 = SURFACE_STYLE_FILL_AREA(#18189);
#18189 = FILL_AREA_STYLE('',(#18190));
#18190 = FILL_AREA_STYLE_COLOUR('',#16154);
#18191 = STYLED_ITEM('color',(#18192),#2822);
#18192 = PRESENTATION_STYLE_ASSIGNMENT((#18193));
#18193 = SURFACE_STYLE_USAGE(.BOTH.,#18194);
#18194 = SURFACE_SIDE_STYLE('',(#18195));
#18195 = SURFACE_STYLE_FILL_AREA(#18196);
#18196 = FILL_AREA_STYLE('',(#18197));
#18197 = FILL_AREA_STYLE_COLOUR('',#16497);
#18198 = STYLED_ITEM('color',(#18199),#2852);
#18199 = PRESENTATION_STYLE_ASSIGNMENT((#18200));
#18200 = SURFACE_STYLE_USAGE(.BOTH.,#18201);
#18201 = SURFACE_SIDE_STYLE('',(#18202));
#18202 = SURFACE_STYLE_FILL_AREA(#18203);
#18203 = FILL_AREA_STYLE('',(#18204));
#18204 = FILL_AREA_STYLE_COLOUR('',#16154);
#18205 = STYLED_ITEM('color',(#18206),#2910);
#18206 = PRESENTATION_STYLE_ASSIGNMENT((#18207));
#18207 = SURFACE_STYLE_USAGE(.BOTH.,#18208);
#18208 = SURFACE_SIDE_STYLE('',(#18209));
#18209 = SURFACE_STYLE_FILL_AREA(#18210);
#18210 = FILL_AREA_STYLE('',(#18211));
#18211 = FILL_AREA_STYLE_COLOUR('',#16154);
#18212 = STYLED_ITEM('color',(#18213),#2927);
#18213 = PRESENTATION_STYLE_ASSIGNMENT((#18214));
#18214 = SURFACE_STYLE_USAGE(.BOTH.,#18215);
#18215 = SURFACE_SIDE_STYLE('',(#18216));
#18216 = SURFACE_STYLE_FILL_AREA(#18217);
#18217 = FILL_AREA_STYLE('',(#18218));
#18218 = FILL_AREA_STYLE_COLOUR('',#16154);
#18219 = STYLED_ITEM('color',(#18220),#2985);
#18220 = PRESENTATION_STYLE_ASSIGNMENT((#18221));
#18221 = SURFACE_STYLE_USAGE(.BOTH.,#18222);
#18222 = SURFACE_SIDE_STYLE('',(#18223));
#18223 = SURFACE_STYLE_FILL_AREA(#18224);
#18224 = FILL_AREA_STYLE('',(#18225));
#18225 = FILL_AREA_STYLE_COLOUR('',#16154);
#18226 = STYLED_ITEM('color',(#18227),#3002);
#18227 = PRESENTATION_STYLE_ASSIGNMENT((#18228));
#18228 = SURFACE_STYLE_USAGE(.BOTH.,#18229);
#18229 = SURFACE_SIDE_STYLE('',(#18230));
#18230 = SURFACE_STYLE_FILL_AREA(#18231);
#18231 = FILL_AREA_STYLE('',(#18232));
#18232 = FILL_AREA_STYLE_COLOUR('',#16497);
#18233 = STYLED_ITEM('color',(#18234),#3033);
#18234 = PRESENTATION_STYLE_ASSIGNMENT((#18235));
#18235 = SURFACE_STYLE_USAGE(.BOTH.,#18236);
#18236 = SURFACE_SIDE_STYLE('',(#18237));
#18237 = SURFACE_STYLE_FILL_AREA(#18238);
#18238 = FILL_AREA_STYLE('',(#18239));
#18239 = FILL_AREA_STYLE_COLOUR('',#16154);
#18240 = STYLED_ITEM('color',(#18241),#3091);
#18241 = PRESENTATION_STYLE_ASSIGNMENT((#18242));
#18242 = SURFACE_STYLE_USAGE(.BOTH.,#18243);
#18243 = SURFACE_SIDE_STYLE('',(#18244));
#18244 = SURFACE_STYLE_FILL_AREA(#18245);
#18245 = FILL_AREA_STYLE('',(#18246));
#18246 = FILL_AREA_STYLE_COLOUR('',#16154);
#18247 = STYLED_ITEM('color',(#18248),#3149);
#18248 = PRESENTATION_STYLE_ASSIGNMENT((#18249));
#18249 = SURFACE_STYLE_USAGE(.BOTH.,#18250);
#18250 = SURFACE_SIDE_STYLE('',(#18251));
#18251 = SURFACE_STYLE_FILL_AREA(#18252);
#18252 = FILL_AREA_STYLE('',(#18253));
#18253 = FILL_AREA_STYLE_COLOUR('',#16497);
#18254 = STYLED_ITEM('color',(#18255),#3180);
#18255 = PRESENTATION_STYLE_ASSIGNMENT((#18256));
#18256 = SURFACE_STYLE_USAGE(.BOTH.,#18257);
#18257 = SURFACE_SIDE_STYLE('',(#18258));
#18258 = SURFACE_STYLE_FILL_AREA(#18259);
#18259 = FILL_AREA_STYLE('',(#18260));
#18260 = FILL_AREA_STYLE_COLOUR('',#16154);
#18261 = STYLED_ITEM('color',(#18262),#3238);
#18262 = PRESENTATION_STYLE_ASSIGNMENT((#18263));
#18263 = SURFACE_STYLE_USAGE(.BOTH.,#18264);
#18264 = SURFACE_SIDE_STYLE('',(#18265));
#18265 = SURFACE_STYLE_FILL_AREA(#18266);
#18266 = FILL_AREA_STYLE('',(#18267));
#18267 = FILL_AREA_STYLE_COLOUR('',#16154);
#18268 = STYLED_ITEM('color',(#18269),#3255);
#18269 = PRESENTATION_STYLE_ASSIGNMENT((#18270));
#18270 = SURFACE_STYLE_USAGE(.BOTH.,#18271);
#18271 = SURFACE_SIDE_STYLE('',(#18272));
#18272 = SURFACE_STYLE_FILL_AREA(#18273);
#18273 = FILL_AREA_STYLE('',(#18274));
#18274 = FILL_AREA_STYLE_COLOUR('',#16154);
#18275 = STYLED_ITEM('color',(#18276),#3313);
#18276 = PRESENTATION_STYLE_ASSIGNMENT((#18277));
#18277 = SURFACE_STYLE_USAGE(.BOTH.,#18278);
#18278 = SURFACE_SIDE_STYLE('',(#18279));
#18279 = SURFACE_STYLE_FILL_AREA(#18280);
#18280 = FILL_AREA_STYLE('',(#18281));
#18281 = FILL_AREA_STYLE_COLOUR('',#16154);
#18282 = STYLED_ITEM('color',(#18283),#3330);
#18283 = PRESENTATION_STYLE_ASSIGNMENT((#18284));
#18284 = SURFACE_STYLE_USAGE(.BOTH.,#18285);
#18285 = SURFACE_SIDE_STYLE('',(#18286));
#18286 = SURFACE_STYLE_FILL_AREA(#18287);
#18287 = FILL_AREA_STYLE('',(#18288));
#18288 = FILL_AREA_STYLE_COLOUR('',#16497);
#18289 = STYLED_ITEM('color',(#18290),#3361);
#18290 = PRESENTATION_STYLE_ASSIGNMENT((#18291));
#18291 = SURFACE_STYLE_USAGE(.BOTH.,#18292);
#18292 = SURFACE_SIDE_STYLE('',(#18293));
#18293 = SURFACE_STYLE_FILL_AREA(#18294);
#18294 = FILL_AREA_STYLE('',(#18295));
#18295 = FILL_AREA_STYLE_COLOUR('',#16497);
#18296 = STYLED_ITEM('color',(#18297),#3378);
#18297 = PRESENTATION_STYLE_ASSIGNMENT((#18298));
#18298 = SURFACE_STYLE_USAGE(.BOTH.,#18299);
#18299 = SURFACE_SIDE_STYLE('',(#18300));
#18300 = SURFACE_STYLE_FILL_AREA(#18301);
#18301 = FILL_AREA_STYLE('',(#18302));
#18302 = FILL_AREA_STYLE_COLOUR('',#16497);
#18303 = STYLED_ITEM('color',(#18304),#3435);
#18304 = PRESENTATION_STYLE_ASSIGNMENT((#18305));
#18305 = SURFACE_STYLE_USAGE(.BOTH.,#18306);
#18306 = SURFACE_SIDE_STYLE('',(#18307));
#18307 = SURFACE_STYLE_FILL_AREA(#18308);
#18308 = FILL_AREA_STYLE('',(#18309));
#18309 = FILL_AREA_STYLE_COLOUR('',#16154);
#18310 = STYLED_ITEM('color',(#18311),#3454);
#18311 = PRESENTATION_STYLE_ASSIGNMENT((#18312));
#18312 = SURFACE_STYLE_USAGE(.BOTH.,#18313);
#18313 = SURFACE_SIDE_STYLE('',(#18314));
#18314 = SURFACE_STYLE_FILL_AREA(#18315);
#18315 = FILL_AREA_STYLE('',(#18316));
#18316 = FILL_AREA_STYLE_COLOUR('',#16154);
#18317 = STYLED_ITEM('color',(#18318),#3503);
#18318 = PRESENTATION_STYLE_ASSIGNMENT((#18319));
#18319 = SURFACE_STYLE_USAGE(.BOTH.,#18320);
#18320 = SURFACE_SIDE_STYLE('',(#18321));
#18321 = SURFACE_STYLE_FILL_AREA(#18322);
#18322 = FILL_AREA_STYLE('',(#18323));
#18323 = FILL_AREA_STYLE_COLOUR('',#16154);
#18324 = STYLED_ITEM('color',(#18325),#3527);
#18325 = PRESENTATION_STYLE_ASSIGNMENT((#18326));
#18326 = SURFACE_STYLE_USAGE(.BOTH.,#18327);
#18327 = SURFACE_SIDE_STYLE('',(#18328));
#18328 = SURFACE_STYLE_FILL_AREA(#18329);
#18329 = FILL_AREA_STYLE('',(#18330));
#18330 = FILL_AREA_STYLE_COLOUR('',#16154);
#18331 = STYLED_ITEM('color',(#18332),#3574);
#18332 = PRESENTATION_STYLE_ASSIGNMENT((#18333));
#18333 = SURFACE_STYLE_USAGE(.BOTH.,#18334);
#18334 = SURFACE_SIDE_STYLE('',(#18335));
#18335 = SURFACE_STYLE_FILL_AREA(#18336);
#18336 = FILL_AREA_STYLE('',(#18337));
#18337 = FILL_AREA_STYLE_COLOUR('',#16154);
#18338 = STYLED_ITEM('color',(#18339),#3586);
#18339 = PRESENTATION_STYLE_ASSIGNMENT((#18340));
#18340 = SURFACE_STYLE_USAGE(.BOTH.,#18341);
#18341 = SURFACE_SIDE_STYLE('',(#18342));
#18342 = SURFACE_STYLE_FILL_AREA(#18343);
#18343 = FILL_AREA_STYLE('',(#18344));
#18344 = FILL_AREA_STYLE_COLOUR('',#16154);
#18345 = STYLED_ITEM('color',(#18346),#3605);
#18346 = PRESENTATION_STYLE_ASSIGNMENT((#18347));
#18347 = SURFACE_STYLE_USAGE(.BOTH.,#18348);
#18348 = SURFACE_SIDE_STYLE('',(#18349));
#18349 = SURFACE_STYLE_FILL_AREA(#18350);
#18350 = FILL_AREA_STYLE('',(#18351));
#18351 = FILL_AREA_STYLE_COLOUR('',#16154);
#18352 = STYLED_ITEM('color',(#18353),#3622);
#18353 = PRESENTATION_STYLE_ASSIGNMENT((#18354));
#18354 = SURFACE_STYLE_USAGE(.BOTH.,#18355);
#18355 = SURFACE_SIDE_STYLE('',(#18356));
#18356 = SURFACE_STYLE_FILL_AREA(#18357);
#18357 = FILL_AREA_STYLE('',(#18358));
#18358 = FILL_AREA_STYLE_COLOUR('',#16154);
#18359 = STYLED_ITEM('color',(#18360),#3671);
#18360 = PRESENTATION_STYLE_ASSIGNMENT((#18361));
#18361 = SURFACE_STYLE_USAGE(.BOTH.,#18362);
#18362 = SURFACE_SIDE_STYLE('',(#18363));
#18363 = SURFACE_STYLE_FILL_AREA(#18364);
#18364 = FILL_AREA_STYLE('',(#18365));
#18365 = FILL_AREA_STYLE_COLOUR('',#16154);
#18366 = STYLED_ITEM('color',(#18367),#3695);
#18367 = PRESENTATION_STYLE_ASSIGNMENT((#18368));
#18368 = SURFACE_STYLE_USAGE(.BOTH.,#18369);
#18369 = SURFACE_SIDE_STYLE('',(#18370));
#18370 = SURFACE_STYLE_FILL_AREA(#18371);
#18371 = FILL_AREA_STYLE('',(#18372));
#18372 = FILL_AREA_STYLE_COLOUR('',#16154);
#18373 = STYLED_ITEM('color',(#18374),#3737);
#18374 = PRESENTATION_STYLE_ASSIGNMENT((#18375));
#18375 = SURFACE_STYLE_USAGE(.BOTH.,#18376);
#18376 = SURFACE_SIDE_STYLE('',(#18377));
#18377 = SURFACE_STYLE_FILL_AREA(#18378);
#18378 = FILL_AREA_STYLE('',(#18379));
#18379 = FILL_AREA_STYLE_COLOUR('',#16154);
#18380 = STYLED_ITEM('color',(#18381),#3754);
#18381 = PRESENTATION_STYLE_ASSIGNMENT((#18382));
#18382 = SURFACE_STYLE_USAGE(.BOTH.,#18383);
#18383 = SURFACE_SIDE_STYLE('',(#18384));
#18384 = SURFACE_STYLE_FILL_AREA(#18385);
#18385 = FILL_AREA_STYLE('',(#18386));
#18386 = FILL_AREA_STYLE_COLOUR('',#16154);
#18387 = STYLED_ITEM('color',(#18388),#3771);
#18388 = PRESENTATION_STYLE_ASSIGNMENT((#18389));
#18389 = SURFACE_STYLE_USAGE(.BOTH.,#18390);
#18390 = SURFACE_SIDE_STYLE('',(#18391));
#18391 = SURFACE_STYLE_FILL_AREA(#18392);
#18392 = FILL_AREA_STYLE('',(#18393));
#18393 = FILL_AREA_STYLE_COLOUR('',#16154);
#18394 = STYLED_ITEM('color',(#18395),#3790);
#18395 = PRESENTATION_STYLE_ASSIGNMENT((#18396));
#18396 = SURFACE_STYLE_USAGE(.BOTH.,#18397);
#18397 = SURFACE_SIDE_STYLE('',(#18398));
#18398 = SURFACE_STYLE_FILL_AREA(#18399);
#18399 = FILL_AREA_STYLE('',(#18400));
#18400 = FILL_AREA_STYLE_COLOUR('',#16154);
#18401 = STYLED_ITEM('color',(#18402),#3855);
#18402 = PRESENTATION_STYLE_ASSIGNMENT((#18403));
#18403 = SURFACE_STYLE_USAGE(.BOTH.,#18404);
#18404 = SURFACE_SIDE_STYLE('',(#18405));
#18405 = SURFACE_STYLE_FILL_AREA(#18406);
#18406 = FILL_AREA_STYLE('',(#18407));
#18407 = FILL_AREA_STYLE_COLOUR('',#16154);
#18408 = STYLED_ITEM('color',(#18409),#3879);
#18409 = PRESENTATION_STYLE_ASSIGNMENT((#18410));
#18410 = SURFACE_STYLE_USAGE(.BOTH.,#18411);
#18411 = SURFACE_SIDE_STYLE('',(#18412));
#18412 = SURFACE_STYLE_FILL_AREA(#18413);
#18413 = FILL_AREA_STYLE('',(#18414));
#18414 = FILL_AREA_STYLE_COLOUR('',#16154);
#18415 = STYLED_ITEM('color',(#18416),#3942);
#18416 = PRESENTATION_STYLE_ASSIGNMENT((#18417));
#18417 = SURFACE_STYLE_USAGE(.BOTH.,#18418);
#18418 = SURFACE_SIDE_STYLE('',(#18419));
#18419 = SURFACE_STYLE_FILL_AREA(#18420);
#18420 = FILL_AREA_STYLE('',(#18421));
#18421 = FILL_AREA_STYLE_COLOUR('',#16154);
#18422 = STYLED_ITEM('color',(#18423),#3954);
#18423 = PRESENTATION_STYLE_ASSIGNMENT((#18424));
#18424 = SURFACE_STYLE_USAGE(.BOTH.,#18425);
#18425 = SURFACE_SIDE_STYLE('',(#18426));
#18426 = SURFACE_STYLE_FILL_AREA(#18427);
#18427 = FILL_AREA_STYLE('',(#18428));
#18428 = FILL_AREA_STYLE_COLOUR('',#16154);
#18429 = STYLED_ITEM('color',(#18430),#4019);
#18430 = PRESENTATION_STYLE_ASSIGNMENT((#18431));
#18431 = SURFACE_STYLE_USAGE(.BOTH.,#18432);
#18432 = SURFACE_SIDE_STYLE('',(#18433));
#18433 = SURFACE_STYLE_FILL_AREA(#18434);
#18434 = FILL_AREA_STYLE('',(#18435));
#18435 = FILL_AREA_STYLE_COLOUR('',#16154);
#18436 = STYLED_ITEM('color',(#18437),#4043);
#18437 = PRESENTATION_STYLE_ASSIGNMENT((#18438));
#18438 = SURFACE_STYLE_USAGE(.BOTH.,#18439);
#18439 = SURFACE_SIDE_STYLE('',(#18440));
#18440 = SURFACE_STYLE_FILL_AREA(#18441);
#18441 = FILL_AREA_STYLE('',(#18442));
#18442 = FILL_AREA_STYLE_COLOUR('',#16154);
#18443 = STYLED_ITEM('color',(#18444),#4106);
#18444 = PRESENTATION_STYLE_ASSIGNMENT((#18445));
#18445 = SURFACE_STYLE_USAGE(.BOTH.,#18446);
#18446 = SURFACE_SIDE_STYLE('',(#18447));
#18447 = SURFACE_STYLE_FILL_AREA(#18448);
#18448 = FILL_AREA_STYLE('',(#18449));
#18449 = FILL_AREA_STYLE_COLOUR('',#16154);
#18450 = STYLED_ITEM('color',(#18451),#4123);
#18451 = PRESENTATION_STYLE_ASSIGNMENT((#18452));
#18452 = SURFACE_STYLE_USAGE(.BOTH.,#18453);
#18453 = SURFACE_SIDE_STYLE('',(#18454));
#18454 = SURFACE_STYLE_FILL_AREA(#18455);
#18455 = FILL_AREA_STYLE('',(#18456));
#18456 = FILL_AREA_STYLE_COLOUR('',#16154);
#18457 = STYLED_ITEM('color',(#18458),#4137);
#18458 = PRESENTATION_STYLE_ASSIGNMENT((#18459));
#18459 = SURFACE_STYLE_USAGE(.BOTH.,#18460);
#18460 = SURFACE_SIDE_STYLE('',(#18461));
#18461 = SURFACE_STYLE_FILL_AREA(#18462);
#18462 = FILL_AREA_STYLE('',(#18463));
#18463 = FILL_AREA_STYLE_COLOUR('',#16154);
#18464 = STYLED_ITEM('color',(#18465),#4154);
#18465 = PRESENTATION_STYLE_ASSIGNMENT((#18466));
#18466 = SURFACE_STYLE_USAGE(.BOTH.,#18467);
#18467 = SURFACE_SIDE_STYLE('',(#18468));
#18468 = SURFACE_STYLE_FILL_AREA(#18469);
#18469 = FILL_AREA_STYLE('',(#18470));
#18470 = FILL_AREA_STYLE_COLOUR('',#16154);
#18471 = STYLED_ITEM('color',(#18472),#4171);
#18472 = PRESENTATION_STYLE_ASSIGNMENT((#18473));
#18473 = SURFACE_STYLE_USAGE(.BOTH.,#18474);
#18474 = SURFACE_SIDE_STYLE('',(#18475));
#18475 = SURFACE_STYLE_FILL_AREA(#18476);
#18476 = FILL_AREA_STYLE('',(#18477));
#18477 = FILL_AREA_STYLE_COLOUR('',#16497);
#18478 = STYLED_ITEM('color',(#18479),#4520);
#18479 = PRESENTATION_STYLE_ASSIGNMENT((#18480));
#18480 = SURFACE_STYLE_USAGE(.BOTH.,#18481);
#18481 = SURFACE_SIDE_STYLE('',(#18482));
#18482 = SURFACE_STYLE_FILL_AREA(#18483);
#18483 = FILL_AREA_STYLE('',(#18484));
#18484 = FILL_AREA_STYLE_COLOUR('',#16497);
#18485 = STYLED_ITEM('color',(#18486),#4571);
#18486 = PRESENTATION_STYLE_ASSIGNMENT((#18487));
#18487 = SURFACE_STYLE_USAGE(.BOTH.,#18488);
#18488 = SURFACE_SIDE_STYLE('',(#18489));
#18489 = SURFACE_STYLE_FILL_AREA(#18490);
#18490 = FILL_AREA_STYLE('',(#18491));
#18491 = FILL_AREA_STYLE_COLOUR('',#16154);
#18492 = STYLED_ITEM('color',(#18493),#4590);
#18493 = PRESENTATION_STYLE_ASSIGNMENT((#18494));
#18494 = SURFACE_STYLE_USAGE(.BOTH.,#18495);
#18495 = SURFACE_SIDE_STYLE('',(#18496));
#18496 = SURFACE_STYLE_FILL_AREA(#18497);
#18497 = FILL_AREA_STYLE('',(#18498));
#18498 = FILL_AREA_STYLE_COLOUR('',#16154);
#18499 = STYLED_ITEM('color',(#18500),#4639);
#18500 = PRESENTATION_STYLE_ASSIGNMENT((#18501));
#18501 = SURFACE_STYLE_USAGE(.BOTH.,#18502);
#18502 = SURFACE_SIDE_STYLE('',(#18503));
#18503 = SURFACE_STYLE_FILL_AREA(#18504);
#18504 = FILL_AREA_STYLE('',(#18505));
#18505 = FILL_AREA_STYLE_COLOUR('',#16154);
#18506 = STYLED_ITEM('color',(#18507),#4663);
#18507 = PRESENTATION_STYLE_ASSIGNMENT((#18508));
#18508 = SURFACE_STYLE_USAGE(.BOTH.,#18509);
#18509 = SURFACE_SIDE_STYLE('',(#18510));
#18510 = SURFACE_STYLE_FILL_AREA(#18511);
#18511 = FILL_AREA_STYLE('',(#18512));
#18512 = FILL_AREA_STYLE_COLOUR('',#16154);
#18513 = STYLED_ITEM('color',(#18514),#4710);
#18514 = PRESENTATION_STYLE_ASSIGNMENT((#18515));
#18515 = SURFACE_STYLE_USAGE(.BOTH.,#18516);
#18516 = SURFACE_SIDE_STYLE('',(#18517));
#18517 = SURFACE_STYLE_FILL_AREA(#18518);
#18518 = FILL_AREA_STYLE('',(#18519));
#18519 = FILL_AREA_STYLE_COLOUR('',#16154);
#18520 = STYLED_ITEM('color',(#18521),#4722);
#18521 = PRESENTATION_STYLE_ASSIGNMENT((#18522));
#18522 = SURFACE_STYLE_USAGE(.BOTH.,#18523);
#18523 = SURFACE_SIDE_STYLE('',(#18524));
#18524 = SURFACE_STYLE_FILL_AREA(#18525);
#18525 = FILL_AREA_STYLE('',(#18526));
#18526 = FILL_AREA_STYLE_COLOUR('',#16154);
#18527 = STYLED_ITEM('color',(#18528),#4776);
#18528 = PRESENTATION_STYLE_ASSIGNMENT((#18529));
#18529 = SURFACE_STYLE_USAGE(.BOTH.,#18530);
#18530 = SURFACE_SIDE_STYLE('',(#18531));
#18531 = SURFACE_STYLE_FILL_AREA(#18532);
#18532 = FILL_AREA_STYLE('',(#18533));
#18533 = FILL_AREA_STYLE_COLOUR('',#16154);
#18534 = STYLED_ITEM('color',(#18535),#4800);
#18535 = PRESENTATION_STYLE_ASSIGNMENT((#18536));
#18536 = SURFACE_STYLE_USAGE(.BOTH.,#18537);
#18537 = SURFACE_SIDE_STYLE('',(#18538));
#18538 = SURFACE_STYLE_FILL_AREA(#18539);
#18539 = FILL_AREA_STYLE('',(#18540));
#18540 = FILL_AREA_STYLE_COLOUR('',#16154);
#18541 = STYLED_ITEM('color',(#18542),#4842);
#18542 = PRESENTATION_STYLE_ASSIGNMENT((#18543));
#18543 = SURFACE_STYLE_USAGE(.BOTH.,#18544);
#18544 = SURFACE_SIDE_STYLE('',(#18545));
#18545 = SURFACE_STYLE_FILL_AREA(#18546);
#18546 = FILL_AREA_STYLE('',(#18547));
#18547 = FILL_AREA_STYLE_COLOUR('',#16154);
#18548 = STYLED_ITEM('color',(#18549),#4861);
#18549 = PRESENTATION_STYLE_ASSIGNMENT((#18550));
#18550 = SURFACE_STYLE_USAGE(.BOTH.,#18551);
#18551 = SURFACE_SIDE_STYLE('',(#18552));
#18552 = SURFACE_STYLE_FILL_AREA(#18553);
#18553 = FILL_AREA_STYLE('',(#18554));
#18554 = FILL_AREA_STYLE_COLOUR('',#16154);
#18555 = STYLED_ITEM('color',(#18556),#4873);
#18556 = PRESENTATION_STYLE_ASSIGNMENT((#18557));
#18557 = SURFACE_STYLE_USAGE(.BOTH.,#18558);
#18558 = SURFACE_SIDE_STYLE('',(#18559));
#18559 = SURFACE_STYLE_FILL_AREA(#18560);
#18560 = FILL_AREA_STYLE('',(#18561));
#18561 = FILL_AREA_STYLE_COLOUR('',#16154);
#18562 = STYLED_ITEM('color',(#18563),#4890);
#18563 = PRESENTATION_STYLE_ASSIGNMENT((#18564));
#18564 = SURFACE_STYLE_USAGE(.BOTH.,#18565);
#18565 = SURFACE_SIDE_STYLE('',(#18566));
#18566 = SURFACE_STYLE_FILL_AREA(#18567);
#18567 = FILL_AREA_STYLE('',(#18568));
#18568 = FILL_AREA_STYLE_COLOUR('',#16154);
#18569 = STYLED_ITEM('color',(#18570),#4907);
#18570 = PRESENTATION_STYLE_ASSIGNMENT((#18571));
#18571 = SURFACE_STYLE_USAGE(.BOTH.,#18572);
#18572 = SURFACE_SIDE_STYLE('',(#18573));
#18573 = SURFACE_STYLE_FILL_AREA(#18574);
#18574 = FILL_AREA_STYLE('',(#18575));
#18575 = FILL_AREA_STYLE_COLOUR('',#16154);
#18576 = STYLED_ITEM('color',(#18577),#4926);
#18577 = PRESENTATION_STYLE_ASSIGNMENT((#18578));
#18578 = SURFACE_STYLE_USAGE(.BOTH.,#18579);
#18579 = SURFACE_SIDE_STYLE('',(#18580));
#18580 = SURFACE_STYLE_FILL_AREA(#18581);
#18581 = FILL_AREA_STYLE('',(#18582));
#18582 = FILL_AREA_STYLE_COLOUR('',#16154);
#18583 = STYLED_ITEM('color',(#18584),#4943);
#18584 = PRESENTATION_STYLE_ASSIGNMENT((#18585));
#18585 = SURFACE_STYLE_USAGE(.BOTH.,#18586);
#18586 = SURFACE_SIDE_STYLE('',(#18587));
#18587 = SURFACE_STYLE_FILL_AREA(#18588);
#18588 = FILL_AREA_STYLE('',(#18589));
#18589 = FILL_AREA_STYLE_COLOUR('',#16154);
#18590 = STYLED_ITEM('color',(#18591),#5008);
#18591 = PRESENTATION_STYLE_ASSIGNMENT((#18592));
#18592 = SURFACE_STYLE_USAGE(.BOTH.,#18593);
#18593 = SURFACE_SIDE_STYLE('',(#18594));
#18594 = SURFACE_STYLE_FILL_AREA(#18595);
#18595 = FILL_AREA_STYLE('',(#18596));
#18596 = FILL_AREA_STYLE_COLOUR('',#16154);
#18597 = STYLED_ITEM('color',(#18598),#5032);
#18598 = PRESENTATION_STYLE_ASSIGNMENT((#18599));
#18599 = SURFACE_STYLE_USAGE(.BOTH.,#18600);
#18600 = SURFACE_SIDE_STYLE('',(#18601));
#18601 = SURFACE_STYLE_FILL_AREA(#18602);
#18602 = FILL_AREA_STYLE('',(#18603));
#18603 = FILL_AREA_STYLE_COLOUR('',#16154);
#18604 = STYLED_ITEM('color',(#18605),#5090);
#18605 = PRESENTATION_STYLE_ASSIGNMENT((#18606));
#18606 = SURFACE_STYLE_USAGE(.BOTH.,#18607);
#18607 = SURFACE_SIDE_STYLE('',(#18608));
#18608 = SURFACE_STYLE_FILL_AREA(#18609);
#18609 = FILL_AREA_STYLE('',(#18610));
#18610 = FILL_AREA_STYLE_COLOUR('',#16154);
#18611 = STYLED_ITEM('color',(#18612),#5112);
#18612 = PRESENTATION_STYLE_ASSIGNMENT((#18613));
#18613 = SURFACE_STYLE_USAGE(.BOTH.,#18614);
#18614 = SURFACE_SIDE_STYLE('',(#18615));
#18615 = SURFACE_STYLE_FILL_AREA(#18616);
#18616 = FILL_AREA_STYLE('',(#18617));
#18617 = FILL_AREA_STYLE_COLOUR('',#16154);
#18618 = STYLED_ITEM('color',(#18619),#5177);
#18619 = PRESENTATION_STYLE_ASSIGNMENT((#18620));
#18620 = SURFACE_STYLE_USAGE(.BOTH.,#18621);
#18621 = SURFACE_SIDE_STYLE('',(#18622));
#18622 = SURFACE_STYLE_FILL_AREA(#18623);
#18623 = FILL_AREA_STYLE('',(#18624));
#18624 = FILL_AREA_STYLE_COLOUR('',#16154);
#18625 = STYLED_ITEM('color',(#18626),#5201);
#18626 = PRESENTATION_STYLE_ASSIGNMENT((#18627));
#18627 = SURFACE_STYLE_USAGE(.BOTH.,#18628);
#18628 = SURFACE_SIDE_STYLE('',(#18629));
#18629 = SURFACE_STYLE_FILL_AREA(#18630);
#18630 = FILL_AREA_STYLE('',(#18631));
#18631 = FILL_AREA_STYLE_COLOUR('',#16154);
#18632 = STYLED_ITEM('color',(#18633),#5259);
#18633 = PRESENTATION_STYLE_ASSIGNMENT((#18634));
#18634 = SURFACE_STYLE_USAGE(.BOTH.,#18635);
#18635 = SURFACE_SIDE_STYLE('',(#18636));
#18636 = SURFACE_STYLE_FILL_AREA(#18637);
#18637 = FILL_AREA_STYLE('',(#18638));
#18638 = FILL_AREA_STYLE_COLOUR('',#16154);
#18639 = STYLED_ITEM('color',(#18640),#5273);
#18640 = PRESENTATION_STYLE_ASSIGNMENT((#18641));
#18641 = SURFACE_STYLE_USAGE(.BOTH.,#18642);
#18642 = SURFACE_SIDE_STYLE('',(#18643));
#18643 = SURFACE_STYLE_FILL_AREA(#18644);
#18644 = FILL_AREA_STYLE('',(#18645));
#18645 = FILL_AREA_STYLE_COLOUR('',#16154);
#18646 = STYLED_ITEM('color',(#18647),#5290);
#18647 = PRESENTATION_STYLE_ASSIGNMENT((#18648));
#18648 = SURFACE_STYLE_USAGE(.BOTH.,#18649);
#18649 = SURFACE_SIDE_STYLE('',(#18650));
#18650 = SURFACE_STYLE_FILL_AREA(#18651);
#18651 = FILL_AREA_STYLE('',(#18652));
#18652 = FILL_AREA_STYLE_COLOUR('',#16154);
#18653 = STYLED_ITEM('color',(#18654),#5307);
#18654 = PRESENTATION_STYLE_ASSIGNMENT((#18655));
#18655 = SURFACE_STYLE_USAGE(.BOTH.,#18656);
#18656 = SURFACE_SIDE_STYLE('',(#18657));
#18657 = SURFACE_STYLE_FILL_AREA(#18658);
#18658 = FILL_AREA_STYLE('',(#18659));
#18659 = FILL_AREA_STYLE_COLOUR('',#16497);
#18660 = STYLED_ITEM('color',(#18661),#5324);
#18661 = PRESENTATION_STYLE_ASSIGNMENT((#18662));
#18662 = SURFACE_STYLE_USAGE(.BOTH.,#18663);
#18663 = SURFACE_SIDE_STYLE('',(#18664));
#18664 = SURFACE_STYLE_FILL_AREA(#18665);
#18665 = FILL_AREA_STYLE('',(#18666));
#18666 = FILL_AREA_STYLE_COLOUR('',#16497);
#18667 = STYLED_ITEM('color',(#18668),#5353);
#18668 = PRESENTATION_STYLE_ASSIGNMENT((#18669));
#18669 = SURFACE_STYLE_USAGE(.BOTH.,#18670);
#18670 = SURFACE_SIDE_STYLE('',(#18671));
#18671 = SURFACE_STYLE_FILL_AREA(#18672);
#18672 = FILL_AREA_STYLE('',(#18673));
#18673 = FILL_AREA_STYLE_COLOUR('',#16154);
#18674 = STYLED_ITEM('color',(#18675),#5370);
#18675 = PRESENTATION_STYLE_ASSIGNMENT((#18676));
#18676 = SURFACE_STYLE_USAGE(.BOTH.,#18677);
#18677 = SURFACE_SIDE_STYLE('',(#18678));
#18678 = SURFACE_STYLE_FILL_AREA(#18679);
#18679 = FILL_AREA_STYLE('',(#18680));
#18680 = FILL_AREA_STYLE_COLOUR('',#16154);
#18681 = STYLED_ITEM('color',(#18682),#5387);
#18682 = PRESENTATION_STYLE_ASSIGNMENT((#18683));
#18683 = SURFACE_STYLE_USAGE(.BOTH.,#18684);
#18684 = SURFACE_SIDE_STYLE('',(#18685));
#18685 = SURFACE_STYLE_FILL_AREA(#18686);
#18686 = FILL_AREA_STYLE('',(#18687));
#18687 = FILL_AREA_STYLE_COLOUR('',#16154);
#18688 = STYLED_ITEM('color',(#18689),#5399);
#18689 = PRESENTATION_STYLE_ASSIGNMENT((#18690));
#18690 = SURFACE_STYLE_USAGE(.BOTH.,#18691);
#18691 = SURFACE_SIDE_STYLE('',(#18692));
#18692 = SURFACE_STYLE_FILL_AREA(#18693);
#18693 = FILL_AREA_STYLE('',(#18694));
#18694 = FILL_AREA_STYLE_COLOUR('',#16154);
#18695 = STYLED_ITEM('color',(#18696),#5416);
#18696 = PRESENTATION_STYLE_ASSIGNMENT((#18697));
#18697 = SURFACE_STYLE_USAGE(.BOTH.,#18698);
#18698 = SURFACE_SIDE_STYLE('',(#18699));
#18699 = SURFACE_STYLE_FILL_AREA(#18700);
#18700 = FILL_AREA_STYLE('',(#18701));
#18701 = FILL_AREA_STYLE_COLOUR('',#16154);
#18702 = STYLED_ITEM('color',(#18703),#5433);
#18703 = PRESENTATION_STYLE_ASSIGNMENT((#18704));
#18704 = SURFACE_STYLE_USAGE(.BOTH.,#18705);
#18705 = SURFACE_SIDE_STYLE('',(#18706));
#18706 = SURFACE_STYLE_FILL_AREA(#18707);
#18707 = FILL_AREA_STYLE('',(#18708));
#18708 = FILL_AREA_STYLE_COLOUR('',#16154);
#18709 = STYLED_ITEM('color',(#18710),#5445);
#18710 = PRESENTATION_STYLE_ASSIGNMENT((#18711));
#18711 = SURFACE_STYLE_USAGE(.BOTH.,#18712);
#18712 = SURFACE_SIDE_STYLE('',(#18713));
#18713 = SURFACE_STYLE_FILL_AREA(#18714);
#18714 = FILL_AREA_STYLE('',(#18715));
#18715 = FILL_AREA_STYLE_COLOUR('',#16154);
#18716 = STYLED_ITEM('color',(#18717),#5462);
#18717 = PRESENTATION_STYLE_ASSIGNMENT((#18718));
#18718 = SURFACE_STYLE_USAGE(.BOTH.,#18719);
#18719 = SURFACE_SIDE_STYLE('',(#18720));
#18720 = SURFACE_STYLE_FILL_AREA(#18721);
#18721 = FILL_AREA_STYLE('',(#18722));
#18722 = FILL_AREA_STYLE_COLOUR('',#16154);
#18723 = STYLED_ITEM('color',(#18724),#5479);
#18724 = PRESENTATION_STYLE_ASSIGNMENT((#18725));
#18725 = SURFACE_STYLE_USAGE(.BOTH.,#18726);
#18726 = SURFACE_SIDE_STYLE('',(#18727));
#18727 = SURFACE_STYLE_FILL_AREA(#18728);
#18728 = FILL_AREA_STYLE('',(#18729));
#18729 = FILL_AREA_STYLE_COLOUR('',#16154);
#18730 = STYLED_ITEM('color',(#18731),#5496);
#18731 = PRESENTATION_STYLE_ASSIGNMENT((#18732));
#18732 = SURFACE_STYLE_USAGE(.BOTH.,#18733);
#18733 = SURFACE_SIDE_STYLE('',(#18734));
#18734 = SURFACE_STYLE_FILL_AREA(#18735);
#18735 = FILL_AREA_STYLE('',(#18736));
#18736 = FILL_AREA_STYLE_COLOUR('',#16154);
#18737 = STYLED_ITEM('color',(#18738),#5513);
#18738 = PRESENTATION_STYLE_ASSIGNMENT((#18739));
#18739 = SURFACE_STYLE_USAGE(.BOTH.,#18740);
#18740 = SURFACE_SIDE_STYLE('',(#18741));
#18741 = SURFACE_STYLE_FILL_AREA(#18742);
#18742 = FILL_AREA_STYLE('',(#18743));
#18743 = FILL_AREA_STYLE_COLOUR('',#16154);
#18744 = STYLED_ITEM('color',(#18745),#5525);
#18745 = PRESENTATION_STYLE_ASSIGNMENT((#18746));
#18746 = SURFACE_STYLE_USAGE(.BOTH.,#18747);
#18747 = SURFACE_SIDE_STYLE('',(#18748));
#18748 = SURFACE_STYLE_FILL_AREA(#18749);
#18749 = FILL_AREA_STYLE('',(#18750));
#18750 = FILL_AREA_STYLE_COLOUR('',#16154);
#18751 = STYLED_ITEM('color',(#18752),#5542);
#18752 = PRESENTATION_STYLE_ASSIGNMENT((#18753));
#18753 = SURFACE_STYLE_USAGE(.BOTH.,#18754);
#18754 = SURFACE_SIDE_STYLE('',(#18755));
#18755 = SURFACE_STYLE_FILL_AREA(#18756);
#18756 = FILL_AREA_STYLE('',(#18757));
#18757 = FILL_AREA_STYLE_COLOUR('',#16154);
#18758 = STYLED_ITEM('color',(#18759),#5559);
#18759 = PRESENTATION_STYLE_ASSIGNMENT((#18760));
#18760 = SURFACE_STYLE_USAGE(.BOTH.,#18761);
#18761 = SURFACE_SIDE_STYLE('',(#18762));
#18762 = SURFACE_STYLE_FILL_AREA(#18763);
#18763 = FILL_AREA_STYLE('',(#18764));
#18764 = FILL_AREA_STYLE_COLOUR('',#16154);
#18765 = STYLED_ITEM('color',(#18766),#5576);
#18766 = PRESENTATION_STYLE_ASSIGNMENT((#18767));
#18767 = SURFACE_STYLE_USAGE(.BOTH.,#18768);
#18768 = SURFACE_SIDE_STYLE('',(#18769));
#18769 = SURFACE_STYLE_FILL_AREA(#18770);
#18770 = FILL_AREA_STYLE('',(#18771));
#18771 = FILL_AREA_STYLE_COLOUR('',#16154);
#18772 = STYLED_ITEM('color',(#18773),#5593);
#18773 = PRESENTATION_STYLE_ASSIGNMENT((#18774));
#18774 = SURFACE_STYLE_USAGE(.BOTH.,#18775);
#18775 = SURFACE_SIDE_STYLE('',(#18776));
#18776 = SURFACE_STYLE_FILL_AREA(#18777);
#18777 = FILL_AREA_STYLE('',(#18778));
#18778 = FILL_AREA_STYLE_COLOUR('',#16154);
#18779 = STYLED_ITEM('color',(#18780),#5605);
#18780 = PRESENTATION_STYLE_ASSIGNMENT((#18781));
#18781 = SURFACE_STYLE_USAGE(.BOTH.,#18782);
#18782 = SURFACE_SIDE_STYLE('',(#18783));
#18783 = SURFACE_STYLE_FILL_AREA(#18784);
#18784 = FILL_AREA_STYLE('',(#18785));
#18785 = FILL_AREA_STYLE_COLOUR('',#16497);
#18786 = STYLED_ITEM('color',(#18787),#5633);
#18787 = PRESENTATION_STYLE_ASSIGNMENT((#18788));
#18788 = SURFACE_STYLE_USAGE(.BOTH.,#18789);
#18789 = SURFACE_SIDE_STYLE('',(#18790));
#18790 = SURFACE_STYLE_FILL_AREA(#18791);
#18791 = FILL_AREA_STYLE('',(#18792));
#18792 = FILL_AREA_STYLE_COLOUR('',#16497);
#18793 = STYLED_ITEM('color',(#18794),#5644);
#18794 = PRESENTATION_STYLE_ASSIGNMENT((#18795));
#18795 = SURFACE_STYLE_USAGE(.BOTH.,#18796);
#18796 = SURFACE_SIDE_STYLE('',(#18797));
#18797 = SURFACE_STYLE_FILL_AREA(#18798);
#18798 = FILL_AREA_STYLE('',(#18799));
#18799 = FILL_AREA_STYLE_COLOUR('',#16154);
#18800 = STYLED_ITEM('color',(#18801),#5661);
#18801 = PRESENTATION_STYLE_ASSIGNMENT((#18802));
#18802 = SURFACE_STYLE_USAGE(.BOTH.,#18803);
#18803 = SURFACE_SIDE_STYLE('',(#18804));
#18804 = SURFACE_STYLE_FILL_AREA(#18805);
#18805 = FILL_AREA_STYLE('',(#18806));
#18806 = FILL_AREA_STYLE_COLOUR('',#16154);
#18807 = STYLED_ITEM('color',(#18808),#5678);
#18808 = PRESENTATION_STYLE_ASSIGNMENT((#18809));
#18809 = SURFACE_STYLE_USAGE(.BOTH.,#18810);
#18810 = SURFACE_SIDE_STYLE('',(#18811));
#18811 = SURFACE_STYLE_FILL_AREA(#18812);
#18812 = FILL_AREA_STYLE('',(#18813));
#18813 = FILL_AREA_STYLE_COLOUR('',#16154);
#18814 = STYLED_ITEM('color',(#18815),#5690);
#18815 = PRESENTATION_STYLE_ASSIGNMENT((#18816));
#18816 = SURFACE_STYLE_USAGE(.BOTH.,#18817);
#18817 = SURFACE_SIDE_STYLE('',(#18818));
#18818 = SURFACE_STYLE_FILL_AREA(#18819);
#18819 = FILL_AREA_STYLE('',(#18820));
#18820 = FILL_AREA_STYLE_COLOUR('',#16154);
#18821 = STYLED_ITEM('color',(#18822),#5707);
#18822 = PRESENTATION_STYLE_ASSIGNMENT((#18823));
#18823 = SURFACE_STYLE_USAGE(.BOTH.,#18824);
#18824 = SURFACE_SIDE_STYLE('',(#18825));
#18825 = SURFACE_STYLE_FILL_AREA(#18826);
#18826 = FILL_AREA_STYLE('',(#18827));
#18827 = FILL_AREA_STYLE_COLOUR('',#16154);
#18828 = STYLED_ITEM('color',(#18829),#5724);
#18829 = PRESENTATION_STYLE_ASSIGNMENT((#18830));
#18830 = SURFACE_STYLE_USAGE(.BOTH.,#18831);
#18831 = SURFACE_SIDE_STYLE('',(#18832));
#18832 = SURFACE_STYLE_FILL_AREA(#18833);
#18833 = FILL_AREA_STYLE('',(#18834));
#18834 = FILL_AREA_STYLE_COLOUR('',#16154);
#18835 = STYLED_ITEM('color',(#18836),#5736);
#18836 = PRESENTATION_STYLE_ASSIGNMENT((#18837));
#18837 = SURFACE_STYLE_USAGE(.BOTH.,#18838);
#18838 = SURFACE_SIDE_STYLE('',(#18839));
#18839 = SURFACE_STYLE_FILL_AREA(#18840);
#18840 = FILL_AREA_STYLE('',(#18841));
#18841 = FILL_AREA_STYLE_COLOUR('',#16154);
#18842 = STYLED_ITEM('color',(#18843),#5753);
#18843 = PRESENTATION_STYLE_ASSIGNMENT((#18844));
#18844 = SURFACE_STYLE_USAGE(.BOTH.,#18845);
#18845 = SURFACE_SIDE_STYLE('',(#18846));
#18846 = SURFACE_STYLE_FILL_AREA(#18847);
#18847 = FILL_AREA_STYLE('',(#18848));
#18848 = FILL_AREA_STYLE_COLOUR('',#16154);
#18849 = STYLED_ITEM('color',(#18850),#5770);
#18850 = PRESENTATION_STYLE_ASSIGNMENT((#18851));
#18851 = SURFACE_STYLE_USAGE(.BOTH.,#18852);
#18852 = SURFACE_SIDE_STYLE('',(#18853));
#18853 = SURFACE_STYLE_FILL_AREA(#18854);
#18854 = FILL_AREA_STYLE('',(#18855));
#18855 = FILL_AREA_STYLE_COLOUR('',#16154);
#18856 = STYLED_ITEM('color',(#18857),#5787);
#18857 = PRESENTATION_STYLE_ASSIGNMENT((#18858));
#18858 = SURFACE_STYLE_USAGE(.BOTH.,#18859);
#18859 = SURFACE_SIDE_STYLE('',(#18860));
#18860 = SURFACE_STYLE_FILL_AREA(#18861);
#18861 = FILL_AREA_STYLE('',(#18862));
#18862 = FILL_AREA_STYLE_COLOUR('',#16154);
#18863 = STYLED_ITEM('color',(#18864),#5804);
#18864 = PRESENTATION_STYLE_ASSIGNMENT((#18865));
#18865 = SURFACE_STYLE_USAGE(.BOTH.,#18866);
#18866 = SURFACE_SIDE_STYLE('',(#18867));
#18867 = SURFACE_STYLE_FILL_AREA(#18868);
#18868 = FILL_AREA_STYLE('',(#18869));
#18869 = FILL_AREA_STYLE_COLOUR('',#16154);
#18870 = STYLED_ITEM('color',(#18871),#5816);
#18871 = PRESENTATION_STYLE_ASSIGNMENT((#18872));
#18872 = SURFACE_STYLE_USAGE(.BOTH.,#18873);
#18873 = SURFACE_SIDE_STYLE('',(#18874));
#18874 = SURFACE_STYLE_FILL_AREA(#18875);
#18875 = FILL_AREA_STYLE('',(#18876));
#18876 = FILL_AREA_STYLE_COLOUR('',#16154);
#18877 = STYLED_ITEM('color',(#18878),#5833);
#18878 = PRESENTATION_STYLE_ASSIGNMENT((#18879));
#18879 = SURFACE_STYLE_USAGE(.BOTH.,#18880);
#18880 = SURFACE_SIDE_STYLE('',(#18881));
#18881 = SURFACE_STYLE_FILL_AREA(#18882);
#18882 = FILL_AREA_STYLE('',(#18883));
#18883 = FILL_AREA_STYLE_COLOUR('',#16154);
#18884 = STYLED_ITEM('color',(#18885),#5850);
#18885 = PRESENTATION_STYLE_ASSIGNMENT((#18886));
#18886 = SURFACE_STYLE_USAGE(.BOTH.,#18887);
#18887 = SURFACE_SIDE_STYLE('',(#18888));
#18888 = SURFACE_STYLE_FILL_AREA(#18889);
#18889 = FILL_AREA_STYLE('',(#18890));
#18890 = FILL_AREA_STYLE_COLOUR('',#16154);
#18891 = STYLED_ITEM('color',(#18892),#5867);
#18892 = PRESENTATION_STYLE_ASSIGNMENT((#18893));
#18893 = SURFACE_STYLE_USAGE(.BOTH.,#18894);
#18894 = SURFACE_SIDE_STYLE('',(#18895));
#18895 = SURFACE_STYLE_FILL_AREA(#18896);
#18896 = FILL_AREA_STYLE('',(#18897));
#18897 = FILL_AREA_STYLE_COLOUR('',#16154);
#18898 = STYLED_ITEM('color',(#18899),#5884);
#18899 = PRESENTATION_STYLE_ASSIGNMENT((#18900));
#18900 = SURFACE_STYLE_USAGE(.BOTH.,#18901);
#18901 = SURFACE_SIDE_STYLE('',(#18902));
#18902 = SURFACE_STYLE_FILL_AREA(#18903);
#18903 = FILL_AREA_STYLE('',(#18904));
#18904 = FILL_AREA_STYLE_COLOUR('',#16154);
ENDSEC;
END-ISO-10303-21;
